Initialized native services in: /home/codenia/.gradle/native
Initialized jansi services in: /home/codenia/.gradle/native
Found daemon DaemonInfo{pid=5914, address=[0d74b22a-2f01-4dd0-abce-5a85ed7dc615 port:40729, addresses:[/127.0.0.1]], state=Idle, lastBusy=1775821620570, context=DefaultDaemonContext[uid=22149030-e49f-4462-a65a-8d1fcee83955,javaHome=/home/codenia/Documents/android-studio-2025.2.2.7-linux/android-studio/jbr,javaVersion=21,javaVendor=JetBrains s.r.o.,daemonRegistryDir=/home/codenia/.gradle/daemon,pid=5914,idleTimeout=10800000,priority=NORMAL,applyInstrumentationAgent=true,nativeServicesMode=ENABLED,daemonOpts=-XX:+UseG1GC,-XX:+UseStringDeduplication,-XX:MaxMetaspaceSize=1024m,-XX:+HeapDumpOnOutOfMemoryError,-Xms1g,-Xmx6g,-Dfile.encoding=UTF-8,-Duser.country=IN,-Duser.language=en,-Duser.variant]} however its context does not match the desired criteria.
JVM is incompatible.
Wanted: DaemonRequestContext{jvmCriteria=/usr/lib/jvm/java-21-openjdk-amd64 (from org.gradle.java.home), daemonOpts=[-XX:+UseG1GC, -XX:+UseStringDeduplication, -XX:MaxMetaspaceSize=1024m, -XX:+HeapDumpOnOutOfMemoryError, -Xms1g, -Xmx6g, -Dfile.encoding=UTF-8, -Duser.country=IN, -Duser.language=en, -Duser.variant], applyInstrumentationAgent=true, nativeServicesMode=ENABLED, priority=NORMAL}
Actual: DefaultDaemonContext[uid=22149030-e49f-4462-a65a-8d1fcee83955,javaHome=/home/codenia/Documents/android-studio-2025.2.2.7-linux/android-studio/jbr,javaVersion=21,javaVendor=JetBrains s.r.o.,daemonRegistryDir=/home/codenia/.gradle/daemon,pid=5914,idleTimeout=10800000,priority=NORMAL,applyInstrumentationAgent=true,nativeServicesMode=ENABLED,daemonOpts=-XX:+UseG1GC,-XX:+UseStringDeduplication,-XX:MaxMetaspaceSize=1024m,-XX:+HeapDumpOnOutOfMemoryError,-Xms1g,-Xmx6g,-Dfile.encoding=UTF-8,-Duser.country=IN,-Duser.language=en,-Duser.variant]

  Looking for a different daemon...
Found daemon DaemonInfo{pid=8906, address=[49b43c1e-79cb-4ccd-9f5d-eaf02abc2a74 port:42465, addresses:[/127.0.0.1]], state=Idle, lastBusy=1775821764894, context=DefaultDaemonContext[uid=d7b91108-3261-4a02-9912-615b0a44a4de,javaHome=/usr/lib/jvm/java-17-openjdk-amd64,javaVersion=17,javaVendor=Ubuntu,daemonRegistryDir=/home/codenia/.gradle/daemon,pid=8906,idleTimeout=10800000,priority=NORMAL,applyInstrumentationAgent=true,nativeServicesMode=ENABLED,daemonOpts=-XX:+UseG1GC,-XX:+UseStringDeduplication,-XX:MaxMetaspaceSize=1024m,-XX:+HeapDumpOnOutOfMemoryError,-Xms1g,-Xmx6g,-Dfile.encoding=UTF-8,-Duser.country=IN,-Duser.language=en,-Duser.variant]} however its context does not match the desired criteria.
JVM is incompatible.
Wanted: DaemonRequestContext{jvmCriteria=/usr/lib/jvm/java-21-openjdk-amd64 (from org.gradle.java.home), daemonOpts=[-XX:+UseG1GC, -XX:+UseStringDeduplication, -XX:MaxMetaspaceSize=1024m, -XX:+HeapDumpOnOutOfMemoryError, -Xms1g, -Xmx6g, -Dfile.encoding=UTF-8, -Duser.country=IN, -Duser.language=en, -Duser.variant], applyInstrumentationAgent=true, nativeServicesMode=ENABLED, priority=NORMAL}
Actual: DefaultDaemonContext[uid=d7b91108-3261-4a02-9912-615b0a44a4de,javaHome=/usr/lib/jvm/java-17-openjdk-amd64,javaVersion=17,javaVendor=Ubuntu,daemonRegistryDir=/home/codenia/.gradle/daemon,pid=8906,idleTimeout=10800000,priority=NORMAL,applyInstrumentationAgent=true,nativeServicesMode=ENABLED,daemonOpts=-XX:+UseG1GC,-XX:+UseStringDeduplication,-XX:MaxMetaspaceSize=1024m,-XX:+HeapDumpOnOutOfMemoryError,-Xms1g,-Xmx6g,-Dfile.encoding=UTF-8,-Duser.country=IN,-Duser.language=en,-Duser.variant]

  Looking for a different daemon...
The client will now receive all logging from the daemon (pid: 9481). The daemon log file: /home/codenia/.gradle/daemon/8.14.3/daemon-9481.out.log
Starting 4th build in daemon [uptime: 9 mins 37.888 secs, performance: 100%, GC rate: 0.00/s, heap usage: 0% of 6 GiB, non-heap usage: 13% of 1 GiB]
Using 12 worker leases.
Configuration on demand is an incubating feature.
Now considering [/home/codenia/Videos/OZ-Chat_Prod_23_Mar_bgNoti_working/OZ-Chat_Prod/20251125_OZ-Chat_Android_App/OZ-Chat_Android_Dev] as hierarchies to watch
Watching the file system is configured to be enabled
File system watching is active
Starting Build
Settings evaluated using settings file '/home/codenia/Videos/OZ-Chat_Prod_23_Mar_bgNoti_working/OZ-Chat_Prod/20251125_OZ-Chat_Android_App/OZ-Chat_Android_Dev/settings.gradle'.
Using local directory build cache for the root build (location = /home/codenia/.gradle/caches/build-cache-1, remove unused entries = after 7 days).
Projects loaded. Root project using build file '/home/codenia/Videos/OZ-Chat_Prod_23_Mar_bgNoti_working/OZ-Chat_Prod/20251125_OZ-Chat_Android_App/OZ-Chat_Android_Dev/build.gradle'.
Included projects: [root project 'OZ-Chat_Android_Dev', project ':library', project ':matrix-sdk-android', project ':matrix-sdk-android-flow', project ':vector', project ':vector-app', project ':vector-config', project ':library:attachment-viewer', project ':library:core-utils', project ':library:external', project ':library:multipicker', project ':library:rustCrypto', project ':library:ui-strings', project ':library:ui-styles', project ':library:external:autocomplete', project ':library:external:barcodescanner', project ':library:external:dialpad', project ':library:external:diff-match-patch', project ':library:external:jsonviewer', project ':library:external:realmfieldnameshelper', project ':library:external:span', project ':library:external:textdrawable', project ':library:external:barcodescanner:core', project ':library:external:barcodescanner:zxing']
Task path ':vector:kaptGplayModernDebugKotlin' matched project ':vector'

> Configure project :
Evaluating root project 'OZ-Chat_Android_Dev' using build file '/home/codenia/Videos/OZ-Chat_Prod_23_Mar_bgNoti_working/OZ-Chat_Prod/20251125_OZ-Chat_Android_App/OZ-Chat_Android_Dev/build.gradle'.
Resolved plugin [id: 'org.jlleitschuh.gradle.ktlint', version: '11.3.2']
Resolved plugin [id: 'io.gitlab.arturbosch.detekt', version: '1.23.7']
Resolved plugin [id: 'com.google.devtools.ksp', version: '2.1.21-2.0.2']
Resolved plugin [id: 'com.autonomousapps.dependency-analysis', version: '1.20.0']
Resolved plugin [id: 'com.osacky.doctor', version: '0.8.1']
Resolved plugin [id: 'org.jetbrains.kotlin.android', version: '2.1.21', apply: false]
Resolved plugin [id: 'org.jetbrains.kotlin.plugin.compose', version: '2.1.21', apply: false]
The Dependency Analysis plugin is only known to work with versions of AGP between 4.2.2 and 7.4.2. You are using 8.13.0. Proceed at your own risk.
Is CI build: false

> Configure project :vector
Evaluating project ':vector' using build file '/home/codenia/Videos/OZ-Chat_Prod_23_Mar_bgNoti_working/OZ-Chat_Prod/20251125_OZ-Chat_Android_App/OZ-Chat_Android_Dev/vector/build.gradle'.
WARNING: The option 'android.bundle.enableUncompressedNativeLibs' is deprecated.
The current default is 'true'.
It was removed in version 8.1 of the Android Gradle plugin.
WARNING: The option setting 'android.jetifier.ignorelist=common-31.3.2' is experimental.
WARNING: The option setting 'android.experimental.lint.version=9.0.0-alpha09' is experimental.
Using default execution profile
Build 53baf8bb-2628-432a-8d53-c2b9bcc02632 is started
Using Kotlin Gradle Plugin gradle85 variant
Adding -Xuse-inline-scopes-numbers Kotlin compiler flag for task :vector:compileFdroidLegacyDebugAndroidTestKotlin
Adding -Xuse-inline-scopes-numbers Kotlin compiler flag for task :vector:compileFdroidModernDebugAndroidTestKotlin
Adding -Xuse-inline-scopes-numbers Kotlin compiler flag for task :vector:compileGplayLegacyDebugAndroidTestKotlin
Adding -Xuse-inline-scopes-numbers Kotlin compiler flag for task :vector:compileGplayModernDebugAndroidTestKotlin
Detected Android Gradle Plugin compose compiler configuration
Detected Android Gradle Plugin compose compiler configuration
Detected Android Gradle Plugin compose compiler configuration
Detected Android Gradle Plugin compose compiler configuration
Detected Android Gradle Plugin compose compiler configuration
Detected Android Gradle Plugin compose compiler configuration
Detected Android Gradle Plugin compose compiler configuration
Detected Android Gradle Plugin compose compiler configuration
Detected Android Gradle Plugin compose compiler configuration
Detected Android Gradle Plugin compose compiler configuration
Detected Android Gradle Plugin compose compiler configuration
Detected Android Gradle Plugin compose compiler configuration
Detected Android Gradle Plugin compose compiler configuration
Detected Android Gradle Plugin compose compiler configuration
Detected Android Gradle Plugin compose compiler configuration
Detected Android Gradle Plugin compose compiler configuration
Detected Android Gradle Plugin compose compiler configuration
Detected Android Gradle Plugin compose compiler configuration
Detected Android Gradle Plugin compose compiler configuration
Detected Android Gradle Plugin compose compiler configuration
Add dependency: ktlint version 0.45.1
Task name matched 'kaptGplayModernDebugKotlin'
Selected primary task 'kaptGplayModernDebugKotlin' from project :vector

> Configure project :matrix-sdk-android
Evaluating project ':matrix-sdk-android' using build file '/home/codenia/Videos/OZ-Chat_Prod_23_Mar_bgNoti_working/OZ-Chat_Prod/20251125_OZ-Chat_Android_App/OZ-Chat_Android_Dev/matrix-sdk-android/build.gradle'.
Using default execution profile
Using Kotlin Gradle Plugin gradle85 variant
Adding -Xuse-inline-scopes-numbers Kotlin compiler flag for task :matrix-sdk-android:compileDebugAndroidTestKotlin

> Configure project :vector-config
Evaluating project ':vector-config' using build file '/home/codenia/Videos/OZ-Chat_Prod_23_Mar_bgNoti_working/OZ-Chat_Prod/20251125_OZ-Chat_Android_App/OZ-Chat_Android_Dev/vector-config/build.gradle'.
Resolved plugin [id: 'com.android.library']
Resolved plugin [id: 'kotlin-android']
Using default execution profile
Using Kotlin Gradle Plugin gradle85 variant
Adding -Xuse-inline-scopes-numbers Kotlin compiler flag for task :vector-config:compileDebugAndroidTestKotlin

> Configure project :matrix-sdk-android-flow
Evaluating project ':matrix-sdk-android-flow' using build file '/home/codenia/Videos/OZ-Chat_Prod_23_Mar_bgNoti_working/OZ-Chat_Prod/20251125_OZ-Chat_Android_App/OZ-Chat_Android_Dev/matrix-sdk-android-flow/build.gradle'.
Resolved plugin [id: 'com.android.library']
Resolved plugin [id: 'org.jetbrains.kotlin.android']
Using default execution profile
Using Kotlin Gradle Plugin gradle85 variant
Adding -Xuse-inline-scopes-numbers Kotlin compiler flag for task :matrix-sdk-android-flow:compileDebugAndroidTestKotlin

> Configure project :library
Evaluating project ':library' using build file '/home/codenia/Videos/OZ-Chat_Prod_23_Mar_bgNoti_working/OZ-Chat_Prod/20251125_OZ-Chat_Android_App/OZ-Chat_Android_Dev/library/build.gradle'.

> Configure project :library:external
Evaluating project ':library:external' using build file '/home/codenia/Videos/OZ-Chat_Prod_23_Mar_bgNoti_working/OZ-Chat_Prod/20251125_OZ-Chat_Android_App/OZ-Chat_Android_Dev/library/external/build.gradle'.

> Configure project :library:external:jsonviewer
Evaluating project ':library:external:jsonviewer' using build file '/home/codenia/Videos/OZ-Chat_Prod_23_Mar_bgNoti_working/OZ-Chat_Prod/20251125_OZ-Chat_Android_App/OZ-Chat_Android_Dev/library/external/jsonviewer/build.gradle'.
Using default execution profile
Using Kotlin Gradle Plugin gradle85 variant
Adding -Xuse-inline-scopes-numbers Kotlin compiler flag for task :library:external:jsonviewer:compileDebugAndroidTestKotlin

> Configure project :library:external:diff-match-patch
Evaluating project ':library:external:diff-match-patch' using build file '/home/codenia/Videos/OZ-Chat_Prod_23_Mar_bgNoti_working/OZ-Chat_Prod/20251125_OZ-Chat_Android_App/OZ-Chat_Android_Dev/library/external/diff-match-patch/build.gradle'.

> Configure project :library:external:textdrawable
Evaluating project ':library:external:textdrawable' using build file '/home/codenia/Videos/OZ-Chat_Prod_23_Mar_bgNoti_working/OZ-Chat_Prod/20251125_OZ-Chat_Android_App/OZ-Chat_Android_Dev/library/external/textdrawable/build.gradle'.
Using default execution profile
file or directory '/home/codenia/Videos/OZ-Chat_Prod_23_Mar_bgNoti_working/OZ-Chat_Prod/20251125_OZ-Chat_Android_App/OZ-Chat_Android_Dev/library/external/textdrawable/src/main/res', not found
file or directory '/home/codenia/Videos/OZ-Chat_Prod_23_Mar_bgNoti_working/OZ-Chat_Prod/20251125_OZ-Chat_Android_App/OZ-Chat_Android_Dev/library/external/textdrawable/src/debug/res', not found
file or directory '/home/codenia/Videos/OZ-Chat_Prod_23_Mar_bgNoti_working/OZ-Chat_Prod/20251125_OZ-Chat_Android_App/OZ-Chat_Android_Dev/library/external/textdrawable/src/main/res', not found
file or directory '/home/codenia/Videos/OZ-Chat_Prod_23_Mar_bgNoti_working/OZ-Chat_Prod/20251125_OZ-Chat_Android_App/OZ-Chat_Android_Dev/library/external/textdrawable/src/debug/res', not found
file or directory '/home/codenia/Videos/OZ-Chat_Prod_23_Mar_bgNoti_working/OZ-Chat_Prod/20251125_OZ-Chat_Android_App/OZ-Chat_Android_Dev/library/external/textdrawable/src/main/res', not found
file or directory '/home/codenia/Videos/OZ-Chat_Prod_23_Mar_bgNoti_working/OZ-Chat_Prod/20251125_OZ-Chat_Android_App/OZ-Chat_Android_Dev/library/external/textdrawable/src/debug/res', not found
file or directory '/home/codenia/Videos/OZ-Chat_Prod_23_Mar_bgNoti_working/OZ-Chat_Prod/20251125_OZ-Chat_Android_App/OZ-Chat_Android_Dev/library/external/textdrawable/src/main/res', not found
file or directory '/home/codenia/Videos/OZ-Chat_Prod_23_Mar_bgNoti_working/OZ-Chat_Prod/20251125_OZ-Chat_Android_App/OZ-Chat_Android_Dev/library/external/textdrawable/src/release/res', not found
file or directory '/home/codenia/Videos/OZ-Chat_Prod_23_Mar_bgNoti_working/OZ-Chat_Prod/20251125_OZ-Chat_Android_App/OZ-Chat_Android_Dev/library/external/textdrawable/src/main/res', not found
file or directory '/home/codenia/Videos/OZ-Chat_Prod_23_Mar_bgNoti_working/OZ-Chat_Prod/20251125_OZ-Chat_Android_App/OZ-Chat_Android_Dev/library/external/textdrawable/src/release/res', not found

> Configure project :library:external:autocomplete
Evaluating project ':library:external:autocomplete' using build file '/home/codenia/Videos/OZ-Chat_Prod_23_Mar_bgNoti_working/OZ-Chat_Prod/20251125_OZ-Chat_Android_App/OZ-Chat_Android_Dev/library/external/autocomplete/build.gradle'.
Using default execution profile
Using Kotlin Gradle Plugin gradle85 variant
Adding -Xuse-inline-scopes-numbers Kotlin compiler flag for task :library:external:autocomplete:compileDebugAndroidTestKotlin
file or directory '/home/codenia/Videos/OZ-Chat_Prod_23_Mar_bgNoti_working/OZ-Chat_Prod/20251125_OZ-Chat_Android_App/OZ-Chat_Android_Dev/library/external/autocomplete/src/main/res', not found
file or directory '/home/codenia/Videos/OZ-Chat_Prod_23_Mar_bgNoti_working/OZ-Chat_Prod/20251125_OZ-Chat_Android_App/OZ-Chat_Android_Dev/library/external/autocomplete/src/debug/res', not found
file or directory '/home/codenia/Videos/OZ-Chat_Prod_23_Mar_bgNoti_working/OZ-Chat_Prod/20251125_OZ-Chat_Android_App/OZ-Chat_Android_Dev/library/external/autocomplete/src/main/res', not found
file or directory '/home/codenia/Videos/OZ-Chat_Prod_23_Mar_bgNoti_working/OZ-Chat_Prod/20251125_OZ-Chat_Android_App/OZ-Chat_Android_Dev/library/external/autocomplete/src/debug/res', not found
file or directory '/home/codenia/Videos/OZ-Chat_Prod_23_Mar_bgNoti_working/OZ-Chat_Prod/20251125_OZ-Chat_Android_App/OZ-Chat_Android_Dev/library/external/autocomplete/src/main/res', not found
file or directory '/home/codenia/Videos/OZ-Chat_Prod_23_Mar_bgNoti_working/OZ-Chat_Prod/20251125_OZ-Chat_Android_App/OZ-Chat_Android_Dev/library/external/autocomplete/src/debug/res', not found
file or directory '/home/codenia/Videos/OZ-Chat_Prod_23_Mar_bgNoti_working/OZ-Chat_Prod/20251125_OZ-Chat_Android_App/OZ-Chat_Android_Dev/library/external/autocomplete/src/main/res', not found
file or directory '/home/codenia/Videos/OZ-Chat_Prod_23_Mar_bgNoti_working/OZ-Chat_Prod/20251125_OZ-Chat_Android_App/OZ-Chat_Android_Dev/library/external/autocomplete/src/release/res', not found
file or directory '/home/codenia/Videos/OZ-Chat_Prod_23_Mar_bgNoti_working/OZ-Chat_Prod/20251125_OZ-Chat_Android_App/OZ-Chat_Android_Dev/library/external/autocomplete/src/main/res', not found
file or directory '/home/codenia/Videos/OZ-Chat_Prod_23_Mar_bgNoti_working/OZ-Chat_Prod/20251125_OZ-Chat_Android_App/OZ-Chat_Android_Dev/library/external/autocomplete/src/release/res', not found

> Configure project :library:ui-strings
Evaluating project ':library:ui-strings' using build file '/home/codenia/Videos/OZ-Chat_Prod_23_Mar_bgNoti_working/OZ-Chat_Prod/20251125_OZ-Chat_Android_App/OZ-Chat_Android_Dev/library/ui-strings/build.gradle'.
Resolved plugin [id: 'com.android.library']
Resolved plugin [id: 'kotlin-android']
Resolved plugin [id: 'com.likethesalad.stem-library']
Using default execution profile
Using Kotlin Gradle Plugin gradle85 variant
Adding -Xuse-inline-scopes-numbers Kotlin compiler flag for task :library:ui-strings:compileDebugAndroidTestKotlin

> Configure project :library:ui-styles
Evaluating project ':library:ui-styles' using build file '/home/codenia/Videos/OZ-Chat_Prod_23_Mar_bgNoti_working/OZ-Chat_Prod/20251125_OZ-Chat_Android_App/OZ-Chat_Android_Dev/library/ui-styles/build.gradle'.
Resolved plugin [id: 'com.android.library']
Resolved plugin [id: 'kotlin-android']
Using default execution profile
Using Kotlin Gradle Plugin gradle85 variant
Adding -Xuse-inline-scopes-numbers Kotlin compiler flag for task :library:ui-styles:compileDebugAndroidTestKotlin

> Configure project :library:core-utils
Evaluating project ':library:core-utils' using build file '/home/codenia/Videos/OZ-Chat_Prod_23_Mar_bgNoti_working/OZ-Chat_Prod/20251125_OZ-Chat_Android_App/OZ-Chat_Android_Dev/library/core-utils/build.gradle'.
Resolved plugin [id: 'com.android.library']
Resolved plugin [id: 'kotlin-android']
Using default execution profile
Using Kotlin Gradle Plugin gradle85 variant
Adding -Xuse-inline-scopes-numbers Kotlin compiler flag for task :library:core-utils:compileDebugAndroidTestKotlin

> Configure project :library:attachment-viewer
Evaluating project ':library:attachment-viewer' using build file '/home/codenia/Videos/OZ-Chat_Prod_23_Mar_bgNoti_working/OZ-Chat_Prod/20251125_OZ-Chat_Android_App/OZ-Chat_Android_Dev/library/attachment-viewer/build.gradle'.
Using default execution profile
Using Kotlin Gradle Plugin gradle85 variant
Adding -Xuse-inline-scopes-numbers Kotlin compiler flag for task :library:attachment-viewer:compileDebugAndroidTestKotlin

> Configure project :library:multipicker
Evaluating project ':library:multipicker' using build file '/home/codenia/Videos/OZ-Chat_Prod_23_Mar_bgNoti_working/OZ-Chat_Prod/20251125_OZ-Chat_Android_App/OZ-Chat_Android_Dev/library/multipicker/build.gradle'.
Using default execution profile
Using Kotlin Gradle Plugin gradle85 variant
Adding -Xuse-inline-scopes-numbers Kotlin compiler flag for task :library:multipicker:compileDebugAndroidTestKotlin

> Configure project :library:external:span
Evaluating project ':library:external:span' using build file '/home/codenia/Videos/OZ-Chat_Prod_23_Mar_bgNoti_working/OZ-Chat_Prod/20251125_OZ-Chat_Android_App/OZ-Chat_Android_Dev/library/external/span/build.gradle'.
Using default execution profile
Using Kotlin Gradle Plugin gradle85 variant
Adding -Xuse-inline-scopes-numbers Kotlin compiler flag for task :library:external:span:compileDebugAndroidTestKotlin

> Configure project :library:external:barcodescanner
Evaluating project ':library:external:barcodescanner' using build file '/home/codenia/Videos/OZ-Chat_Prod_23_Mar_bgNoti_working/OZ-Chat_Prod/20251125_OZ-Chat_Android_App/OZ-Chat_Android_Dev/library/external/barcodescanner/build.gradle'.

> Configure project :library:external:barcodescanner:zxing
Evaluating project ':library:external:barcodescanner:zxing' using build file '/home/codenia/Videos/OZ-Chat_Prod_23_Mar_bgNoti_working/OZ-Chat_Prod/20251125_OZ-Chat_Android_App/OZ-Chat_Android_Dev/library/external/barcodescanner/zxing/build.gradle'.
Using default execution profile
file or directory '/home/codenia/Videos/OZ-Chat_Prod_23_Mar_bgNoti_working/OZ-Chat_Prod/20251125_OZ-Chat_Android_App/OZ-Chat_Android_Dev/library/external/barcodescanner/zxing/src/main/res', not found
file or directory '/home/codenia/Videos/OZ-Chat_Prod_23_Mar_bgNoti_working/OZ-Chat_Prod/20251125_OZ-Chat_Android_App/OZ-Chat_Android_Dev/library/external/barcodescanner/zxing/src/debug/res', not found
file or directory '/home/codenia/Videos/OZ-Chat_Prod_23_Mar_bgNoti_working/OZ-Chat_Prod/20251125_OZ-Chat_Android_App/OZ-Chat_Android_Dev/library/external/barcodescanner/zxing/src/main/res', not found
file or directory '/home/codenia/Videos/OZ-Chat_Prod_23_Mar_bgNoti_working/OZ-Chat_Prod/20251125_OZ-Chat_Android_App/OZ-Chat_Android_Dev/library/external/barcodescanner/zxing/src/debug/res', not found
file or directory '/home/codenia/Videos/OZ-Chat_Prod_23_Mar_bgNoti_working/OZ-Chat_Prod/20251125_OZ-Chat_Android_App/OZ-Chat_Android_Dev/library/external/barcodescanner/zxing/src/main/res', not found
file or directory '/home/codenia/Videos/OZ-Chat_Prod_23_Mar_bgNoti_working/OZ-Chat_Prod/20251125_OZ-Chat_Android_App/OZ-Chat_Android_Dev/library/external/barcodescanner/zxing/src/debug/res', not found
file or directory '/home/codenia/Videos/OZ-Chat_Prod_23_Mar_bgNoti_working/OZ-Chat_Prod/20251125_OZ-Chat_Android_App/OZ-Chat_Android_Dev/library/external/barcodescanner/zxing/src/main/res', not found
file or directory '/home/codenia/Videos/OZ-Chat_Prod_23_Mar_bgNoti_working/OZ-Chat_Prod/20251125_OZ-Chat_Android_App/OZ-Chat_Android_Dev/library/external/barcodescanner/zxing/src/release/res', not found
file or directory '/home/codenia/Videos/OZ-Chat_Prod_23_Mar_bgNoti_working/OZ-Chat_Prod/20251125_OZ-Chat_Android_App/OZ-Chat_Android_Dev/library/external/barcodescanner/zxing/src/main/res', not found
file or directory '/home/codenia/Videos/OZ-Chat_Prod_23_Mar_bgNoti_working/OZ-Chat_Prod/20251125_OZ-Chat_Android_App/OZ-Chat_Android_Dev/library/external/barcodescanner/zxing/src/release/res', not found

> Configure project :library:external:dialpad
Evaluating project ':library:external:dialpad' using build file '/home/codenia/Videos/OZ-Chat_Prod_23_Mar_bgNoti_working/OZ-Chat_Prod/20251125_OZ-Chat_Android_App/OZ-Chat_Android_Dev/library/external/dialpad/build.gradle'.
Using default execution profile
Using Kotlin Gradle Plugin gradle85 variant
Adding -Xuse-inline-scopes-numbers Kotlin compiler flag for task :library:external:dialpad:compileDebugAndroidTestKotlin
file or directory '/home/codenia/Videos/OZ-Chat_Prod_23_Mar_bgNoti_working/OZ-Chat_Prod/20251125_OZ-Chat_Android_App/OZ-Chat_Android_Dev/library/external/dialpad/src/debug/res', not found
file or directory '/home/codenia/Videos/OZ-Chat_Prod_23_Mar_bgNoti_working/OZ-Chat_Prod/20251125_OZ-Chat_Android_App/OZ-Chat_Android_Dev/library/external/dialpad/src/debug/res', not found
file or directory '/home/codenia/Videos/OZ-Chat_Prod_23_Mar_bgNoti_working/OZ-Chat_Prod/20251125_OZ-Chat_Android_App/OZ-Chat_Android_Dev/library/external/dialpad/src/debug/res', not found
file or directory '/home/codenia/Videos/OZ-Chat_Prod_23_Mar_bgNoti_working/OZ-Chat_Prod/20251125_OZ-Chat_Android_App/OZ-Chat_Android_Dev/library/external/dialpad/src/release/res', not found
file or directory '/home/codenia/Videos/OZ-Chat_Prod_23_Mar_bgNoti_working/OZ-Chat_Prod/20251125_OZ-Chat_Android_App/OZ-Chat_Android_Dev/library/external/dialpad/src/release/res', not found

> Configure project :library:rustCrypto
Evaluating project ':library:rustCrypto' using build file '/home/codenia/Videos/OZ-Chat_Prod_23_Mar_bgNoti_working/OZ-Chat_Prod/20251125_OZ-Chat_Android_App/OZ-Chat_Android_Dev/library/rustCrypto/build.gradle'.

> Configure project :library:external:barcodescanner:core
Evaluating project ':library:external:barcodescanner:core' using build file '/home/codenia/Videos/OZ-Chat_Prod_23_Mar_bgNoti_working/OZ-Chat_Prod/20251125_OZ-Chat_Android_App/OZ-Chat_Android_Dev/library/external/barcodescanner/core/build.gradle'.
Using default execution profile
file or directory '/home/codenia/Videos/OZ-Chat_Prod_23_Mar_bgNoti_working/OZ-Chat_Prod/20251125_OZ-Chat_Android_App/OZ-Chat_Android_Dev/library/external/barcodescanner/core/src/debug/res', not found
file or directory '/home/codenia/Videos/OZ-Chat_Prod_23_Mar_bgNoti_working/OZ-Chat_Prod/20251125_OZ-Chat_Android_App/OZ-Chat_Android_Dev/library/external/barcodescanner/core/src/debug/res', not found
file or directory '/home/codenia/Videos/OZ-Chat_Prod_23_Mar_bgNoti_working/OZ-Chat_Prod/20251125_OZ-Chat_Android_App/OZ-Chat_Android_Dev/library/external/barcodescanner/core/src/debug/res', not found
file or directory '/home/codenia/Videos/OZ-Chat_Prod_23_Mar_bgNoti_working/OZ-Chat_Prod/20251125_OZ-Chat_Android_App/OZ-Chat_Android_Dev/library/external/barcodescanner/core/src/release/res', not found
file or directory '/home/codenia/Videos/OZ-Chat_Prod_23_Mar_bgNoti_working/OZ-Chat_Prod/20251125_OZ-Chat_Android_App/OZ-Chat_Android_Dev/library/external/barcodescanner/core/src/release/res', not found

> Configure project :library:external:realmfieldnameshelper
Evaluating project ':library:external:realmfieldnameshelper' using build file '/home/codenia/Videos/OZ-Chat_Prod_23_Mar_bgNoti_working/OZ-Chat_Prod/20251125_OZ-Chat_Android_App/OZ-Chat_Android_Dev/library/external/realmfieldnameshelper/build.gradle'.
Using Kotlin Gradle Plugin gradle85 variant
kotlin scripting plugin: created the scripting discovery configuration: kotlinScriptDef
kotlin scripting plugin: created the scripting discovery configuration: testKotlinScriptDef
All projects evaluated.
Tasks to be executed: [task ':library:external:diff-match-patch:compileJava', task ':library:external:diff-match-patch:processResources', task ':library:external:diff-match-patch:classes', task ':library:external:diff-match-patch:jar', task ':matrix-sdk-android:checkKotlinGradlePluginConfigurationErrors', task ':matrix-sdk-android:preBuild', task ':matrix-sdk-android:preDebugBuild', task ':matrix-sdk-android:generateDebugBuildConfig', task ':matrix-sdk-android:generateDebugResValues', task ':matrix-sdk-android:generateDebugResources', task ':matrix-sdk-android:packageDebugResources', task ':matrix-sdk-android:processDebugNavigationResources', task ':matrix-sdk-android:parseDebugLocalResources', task ':matrix-sdk-android:generateDebugRFile', task ':library:external:realmfieldnameshelper:checkKotlinGradlePluginConfigurationErrors', task ':library:external:realmfieldnameshelper:compileKotlin', task ':library:external:realmfieldnameshelper:compileJava', task ':library:external:realmfieldnameshelper:processResources', task ':library:external:realmfieldnameshelper:classes', task ':library:external:realmfieldnameshelper:jar', task ':matrix-sdk-android:kspDebugKotlin', task ':matrix-sdk-android:kaptGenerateStubsDebugKotlin', task ':matrix-sdk-android:kaptDebugKotlin', task ':matrix-sdk-android:compileDebugKotlin', task ':matrix-sdk-android:javaPreCompileDebug', task ':matrix-sdk-android:compileDebugJavaWithJavac', task ':matrix-sdk-android:debugRealmAccessorsTransformer', task ':matrix-sdk-android:bundleLibCompileToJarDebug', task ':matrix-sdk-android-flow:checkKotlinGradlePluginConfigurationErrors', task ':matrix-sdk-android-flow:preBuild', task ':matrix-sdk-android-flow:preDebugBuild', task ':matrix-sdk-android-flow:generateDebugResValues', task ':matrix-sdk-android-flow:generateDebugResources', task ':matrix-sdk-android-flow:packageDebugResources', task ':matrix-sdk-android-flow:processDebugNavigationResources', task ':matrix-sdk-android-flow:parseDebugLocalResources', task ':matrix-sdk-android-flow:generateDebugRFile', task ':matrix-sdk-android-flow:compileDebugKotlin', task ':matrix-sdk-android-flow:javaPreCompileDebug', task ':matrix-sdk-android-flow:compileDebugJavaWithJavac', task ':matrix-sdk-android-flow:bundleLibCompileToJarDebug', task ':vector:checkKotlinGradlePluginConfigurationErrors', task ':vector:preBuild', task ':vector:preGplayModernDebugBuild', task ':vector:dataBindingMergeDependencyArtifactsGplayModernDebug', task ':vector:generateGplayModernDebugResValues', task ':vector:generateGplayModernDebugResources', task ':vector:packageGplayModernDebugResources', task ':vector:processGplayModernDebugNavigationResources', task ':vector:parseGplayModernDebugLocalResources', task ':vector-config:preBuild', task ':vector-config:preDebugBuild', task ':vector-config:generateDebugResValues', task ':vector-config:generateDebugResources', task ':vector-config:packageDebugResources', task ':vector-config:processDebugNavigationResources', task ':vector-config:parseDebugLocalResources', task ':vector-config:generateDebugRFile', task ':library:attachment-viewer:preBuild', task ':library:attachment-viewer:preDebugBuild', task ':library:attachment-viewer:dataBindingMergeDependencyArtifactsDebug', task ':library:attachment-viewer:generateDebugResValues', task ':library:attachment-viewer:generateDebugResources', task ':library:attachment-viewer:packageDebugResources', task ':library:attachment-viewer:processDebugNavigationResources', task ':library:attachment-viewer:parseDebugLocalResources', task ':library:core-utils:preBuild', task ':library:core-utils:preDebugBuild', task ':library:core-utils:generateDebugResValues', task ':library:core-utils:generateDebugResources', task ':library:core-utils:packageDebugResources', task ':library:core-utils:processDebugNavigationResources', task ':library:core-utils:parseDebugLocalResources', task ':library:core-utils:generateDebugRFile', task ':library:ui-styles:preBuild', task ':library:ui-styles:preDebugBuild', task ':library:ui-styles:dataBindingMergeDependencyArtifactsDebug', task ':library:ui-styles:generateDebugResValues', task ':library:ui-styles:generateDebugResources', task ':library:ui-styles:packageDebugResources', task ':library:ui-styles:processDebugNavigationResources', task ':library:ui-styles:parseDebugLocalResources', task ':library:external:dialpad:preBuild', task ':library:external:dialpad:preDebugBuild', task ':library:external:dialpad:generateDebugResValues', task ':library:external:dialpad:generateDebugResources', task ':library:external:dialpad:packageDebugResources', task ':library:external:dialpad:processDebugNavigationResources', task ':library:external:dialpad:parseDebugLocalResources', task ':library:external:dialpad:generateDebugRFile', task ':library:ui-styles:dataBindingGenBaseClassesDebug', task ':library:ui-styles:generateDebugRFile', task ':library:attachment-viewer:dataBindingGenBaseClassesDebug', task ':library:attachment-viewer:generateDebugRFile', task ':library:multipicker:preBuild', task ':library:multipicker:preDebugBuild', task ':library:multipicker:generateDebugResValues', task ':library:multipicker:generateDebugResources', task ':library:multipicker:packageDebugResources', task ':library:multipicker:processDebugNavigationResources', task ':library:multipicker:parseDebugLocalResources', task ':library:multipicker:generateDebugRFile', task ':library:ui-strings:preBuild', task ':library:ui-strings:preDebugBuild', task ':library:ui-strings:generateDebugResValues', task ':library:ui-strings:generateDebugResources', task ':library:ui-strings:packageDebugResources', task ':library:ui-strings:processDebugNavigationResources', task ':library:ui-strings:parseDebugLocalResources', task ':library:ui-strings:generateDebugRFile', task ':library:external:autocomplete:preBuild', task ':library:external:autocomplete:preDebugBuild', task ':library:external:autocomplete:generateDebugResValues', task ':library:external:autocomplete:generateDebugResources', task ':library:external:autocomplete:packageDebugResources', task ':library:external:autocomplete:processDebugNavigationResources', task ':library:external:autocomplete:parseDebugLocalResources', task ':library:external:autocomplete:generateDebugRFile', task ':library:external:jsonviewer:preBuild', task ':library:external:jsonviewer:preDebugBuild', task ':library:external:jsonviewer:generateDebugResValues', task ':library:external:jsonviewer:generateDebugResources', task ':library:external:jsonviewer:packageDebugResources', task ':library:external:jsonviewer:processDebugNavigationResources', task ':library:external:jsonviewer:parseDebugLocalResources', task ':library:external:jsonviewer:generateDebugRFile', task ':library:external:span:preBuild', task ':library:external:span:preDebugBuild', task ':library:external:span:generateDebugResValues', task ':library:external:span:generateDebugResources', task ':library:external:span:packageDebugResources', task ':library:external:span:processDebugNavigationResources', task ':library:external:span:parseDebugLocalResources', task ':library:external:span:generateDebugRFile', task ':library:external:textdrawable:preBuild', task ':library:external:textdrawable:preDebugBuild', task ':library:external:textdrawable:generateDebugResValues', task ':library:external:textdrawable:generateDebugResources', task ':library:external:textdrawable:packageDebugResources', task ':library:external:textdrawable:processDebugNavigationResources', task ':library:external:textdrawable:parseDebugLocalResources', task ':library:external:textdrawable:generateDebugRFile', task ':library:external:barcodescanner:core:preBuild', task ':library:external:barcodescanner:core:preDebugBuild', task ':library:external:barcodescanner:core:generateDebugResValues', task ':library:external:barcodescanner:core:generateDebugResources', task ':library:external:barcodescanner:core:packageDebugResources', task ':library:external:barcodescanner:core:processDebugNavigationResources', task ':library:external:barcodescanner:core:parseDebugLocalResources', task ':library:external:barcodescanner:core:generateDebugRFile', task ':library:external:barcodescanner:zxing:preBuild', task ':library:external:barcodescanner:zxing:preDebugBuild', task ':library:external:barcodescanner:zxing:generateDebugResValues', task ':library:external:barcodescanner:zxing:generateDebugResources', task ':library:external:barcodescanner:zxing:packageDebugResources', task ':library:external:barcodescanner:zxing:processDebugNavigationResources', task ':library:external:barcodescanner:zxing:parseDebugLocalResources', task ':library:external:barcodescanner:zxing:generateDebugRFile', task ':vector:dataBindingGenBaseClassesGplayModernDebug', task ':vector:generateGplayModernDebugBuildConfig', task ':vector:generateGplayModernDebugRFile', task ':vector-config:checkKotlinGradlePluginConfigurationErrors', task ':vector-config:compileDebugKotlin', task ':vector-config:javaPreCompileDebug', task ':vector-config:compileDebugJavaWithJavac', task ':vector-config:bundleLibCompileToJarDebug', task ':library:attachment-viewer:checkKotlinGradlePluginConfigurationErrors', task ':library:core-utils:checkKotlinGradlePluginConfigurationErrors', task ':library:core-utils:compileDebugKotlin', task ':library:core-utils:javaPreCompileDebug', task ':library:core-utils:compileDebugJavaWithJavac', task ':library:core-utils:bundleLibCompileToJarDebug', task ':library:ui-styles:checkKotlinGradlePluginConfigurationErrors', task ':library:external:dialpad:checkKotlinGradlePluginConfigurationErrors', task ':library:external:dialpad:compileDebugKotlin', task ':library:external:dialpad:javaPreCompileDebug', task ':library:external:dialpad:compileDebugJavaWithJavac', task ':library:external:dialpad:bundleLibCompileToJarDebug', task ':library:ui-styles:compileDebugKotlin', task ':library:ui-styles:javaPreCompileDebug', task ':library:ui-styles:compileDebugJavaWithJavac', task ':library:ui-styles:bundleLibCompileToJarDebug', task ':library:attachment-viewer:compileDebugKotlin', task ':library:attachment-viewer:javaPreCompileDebug', task ':library:attachment-viewer:compileDebugJavaWithJavac', task ':library:attachment-viewer:bundleLibCompileToJarDebug', task ':library:multipicker:checkKotlinGradlePluginConfigurationErrors', task ':library:multipicker:compileDebugKotlin', task ':library:multipicker:javaPreCompileDebug', task ':library:multipicker:compileDebugJavaWithJavac', task ':library:multipicker:bundleLibCompileToJarDebug', task ':library:ui-strings:checkKotlinGradlePluginConfigurationErrors', task ':library:ui-strings:compileDebugKotlin', task ':library:ui-strings:javaPreCompileDebug', task ':library:ui-strings:compileDebugJavaWithJavac', task ':library:ui-strings:templateStringDebugResourceLocator', task ':library:ui-strings:templatesDebugIdentifier', task ':library:ui-strings:templateProviderDebugGenerateService', task ':library:ui-strings:bundleLibCompileToJarDebug', task ':library:external:autocomplete:checkKotlinGradlePluginConfigurationErrors', task ':library:external:autocomplete:compileDebugKotlin', task ':library:external:autocomplete:javaPreCompileDebug', task ':library:external:autocomplete:compileDebugJavaWithJavac', task ':library:external:autocomplete:bundleLibCompileToJarDebug', task ':library:external:jsonviewer:checkKotlinGradlePluginConfigurationErrors', task ':library:external:span:checkKotlinGradlePluginConfigurationErrors', task ':library:external:span:compileDebugKotlin', task ':library:external:span:javaPreCompileDebug', task ':library:external:span:compileDebugJavaWithJavac', task ':library:external:span:bundleLibCompileToJarDebug', task ':library:external:jsonviewer:kspDebugKotlin', task ':library:external:jsonviewer:kaptGenerateStubsDebugKotlin', task ':library:external:jsonviewer:kaptDebugKotlin', task ':library:external:jsonviewer:compileDebugKotlin', task ':library:external:jsonviewer:javaPreCompileDebug', task ':library:external:jsonviewer:compileDebugJavaWithJavac', task ':library:external:jsonviewer:bundleLibCompileToJarDebug', task ':library:external:textdrawable:javaPreCompileDebug', task ':library:external:textdrawable:compileDebugJavaWithJavac', task ':library:external:textdrawable:bundleLibCompileToJarDebug', task ':library:external:barcodescanner:core:javaPreCompileDebug', task ':library:external:barcodescanner:core:compileDebugJavaWithJavac', task ':library:external:barcodescanner:core:bundleLibCompileToJarDebug', task ':library:external:barcodescanner:zxing:javaPreCompileDebug', task ':library:external:barcodescanner:zxing:compileDebugJavaWithJavac', task ':library:external:barcodescanner:zxing:bundleLibCompileToJarDebug', task ':vector:kspGplayModernDebugKotlin', task ':vector:kaptGenerateStubsGplayModernDebugKotlin', task ':vector:kaptGplayModernDebugKotlin']
Tasks that were excluded: []
work action Parameters of JetifyTransform (Thread[#500,Execution worker,5,main]) started.
work action Parameters of IdentityTransform (Thread[#500,Execution worker,5,main]) started.
work action resolve crypto-android-release.aar (project :library:rustCrypto) (Thread[#500,Execution worker,5,main]) started.
work action Parameters of JetifyTransform (Thread[#500,Execution worker,5,main]) started.
work action Parameters of AarToClassTransform (Thread[#500,Execution worker,5,main]) started.
work action Parameters of JetifyTransform (Thread[#500,Execution worker,5,main]) started.
work action Parameters of AarToClassTransform (Thread[#500,Execution worker,5,main]) started.
work action Parameters of AarToClassTransform (Thread[#500,Execution worker,5,main]) started.
work action Parameters of JetifyTransform (Thread[#500,Execution worker,5,main]) started.
work action Parameters of JetifyTransform (Thread[#500,Execution worker,5,main]) started.
work action Parameters of AarToClassTransform (Thread[#500,Execution worker,5,main]) started.
work action Parameters of ExtractAarTransform (Thread[#500,Execution worker,5,main]) started.
work action Parameters of AarTransform (Thread[#500,Execution worker,5,main]) started.
Resolve mutations for :library:external:diff-match-patch:compileJava (Thread[#501,Execution worker Thread 2,5,main]) started.
work action Parameters of LibrarySymbolTableTransform (Thread[#500,Execution worker,5,main]) started.
work action Parameters of AarTransform (Thread[#500,Execution worker,5,main]) started.
JetifyTransform (Thread[#500,Execution worker,5,main]) started.
:library:external:diff-match-patch:compileJava (Thread[#501,Execution worker Thread 2,5,main]) started.
AarToClassTransform (Thread[#500,Execution worker,5,main]) started.
JetifyTransform (Thread[#500,Execution worker,5,main]) started.
AarToClassTransform (Thread[#500,Execution worker,5,main]) started.
AarToClassTransform (Thread[#500,Execution worker,5,main]) started.
Resolve mutations for :matrix-sdk-android:checkKotlinGradlePluginConfigurationErrors (Thread[#500,Execution worker,5,main]) started.
:matrix-sdk-android:checkKotlinGradlePluginConfigurationErrors (Thread[#500,Execution worker,5,main]) started.
Resolve mutations for :library:external:realmfieldnameshelper:checkKotlinGradlePluginConfigurationErrors (Thread[#502,Execution worker Thread 3,5,main]) started.
:library:external:realmfieldnameshelper:checkKotlinGradlePluginConfigurationErrors (Thread[#502,Execution worker Thread 3,5,main]) started.
JetifyTransform (Thread[#504,Execution worker Thread 4,5,main]) started.
AarToClassTransform (Thread[#504,Execution worker Thread 4,5,main]) started.
Resolve mutations for :matrix-sdk-android-flow:checkKotlinGradlePluginConfigurationErrors (Thread[#504,Execution worker Thread 4,5,main]) started.
:matrix-sdk-android-flow:checkKotlinGradlePluginConfigurationErrors (Thread[#504,Execution worker Thread 4,5,main]) started.

> Task :matrix-sdk-android-flow:checkKotlinGradlePluginConfigurationErrors SKIPPED
Skipping task ':matrix-sdk-android-flow:checkKotlinGradlePluginConfigurationErrors' as task onlyIf 'errorDiagnostics are present' is false.
Resolve mutations for :matrix-sdk-android-flow:preBuild (Thread[#504,Execution worker Thread 4,5,main]) started.
:matrix-sdk-android-flow:preBuild (Thread[#504,Execution worker Thread 4,5,main]) started.

> Task :matrix-sdk-android-flow:preBuild UP-TO-DATE
Skipping task ':matrix-sdk-android-flow:preBuild' as it has no actions.
Resolve mutations for :matrix-sdk-android-flow:preDebugBuild (Thread[#504,Execution worker Thread 4,5,main]) started.
:matrix-sdk-android-flow:preDebugBuild (Thread[#504,Execution worker Thread 4,5,main]) started.

> Task :matrix-sdk-android-flow:preDebugBuild UP-TO-DATE
Skipping task ':matrix-sdk-android-flow:preDebugBuild' as it has no actions.
Resolve mutations for :matrix-sdk-android-flow:generateDebugResValues (Thread[#504,Execution worker Thread 4,5,main]) started.
:matrix-sdk-android-flow:generateDebugResValues (Thread[#504,Execution worker Thread 4,5,main]) started.
Resolve mutations for :vector:checkKotlinGradlePluginConfigurationErrors (Thread[#505,Execution worker Thread 5,5,main]) started.
:vector:checkKotlinGradlePluginConfigurationErrors (Thread[#505,Execution worker Thread 5,5,main]) started.
ExtractAarTransform (Thread[#507,Execution worker Thread 7,5,main]) started.
AarTransform (Thread[#507,Execution worker Thread 7,5,main]) started.

> Task :vector:checkKotlinGradlePluginConfigurationErrors SKIPPED
Skipping task ':vector:checkKotlinGradlePluginConfigurationErrors' as task onlyIf 'errorDiagnostics are present' is false.
LibrarySymbolTableTransform (Thread[#506,Execution worker Thread 6,5,main]) started.
AarTransform (Thread[#505,Execution worker Thread 5,5,main]) started.

> Task :matrix-sdk-android:checkKotlinGradlePluginConfigurationErrors SKIPPED
Skipping task ':matrix-sdk-android:checkKotlinGradlePluginConfigurationErrors' as task onlyIf 'errorDiagnostics are present' is false.
Resolve mutations for :matrix-sdk-android:preBuild (Thread[#500,Execution worker,5,main]) started.

> Task :library:external:realmfieldnameshelper:checkKotlinGradlePluginConfigurationErrors SKIPPED
Skipping task ':library:external:realmfieldnameshelper:checkKotlinGradlePluginConfigurationErrors' as task onlyIf 'errorDiagnostics are present' is false.
Resolve mutations for :library:external:realmfieldnameshelper:compileKotlin (Thread[#502,Execution worker Thread 3,5,main]) started.
:matrix-sdk-android:preBuild (Thread[#500,Execution worker,5,main]) started.

> Task :matrix-sdk-android:preBuild UP-TO-DATE
Skipping task ':matrix-sdk-android:preBuild' as it has no actions.
Resolve mutations for :matrix-sdk-android:preDebugBuild (Thread[#500,Execution worker,5,main]) started.
:matrix-sdk-android:preDebugBuild (Thread[#508,Execution worker Thread 8,5,main]) started.
Resolve mutations for :vector:preBuild (Thread[#500,Execution worker,5,main]) started.
:vector:preBuild (Thread[#500,Execution worker,5,main]) started.

> Task :vector:preBuild UP-TO-DATE
Skipping task ':vector:preBuild' as it has no actions.

> Task :matrix-sdk-android:preDebugBuild UP-TO-DATE
Skipping task ':matrix-sdk-android:preDebugBuild' as it has no actions.
:library:external:realmfieldnameshelper:compileKotlin (Thread[#502,Execution worker Thread 3,5,main]) started.
Resolve mutations for :matrix-sdk-android:generateDebugBuildConfig (Thread[#508,Execution worker Thread 8,5,main]) started.
:matrix-sdk-android:generateDebugBuildConfig (Thread[#508,Execution worker Thread 8,5,main]) started.
Resolve mutations for :vector:preGplayModernDebugBuild (Thread[#500,Execution worker,5,main]) started.
:vector:preGplayModernDebugBuild (Thread[#500,Execution worker,5,main]) started.
Resolve mutations for :vector-config:preBuild (Thread[#510,Execution worker Thread 10,5,main]) started.
:vector-config:preBuild (Thread[#510,Execution worker Thread 10,5,main]) started.

> Task :vector-config:preBuild UP-TO-DATE
Skipping task ':vector-config:preBuild' as it has no actions.
Resolve mutations for :vector-config:preDebugBuild (Thread[#510,Execution worker Thread 10,5,main]) started.
:vector-config:preDebugBuild (Thread[#510,Execution worker Thread 10,5,main]) started.
Resolve mutations for :library:core-utils:preBuild (Thread[#511,Execution worker Thread 11,5,main]) started.
:library:core-utils:preBuild (Thread[#511,Execution worker Thread 11,5,main]) started.

> Task :vector-config:preDebugBuild UP-TO-DATE
Skipping task ':vector-config:preDebugBuild' as it has no actions.
Resolve mutations for :vector-config:generateDebugResValues (Thread[#510,Execution worker Thread 10,5,main]) started.
:vector-config:generateDebugResValues (Thread[#510,Execution worker Thread 10,5,main]) started.

> Task :vector:preGplayModernDebugBuild UP-TO-DATE
Skipping task ':vector:preGplayModernDebugBuild' as it has no actions.
Resolve mutations for :vector:generateGplayModernDebugResValues (Thread[#500,Execution worker,5,main]) started.
:vector:generateGplayModernDebugResValues (Thread[#500,Execution worker,5,main]) started.
Resolve mutations for :library:attachment-viewer:preBuild (Thread[#499,included builds,5,main]) started.

> Task :library:core-utils:preBuild UP-TO-DATE
Skipping task ':library:core-utils:preBuild' as it has no actions.
:library:attachment-viewer:preBuild (Thread[#511,Execution worker Thread 11,5,main]) started.
Resolve mutations for :library:core-utils:preDebugBuild (Thread[#499,included builds,5,main]) started.
:library:core-utils:preDebugBuild (Thread[#499,included builds,5,main]) started.

> Task :library:core-utils:preDebugBuild UP-TO-DATE
Skipping task ':library:core-utils:preDebugBuild' as it has no actions.
Resolve mutations for :library:core-utils:generateDebugResValues (Thread[#499,included builds,5,main]) started.
:library:core-utils:generateDebugResValues (Thread[#499,included builds,5,main]) started.
Resolve mutations for :library:ui-styles:preBuild (Thread[#509,Execution worker Thread 9,5,main]) started.
:library:ui-styles:preBuild (Thread[#509,Execution worker Thread 9,5,main]) started.
Resolve mutations for :library:external:dialpad:preBuild (Thread[#507,Execution worker Thread 7,5,main]) started.
:library:external:dialpad:preBuild (Thread[#507,Execution worker Thread 7,5,main]) started.

> Task :library:ui-styles:preBuild UP-TO-DATE
Skipping task ':library:ui-styles:preBuild' as it has no actions.

> Task :library:external:dialpad:preBuild UP-TO-DATE
Skipping task ':library:external:dialpad:preBuild' as it has no actions.
Resolve mutations for :library:multipicker:preBuild (Thread[#505,Execution worker Thread 5,5,main]) started.
:library:multipicker:preBuild (Thread[#505,Execution worker Thread 5,5,main]) started.

> Task :library:multipicker:preBuild UP-TO-DATE
Skipping task ':library:multipicker:preBuild' as it has no actions.
Resolve mutations for :library:multipicker:preDebugBuild (Thread[#505,Execution worker Thread 5,5,main]) started.
:library:multipicker:preDebugBuild (Thread[#505,Execution worker Thread 5,5,main]) started.

> Task :library:multipicker:preDebugBuild UP-TO-DATE
Skipping task ':library:multipicker:preDebugBuild' as it has no actions.
Resolve mutations for :library:external:dialpad:preDebugBuild (Thread[#505,Execution worker Thread 5,5,main]) started.
Resolve mutations for :library:multipicker:generateDebugResValues (Thread[#507,Execution worker Thread 7,5,main]) started.
:library:external:dialpad:preDebugBuild (Thread[#505,Execution worker Thread 5,5,main]) started.

> Task :library:external:dialpad:preDebugBuild UP-TO-DATE
Skipping task ':library:external:dialpad:preDebugBuild' as it has no actions.
:library:multipicker:generateDebugResValues (Thread[#507,Execution worker Thread 7,5,main]) started.
Resolve mutations for :library:external:dialpad:generateDebugResValues (Thread[#505,Execution worker Thread 5,5,main]) started.
:library:external:dialpad:generateDebugResValues (Thread[#505,Execution worker Thread 5,5,main]) started.

> Task :library:core-utils:generateDebugResValues FROM-CACHE
Build cache key for task ':library:core-utils:generateDebugResValues' is 7ddcfed5d8bb11c41f31736a8dd21aeb
Task ':library:core-utils:generateDebugResValues' is not up-to-date because:
  Output property 'outputDirectory' file /home/codenia/Videos/OZ-Chat_Prod_23_Mar_bgNoti_working/OZ-Chat_Prod/20251125_OZ-Chat_Android_App/OZ-Chat_Android_Dev/library/core-utils/build/generated/res/resValues/debug has been removed.
Loaded cache entry for task ':library:core-utils:generateDebugResValues' with cache key 7ddcfed5d8bb11c41f31736a8dd21aeb
Resolve mutations for :library:core-utils:generateDebugResources (Thread[#499,included builds,5,main]) started.
:library:core-utils:generateDebugResources (Thread[#499,included builds,5,main]) started.

> Task :library:attachment-viewer:preBuild UP-TO-DATE
Skipping task ':library:attachment-viewer:preBuild' as it has no actions.
Resolve mutations for :library:attachment-viewer:preDebugBuild (Thread[#511,Execution worker Thread 11,5,main]) started.
:library:attachment-viewer:preDebugBuild (Thread[#511,Execution worker Thread 11,5,main]) started.

> Task :library:attachment-viewer:preDebugBuild UP-TO-DATE
Skipping task ':library:attachment-viewer:preDebugBuild' as it has no actions.
Resolve mutations for :library:attachment-viewer:dataBindingMergeDependencyArtifactsDebug (Thread[#511,Execution worker Thread 11,5,main]) started.
:library:attachment-viewer:dataBindingMergeDependencyArtifactsDebug (Thread[#511,Execution worker Thread 11,5,main]) started.
Resolve mutations for :library:ui-styles:preDebugBuild (Thread[#509,Execution worker Thread 9,5,main]) started.
:library:ui-styles:preDebugBuild (Thread[#509,Execution worker Thread 9,5,main]) started.

> Task :library:ui-styles:preDebugBuild UP-TO-DATE
Skipping task ':library:ui-styles:preDebugBuild' as it has no actions.
Resolve mutations for :library:ui-styles:dataBindingMergeDependencyArtifactsDebug (Thread[#509,Execution worker Thread 9,5,main]) started.
Resolve mutations for :library:ui-strings:preBuild (Thread[#506,Execution worker Thread 6,5,main]) started.
:library:ui-strings:preBuild (Thread[#506,Execution worker Thread 6,5,main]) started.

> Task :library:ui-strings:preBuild UP-TO-DATE
Skipping task ':library:ui-strings:preBuild' as it has no actions.

> Task :matrix-sdk-android:generateDebugBuildConfig FROM-CACHE
Build cache key for task ':matrix-sdk-android:generateDebugBuildConfig' is bc0e62fd41b0c60864e9c4c00be588a0
Task ':matrix-sdk-android:generateDebugBuildConfig' is not up-to-date because:
  Output property 'sourceOutputDir' file /home/codenia/Videos/OZ-Chat_Prod_23_Mar_bgNoti_working/OZ-Chat_Prod/20251125_OZ-Chat_Android_App/OZ-Chat_Android_Dev/matrix-sdk-android/build/generated/source/buildConfig/debug has been removed.
  Output property 'sourceOutputDir' file /home/codenia/Videos/OZ-Chat_Prod_23_Mar_bgNoti_working/OZ-Chat_Prod/20251125_OZ-Chat_Android_App/OZ-Chat_Android_Dev/matrix-sdk-android/build/generated/source/buildConfig/debug/org has been removed.
  Output property 'sourceOutputDir' file /home/codenia/Videos/OZ-Chat_Prod_23_Mar_bgNoti_working/OZ-Chat_Prod/20251125_OZ-Chat_Android_App/OZ-Chat_Android_Dev/matrix-sdk-android/build/generated/source/buildConfig/debug/org/matrix has been removed.
  and more...
Loaded cache entry for task ':matrix-sdk-android:generateDebugBuildConfig' with cache key bc0e62fd41b0c60864e9c4c00be588a0
Resolve mutations for :matrix-sdk-android:generateDebugResValues (Thread[#508,Execution worker Thread 8,5,main]) started.

> Task :library:external:dialpad:generateDebugResValues FROM-CACHE
Build cache key for task ':library:external:dialpad:generateDebugResValues' is 7ddcfed5d8bb11c41f31736a8dd21aeb
Task ':library:external:dialpad:generateDebugResValues' is not up-to-date because:
  Output property 'outputDirectory' file /home/codenia/Videos/OZ-Chat_Prod_23_Mar_bgNoti_working/OZ-Chat_Prod/20251125_OZ-Chat_Android_App/OZ-Chat_Android_Dev/library/external/dialpad/build/generated/res/resValues/debug has been removed.
Loaded cache entry for task ':library:external:dialpad:generateDebugResValues' with cache key 7ddcfed5d8bb11c41f31736a8dd21aeb
Resolve mutations for :library:external:dialpad:generateDebugResources (Thread[#505,Execution worker Thread 5,5,main]) started.
:matrix-sdk-android:generateDebugResValues (Thread[#508,Execution worker Thread 8,5,main]) started.

> Task :library:core-utils:generateDebugResources FROM-CACHE
Build cache key for task ':library:core-utils:generateDebugResources' is 40832643fcad935842070a79b4e42042
Task ':library:core-utils:generateDebugResources' is not up-to-date because:
  Output property 'validationReportFile' file /home/codenia/Videos/OZ-Chat_Prod_23_Mar_bgNoti_working/OZ-Chat_Prod/20251125_OZ-Chat_Android_App/OZ-Chat_Android_Dev/library/core-utils/build/intermediates/nested_resources_validation_report/debug/generateDebugResources/nestedResourcesValidationReport.txt has been removed.
Loaded cache entry for task ':library:core-utils:generateDebugResources' with cache key 40832643fcad935842070a79b4e42042
Resolve mutations for :library:core-utils:packageDebugResources (Thread[#499,included builds,5,main]) started.
:library:core-utils:packageDebugResources (Thread[#499,included builds,5,main]) started.
:library:ui-styles:dataBindingMergeDependencyArtifactsDebug (Thread[#509,Execution worker Thread 9,5,main]) started.

> Task :vector-config:generateDebugResValues FROM-CACHE
Build cache key for task ':vector-config:generateDebugResValues' is 7ddcfed5d8bb11c41f31736a8dd21aeb
Task ':vector-config:generateDebugResValues' is not up-to-date because:
  Output property 'outputDirectory' file /home/codenia/Videos/OZ-Chat_Prod_23_Mar_bgNoti_working/OZ-Chat_Prod/20251125_OZ-Chat_Android_App/OZ-Chat_Android_Dev/vector-config/build/generated/res/resValues/debug has been removed.
Loaded cache entry for task ':vector-config:generateDebugResValues' with cache key 7ddcfed5d8bb11c41f31736a8dd21aeb
Resolve mutations for :vector-config:generateDebugResources (Thread[#510,Execution worker Thread 10,5,main]) started.
:vector-config:generateDebugResources (Thread[#510,Execution worker Thread 10,5,main]) started.
Resolve mutations for :library:ui-strings:preDebugBuild (Thread[#506,Execution worker Thread 6,5,main]) started.
:library:ui-strings:preDebugBuild (Thread[#506,Execution worker Thread 6,5,main]) started.

> Task :library:ui-strings:preDebugBuild UP-TO-DATE
Skipping task ':library:ui-strings:preDebugBuild' as it has no actions.
Resolve mutations for :library:ui-strings:generateDebugResValues (Thread[#506,Execution worker Thread 6,5,main]) started.

> Task :vector:generateGplayModernDebugResValues FROM-CACHE
Build cache key for task ':vector:generateGplayModernDebugResValues' is 7ddcfed5d8bb11c41f31736a8dd21aeb
Task ':vector:generateGplayModernDebugResValues' is not up-to-date because:
  Output property 'outputDirectory' file /home/codenia/Videos/OZ-Chat_Prod_23_Mar_bgNoti_working/OZ-Chat_Prod/20251125_OZ-Chat_Android_App/OZ-Chat_Android_Dev/vector/build/generated/res/resValues/gplayModern/debug has been removed.
Loaded cache entry for task ':vector:generateGplayModernDebugResValues' with cache key 7ddcfed5d8bb11c41f31736a8dd21aeb
Resolve mutations for :vector:dataBindingMergeDependencyArtifactsGplayModernDebug (Thread[#500,Execution worker,5,main]) started.
:library:ui-strings:generateDebugResValues (Thread[#506,Execution worker Thread 6,5,main]) started.
:vector:dataBindingMergeDependencyArtifactsGplayModernDebug (Thread[#500,Execution worker,5,main]) started.

> Task :library:multipicker:generateDebugResValues FROM-CACHE
Build cache key for task ':library:multipicker:generateDebugResValues' is 7ddcfed5d8bb11c41f31736a8dd21aeb
Task ':library:multipicker:generateDebugResValues' is not up-to-date because:
  Output property 'outputDirectory' file /home/codenia/Videos/OZ-Chat_Prod_23_Mar_bgNoti_working/OZ-Chat_Prod/20251125_OZ-Chat_Android_App/OZ-Chat_Android_Dev/library/multipicker/build/generated/res/resValues/debug has been removed.
Loaded cache entry for task ':library:multipicker:generateDebugResValues' with cache key 7ddcfed5d8bb11c41f31736a8dd21aeb
Resolve mutations for :library:multipicker:generateDebugResources (Thread[#507,Execution worker Thread 7,5,main]) started.
:library:external:dialpad:generateDebugResources (Thread[#505,Execution worker Thread 5,5,main]) started.
:library:multipicker:generateDebugResources (Thread[#507,Execution worker Thread 7,5,main]) started.

> Task :matrix-sdk-android-flow:generateDebugResValues FROM-CACHE
Build cache key for task ':matrix-sdk-android-flow:generateDebugResValues' is 7ddcfed5d8bb11c41f31736a8dd21aeb
Task ':matrix-sdk-android-flow:generateDebugResValues' is not up-to-date because:
  Output property 'outputDirectory' file /home/codenia/Videos/OZ-Chat_Prod_23_Mar_bgNoti_working/OZ-Chat_Prod/20251125_OZ-Chat_Android_App/OZ-Chat_Android_Dev/matrix-sdk-android-flow/build/generated/res/resValues/debug has been removed.
Loaded cache entry for task ':matrix-sdk-android-flow:generateDebugResValues' with cache key 7ddcfed5d8bb11c41f31736a8dd21aeb
Resolve mutations for :matrix-sdk-android-flow:generateDebugResources (Thread[#504,Execution worker Thread 4,5,main]) started.
:matrix-sdk-android-flow:generateDebugResources (Thread[#504,Execution worker Thread 4,5,main]) started.

> Task :matrix-sdk-android:generateDebugResValues FROM-CACHE
Build cache key for task ':matrix-sdk-android:generateDebugResValues' is 7ddcfed5d8bb11c41f31736a8dd21aeb
Task ':matrix-sdk-android:generateDebugResValues' is not up-to-date because:
  Output property 'outputDirectory' file /home/codenia/Videos/OZ-Chat_Prod_23_Mar_bgNoti_working/OZ-Chat_Prod/20251125_OZ-Chat_Android_App/OZ-Chat_Android_Dev/matrix-sdk-android/build/generated/res/resValues/debug has been removed.
Loaded cache entry for task ':matrix-sdk-android:generateDebugResValues' with cache key 7ddcfed5d8bb11c41f31736a8dd21aeb
Resolve mutations for :matrix-sdk-android:generateDebugResources (Thread[#508,Execution worker Thread 8,5,main]) started.
:matrix-sdk-android:generateDebugResources (Thread[#508,Execution worker Thread 8,5,main]) started.

> Task :vector-config:generateDebugResources FROM-CACHE
Build cache key for task ':vector-config:generateDebugResources' is a2aab7eaa1466882f8e1cc65c555e892
Task ':vector-config:generateDebugResources' is not up-to-date because:
  Output property 'validationReportFile' file /home/codenia/Videos/OZ-Chat_Prod_23_Mar_bgNoti_working/OZ-Chat_Prod/20251125_OZ-Chat_Android_App/OZ-Chat_Android_Dev/vector-config/build/intermediates/nested_resources_validation_report/debug/generateDebugResources/nestedResourcesValidationReport.txt has been removed.
Loaded cache entry for task ':vector-config:generateDebugResources' with cache key a2aab7eaa1466882f8e1cc65c555e892
Resolve mutations for :vector-config:packageDebugResources (Thread[#510,Execution worker Thread 10,5,main]) started.

> Task :matrix-sdk-android-flow:generateDebugResources FROM-CACHE
Build cache key for task ':matrix-sdk-android-flow:generateDebugResources' is 40832643fcad935842070a79b4e42042
Task ':matrix-sdk-android-flow:generateDebugResources' is not up-to-date because:
  Output property 'validationReportFile' file /home/codenia/Videos/OZ-Chat_Prod_23_Mar_bgNoti_working/OZ-Chat_Prod/20251125_OZ-Chat_Android_App/OZ-Chat_Android_Dev/matrix-sdk-android-flow/build/intermediates/nested_resources_validation_report/debug/generateDebugResources/nestedResourcesValidationReport.txt has been removed.
Loaded cache entry for task ':matrix-sdk-android-flow:generateDebugResources' with cache key 40832643fcad935842070a79b4e42042
:vector-config:packageDebugResources (Thread[#510,Execution worker Thread 10,5,main]) started.
Resolve mutations for :matrix-sdk-android-flow:packageDebugResources (Thread[#504,Execution worker Thread 4,5,main]) started.
:matrix-sdk-android-flow:packageDebugResources (Thread[#504,Execution worker Thread 4,5,main]) started.

> Task :library:ui-strings:generateDebugResValues FROM-CACHE
Build cache key for task ':library:ui-strings:generateDebugResValues' is 7ddcfed5d8bb11c41f31736a8dd21aeb
Task ':library:ui-strings:generateDebugResValues' is not up-to-date because:
  Output property 'outputDirectory' file /home/codenia/Videos/OZ-Chat_Prod_23_Mar_bgNoti_working/OZ-Chat_Prod/20251125_OZ-Chat_Android_App/OZ-Chat_Android_Dev/library/ui-strings/build/generated/res/resValues/debug has been removed.
Loaded cache entry for task ':library:ui-strings:generateDebugResValues' with cache key 7ddcfed5d8bb11c41f31736a8dd21aeb
Resolve mutations for :library:ui-strings:generateDebugResources (Thread[#506,Execution worker Thread 6,5,main]) started.

> Task :library:external:dialpad:generateDebugResources FROM-CACHE
Build cache key for task ':library:external:dialpad:generateDebugResources' is 97b87ee97a8333a6e6da99d89c325b75
Task ':library:external:dialpad:generateDebugResources' is not up-to-date because:
  Output property 'validationReportFile' file /home/codenia/Videos/OZ-Chat_Prod_23_Mar_bgNoti_working/OZ-Chat_Prod/20251125_OZ-Chat_Android_App/OZ-Chat_Android_Dev/library/external/dialpad/build/intermediates/nested_resources_validation_report/debug/generateDebugResources/nestedResourcesValidationReport.txt has been removed.
Loaded cache entry for task ':library:external:dialpad:generateDebugResources' with cache key 97b87ee97a8333a6e6da99d89c325b75
Resolve mutations for :library:external:dialpad:packageDebugResources (Thread[#505,Execution worker Thread 5,5,main]) started.
:library:ui-strings:generateDebugResources (Thread[#506,Execution worker Thread 6,5,main]) started.
:library:external:dialpad:packageDebugResources (Thread[#505,Execution worker Thread 5,5,main]) started.

> Task :library:core-utils:packageDebugResources FROM-CACHE
Build cache key for task ':library:core-utils:packageDebugResources' is b8e0987b7ec0f463a955c59d461f295a
Task ':library:core-utils:packageDebugResources' is not up-to-date because:
  Output property 'dataBindingLayoutInfoOutFolder' file /home/codenia/Videos/OZ-Chat_Prod_23_Mar_bgNoti_working/OZ-Chat_Prod/20251125_OZ-Chat_Android_App/OZ-Chat_Android_Dev/library/core-utils/build/intermediates/data_binding_layout_info_type_package/debug/packageDebugResources/out has been removed.
  Output property 'generatedPngsOutputDir' file /home/codenia/Videos/OZ-Chat_Prod_23_Mar_bgNoti_working/OZ-Chat_Prod/20251125_OZ-Chat_Android_App/OZ-Chat_Android_Dev/library/core-utils/build/generated/res/pngs/debug has been removed.
  Output property 'incrementalFolder' file /home/codenia/Videos/OZ-Chat_Prod_23_Mar_bgNoti_working/OZ-Chat_Prod/20251125_OZ-Chat_Android_App/OZ-Chat_Android_Dev/library/core-utils/build/intermediates/incremental/debug/packageDebugResources has been removed.
  and more...
Loaded cache entry for task ':library:core-utils:packageDebugResources' with cache key b8e0987b7ec0f463a955c59d461f295a
Resolve mutations for :library:core-utils:processDebugNavigationResources (Thread[#499,included builds,5,main]) started.
:library:core-utils:processDebugNavigationResources (Thread[#499,included builds,5,main]) started.

> Task :library:external:diff-match-patch:compileJava FROM-CACHE
file or directory '/home/codenia/Videos/OZ-Chat_Prod_23_Mar_bgNoti_working/OZ-Chat_Prod/20251125_OZ-Chat_Android_App/OZ-Chat_Android_Dev/library/external/diff-match-patch/libs', not found
file or directory '/home/codenia/Videos/OZ-Chat_Prod_23_Mar_bgNoti_working/OZ-Chat_Prod/20251125_OZ-Chat_Android_App/OZ-Chat_Android_Dev/library/external/diff-match-patch/libs', not found
Build cache key for task ':library:external:diff-match-patch:compileJava' is 6b8600ab37755f335ce246322f109bea
Task ':library:external:diff-match-patch:compileJava' is not up-to-date because:
  Output property 'destinationDirectory' file /home/codenia/Videos/OZ-Chat_Prod_23_Mar_bgNoti_working/OZ-Chat_Prod/20251125_OZ-Chat_Android_App/OZ-Chat_Android_Dev/library/external/diff-match-patch/build/classes/java/main has been removed.
  Output property 'destinationDirectory' file /home/codenia/Videos/OZ-Chat_Prod_23_Mar_bgNoti_working/OZ-Chat_Prod/20251125_OZ-Chat_Android_App/OZ-Chat_Android_Dev/library/external/diff-match-patch/build/classes/java/main/name has been removed.
  Output property 'destinationDirectory' file /home/codenia/Videos/OZ-Chat_Prod_23_Mar_bgNoti_working/OZ-Chat_Prod/20251125_OZ-Chat_Android_App/OZ-Chat_Android_Dev/library/external/diff-match-patch/build/classes/java/main/name/fraser has been removed.
  and more...
Loaded cache entry for task ':library:external:diff-match-patch:compileJava' with cache key 6b8600ab37755f335ce246322f109bea
No compile result for :library:external:diff-match-patch:compileJava
Resolve mutations for :library:external:diff-match-patch:processResources (Thread[#501,Execution worker Thread 2,5,main]) started.
:library:external:diff-match-patch:processResources (Thread[#501,Execution worker Thread 2,5,main]) started.

> Task :library:multipicker:generateDebugResources FROM-CACHE
Build cache key for task ':library:multipicker:generateDebugResources' is 67e5b5172e1fc8bc342e430bae6702af
Task ':library:multipicker:generateDebugResources' is not up-to-date because:
  Output property 'validationReportFile' file /home/codenia/Videos/OZ-Chat_Prod_23_Mar_bgNoti_working/OZ-Chat_Prod/20251125_OZ-Chat_Android_App/OZ-Chat_Android_Dev/library/multipicker/build/intermediates/nested_resources_validation_report/debug/generateDebugResources/nestedResourcesValidationReport.txt has been removed.
Loaded cache entry for task ':library:multipicker:generateDebugResources' with cache key 67e5b5172e1fc8bc342e430bae6702af
Resolve mutations for :library:multipicker:packageDebugResources (Thread[#507,Execution worker Thread 7,5,main]) started.

> Task :library:external:diff-match-patch:processResources NO-SOURCE
Skipping task ':library:external:diff-match-patch:processResources' as it has no source files and no previous output files.
:library:multipicker:packageDebugResources (Thread[#507,Execution worker Thread 7,5,main]) started.
Resolve mutations for :library:external:diff-match-patch:classes (Thread[#501,Execution worker Thread 2,5,main]) started.
:library:external:diff-match-patch:classes (Thread[#501,Execution worker Thread 2,5,main]) started.

> Task :library:external:diff-match-patch:classes UP-TO-DATE
Skipping task ':library:external:diff-match-patch:classes' as it has no actions.
Resolve mutations for :library:external:diff-match-patch:jar (Thread[#501,Execution worker Thread 2,5,main]) started.
:library:external:diff-match-patch:jar (Thread[#501,Execution worker Thread 2,5,main]) started.

> Task :matrix-sdk-android:generateDebugResources FROM-CACHE
Build cache key for task ':matrix-sdk-android:generateDebugResources' is 52c35433ce7d7b8d9d53eefbff7d7d2a
Task ':matrix-sdk-android:generateDebugResources' is not up-to-date because:
  Output property 'validationReportFile' file /home/codenia/Videos/OZ-Chat_Prod_23_Mar_bgNoti_working/OZ-Chat_Prod/20251125_OZ-Chat_Android_App/OZ-Chat_Android_Dev/matrix-sdk-android/build/intermediates/nested_resources_validation_report/debug/generateDebugResources/nestedResourcesValidationReport.txt has been removed.
Loaded cache entry for task ':matrix-sdk-android:generateDebugResources' with cache key 52c35433ce7d7b8d9d53eefbff7d7d2a
Resolve mutations for :matrix-sdk-android:packageDebugResources (Thread[#508,Execution worker Thread 8,5,main]) started.
:matrix-sdk-android:packageDebugResources (Thread[#508,Execution worker Thread 8,5,main]) started.

> Task :library:ui-strings:generateDebugResources FROM-CACHE
Build cache key for task ':library:ui-strings:generateDebugResources' is 5a9818984715d75632035ecf41aebe43
Task ':library:ui-strings:generateDebugResources' is not up-to-date because:
  Output property 'validationReportFile' file /home/codenia/Videos/OZ-Chat_Prod_23_Mar_bgNoti_working/OZ-Chat_Prod/20251125_OZ-Chat_Android_App/OZ-Chat_Android_Dev/library/ui-strings/build/intermediates/nested_resources_validation_report/debug/generateDebugResources/nestedResourcesValidationReport.txt has been removed.
Loaded cache entry for task ':library:ui-strings:generateDebugResources' with cache key 5a9818984715d75632035ecf41aebe43
Resolve mutations for :library:ui-strings:packageDebugResources (Thread[#506,Execution worker Thread 6,5,main]) started.
:library:ui-strings:packageDebugResources (Thread[#506,Execution worker Thread 6,5,main]) started.

> Task :library:core-utils:processDebugNavigationResources FROM-CACHE
Build cache key for task ':library:core-utils:processDebugNavigationResources' is b7e794f6ca745bdf494515519b72ee6c
Task ':library:core-utils:processDebugNavigationResources' is not up-to-date because:
  Output property 'outputDir' file /home/codenia/Videos/OZ-Chat_Prod_23_Mar_bgNoti_working/OZ-Chat_Prod/20251125_OZ-Chat_Android_App/OZ-Chat_Android_Dev/library/core-utils/build/generated/updated_navigation_xml/debug has been removed.
Loaded cache entry for task ':library:core-utils:processDebugNavigationResources' with cache key b7e794f6ca745bdf494515519b72ee6c
Resolve mutations for :library:core-utils:parseDebugLocalResources (Thread[#499,included builds,5,main]) started.
:library:core-utils:parseDebugLocalResources (Thread[#499,included builds,5,main]) started.

> Task :vector-config:packageDebugResources FROM-CACHE
Build cache key for task ':vector-config:packageDebugResources' is 2e2000c3eec25906cc96c9c587364822
Task ':vector-config:packageDebugResources' is not up-to-date because:
  Output property 'dataBindingLayoutInfoOutFolder' file /home/codenia/Videos/OZ-Chat_Prod_23_Mar_bgNoti_working/OZ-Chat_Prod/20251125_OZ-Chat_Android_App/OZ-Chat_Android_Dev/vector-config/build/intermediates/data_binding_layout_info_type_package/debug/packageDebugResources/out has been removed.
  Output property 'generatedPngsOutputDir' file /home/codenia/Videos/OZ-Chat_Prod_23_Mar_bgNoti_working/OZ-Chat_Prod/20251125_OZ-Chat_Android_App/OZ-Chat_Android_Dev/vector-config/build/generated/res/pngs/debug has been removed.
  Output property 'incrementalFolder' file /home/codenia/Videos/OZ-Chat_Prod_23_Mar_bgNoti_working/OZ-Chat_Prod/20251125_OZ-Chat_Android_App/OZ-Chat_Android_Dev/vector-config/build/intermediates/incremental/debug/packageDebugResources has been removed.
  and more...
Loaded cache entry for task ':vector-config:packageDebugResources' with cache key 2e2000c3eec25906cc96c9c587364822
Resolve mutations for :vector-config:processDebugNavigationResources (Thread[#510,Execution worker Thread 10,5,main]) started.
:vector-config:processDebugNavigationResources (Thread[#510,Execution worker Thread 10,5,main]) started.

> Task :vector-config:processDebugNavigationResources FROM-CACHE
Build cache key for task ':vector-config:processDebugNavigationResources' is deefcfebc03dfcebda12e694e41fd911
Task ':vector-config:processDebugNavigationResources' is not up-to-date because:
  Output property 'outputDir' file /home/codenia/Videos/OZ-Chat_Prod_23_Mar_bgNoti_working/OZ-Chat_Prod/20251125_OZ-Chat_Android_App/OZ-Chat_Android_Dev/vector-config/build/generated/updated_navigation_xml/debug has been removed.
Loaded cache entry for task ':vector-config:processDebugNavigationResources' with cache key deefcfebc03dfcebda12e694e41fd911
Resolve mutations for :vector-config:parseDebugLocalResources (Thread[#510,Execution worker Thread 10,5,main]) started.
:vector-config:parseDebugLocalResources (Thread[#510,Execution worker Thread 10,5,main]) started.

> Task :library:multipicker:packageDebugResources FROM-CACHE
Build cache key for task ':library:multipicker:packageDebugResources' is a182846357e43ad44d6c9d69c5c4ef4f
Task ':library:multipicker:packageDebugResources' is not up-to-date because:
  Output property 'dataBindingLayoutInfoOutFolder' file /home/codenia/Videos/OZ-Chat_Prod_23_Mar_bgNoti_working/OZ-Chat_Prod/20251125_OZ-Chat_Android_App/OZ-Chat_Android_Dev/library/multipicker/build/intermediates/data_binding_layout_info_type_package/debug/packageDebugResources/out has been removed.
  Output property 'generatedPngsOutputDir' file /home/codenia/Videos/OZ-Chat_Prod_23_Mar_bgNoti_working/OZ-Chat_Prod/20251125_OZ-Chat_Android_App/OZ-Chat_Android_Dev/library/multipicker/build/generated/res/pngs/debug has been removed.
  Output property 'incrementalFolder' file /home/codenia/Videos/OZ-Chat_Prod_23_Mar_bgNoti_working/OZ-Chat_Prod/20251125_OZ-Chat_Android_App/OZ-Chat_Android_Dev/library/multipicker/build/intermediates/incremental/debug/packageDebugResources has been removed.
  and more...
Loaded cache entry for task ':library:multipicker:packageDebugResources' with cache key a182846357e43ad44d6c9d69c5c4ef4f
Resolve mutations for :library:multipicker:processDebugNavigationResources (Thread[#507,Execution worker Thread 7,5,main]) started.
:library:multipicker:processDebugNavigationResources (Thread[#507,Execution worker Thread 7,5,main]) started.

> Task :matrix-sdk-android-flow:packageDebugResources FROM-CACHE
Build cache key for task ':matrix-sdk-android-flow:packageDebugResources' is 231fa64e5df9a90589e209f40addd527
Task ':matrix-sdk-android-flow:packageDebugResources' is not up-to-date because:
  Output property 'dataBindingLayoutInfoOutFolder' file /home/codenia/Videos/OZ-Chat_Prod_23_Mar_bgNoti_working/OZ-Chat_Prod/20251125_OZ-Chat_Android_App/OZ-Chat_Android_Dev/matrix-sdk-android-flow/build/intermediates/data_binding_layout_info_type_package/debug/packageDebugResources/out has been removed.
  Output property 'generatedPngsOutputDir' file /home/codenia/Videos/OZ-Chat_Prod_23_Mar_bgNoti_working/OZ-Chat_Prod/20251125_OZ-Chat_Android_App/OZ-Chat_Android_Dev/matrix-sdk-android-flow/build/generated/res/pngs/debug has been removed.
  Output property 'incrementalFolder' file /home/codenia/Videos/OZ-Chat_Prod_23_Mar_bgNoti_working/OZ-Chat_Prod/20251125_OZ-Chat_Android_App/OZ-Chat_Android_Dev/matrix-sdk-android-flow/build/intermediates/incremental/debug/packageDebugResources has been removed.
  and more...
Loaded cache entry for task ':matrix-sdk-android-flow:packageDebugResources' with cache key 231fa64e5df9a90589e209f40addd527
Resolve mutations for :matrix-sdk-android-flow:processDebugNavigationResources (Thread[#504,Execution worker Thread 4,5,main]) started.
:matrix-sdk-android-flow:processDebugNavigationResources (Thread[#504,Execution worker Thread 4,5,main]) started.

> Task :library:core-utils:parseDebugLocalResources FROM-CACHE
Build cache key for task ':library:core-utils:parseDebugLocalResources' is de6c4ef771d4ce94229870bc3bebd391
Task ':library:core-utils:parseDebugLocalResources' is not up-to-date because:
  Output property 'librarySymbolsFile' file /home/codenia/Videos/OZ-Chat_Prod_23_Mar_bgNoti_working/OZ-Chat_Prod/20251125_OZ-Chat_Android_App/OZ-Chat_Android_Dev/library/core-utils/build/intermediates/local_only_symbol_list/debug/parseDebugLocalResources/R-def.txt has been removed.
Loaded cache entry for task ':library:core-utils:parseDebugLocalResources' with cache key de6c4ef771d4ce94229870bc3bebd391
Resolve mutations for :library:core-utils:generateDebugRFile (Thread[#499,included builds,5,main]) started.
:library:core-utils:generateDebugRFile (Thread[#499,included builds,5,main]) started.

> Task :matrix-sdk-android-flow:processDebugNavigationResources FROM-CACHE
Build cache key for task ':matrix-sdk-android-flow:processDebugNavigationResources' is b7e794f6ca745bdf494515519b72ee6c
Task ':matrix-sdk-android-flow:processDebugNavigationResources' is not up-to-date because:
  Output property 'outputDir' file /home/codenia/Videos/OZ-Chat_Prod_23_Mar_bgNoti_working/OZ-Chat_Prod/20251125_OZ-Chat_Android_App/OZ-Chat_Android_Dev/matrix-sdk-android-flow/build/generated/updated_navigation_xml/debug has been removed.
Loaded cache entry for task ':matrix-sdk-android-flow:processDebugNavigationResources' with cache key b7e794f6ca745bdf494515519b72ee6c

> Task :vector-config:parseDebugLocalResources FROM-CACHE
Build cache key for task ':vector-config:parseDebugLocalResources' is baab93b0213aa66996f9e79e71fababd
Task ':vector-config:parseDebugLocalResources' is not up-to-date because:
  Output property 'librarySymbolsFile' file /home/codenia/Videos/OZ-Chat_Prod_23_Mar_bgNoti_working/OZ-Chat_Prod/20251125_OZ-Chat_Android_App/OZ-Chat_Android_Dev/vector-config/build/intermediates/local_only_symbol_list/debug/parseDebugLocalResources/R-def.txt has been removed.
Loaded cache entry for task ':vector-config:parseDebugLocalResources' with cache key baab93b0213aa66996f9e79e71fababd
Resolve mutations for :matrix-sdk-android-flow:parseDebugLocalResources (Thread[#504,Execution worker Thread 4,5,main]) started.
Resolve mutations for :vector-config:generateDebugRFile (Thread[#510,Execution worker Thread 10,5,main]) started.

> Task :library:multipicker:processDebugNavigationResources FROM-CACHE
Build cache key for task ':library:multipicker:processDebugNavigationResources' is 6393e59ff28a8ef2bd49d46ccb93a742
Task ':library:multipicker:processDebugNavigationResources' is not up-to-date because:
  Output property 'outputDir' file /home/codenia/Videos/OZ-Chat_Prod_23_Mar_bgNoti_working/OZ-Chat_Prod/20251125_OZ-Chat_Android_App/OZ-Chat_Android_Dev/library/multipicker/build/generated/updated_navigation_xml/debug has been removed.
Loaded cache entry for task ':library:multipicker:processDebugNavigationResources' with cache key 6393e59ff28a8ef2bd49d46ccb93a742
:vector-config:generateDebugRFile (Thread[#510,Execution worker Thread 10,5,main]) started.
Resolve mutations for :library:multipicker:parseDebugLocalResources (Thread[#507,Execution worker Thread 7,5,main]) started.
:library:multipicker:parseDebugLocalResources (Thread[#507,Execution worker Thread 7,5,main]) started.
:matrix-sdk-android-flow:parseDebugLocalResources (Thread[#504,Execution worker Thread 4,5,main]) started.

> Task :library:core-utils:generateDebugRFile FROM-CACHE
Build cache key for task ':library:core-utils:generateDebugRFile' is 0ef69064d575d7c19341b2be9cb20117
Task ':library:core-utils:generateDebugRFile' is not up-to-date because:
  Output property 'RClassOutputJar' file /home/codenia/Videos/OZ-Chat_Prod_23_Mar_bgNoti_working/OZ-Chat_Prod/20251125_OZ-Chat_Android_App/OZ-Chat_Android_Dev/library/core-utils/build/intermediates/compile_r_class_jar/debug/generateDebugRFile/R.jar has been removed.
  Output property 'symbolsWithPackageNameOutputFile' file /home/codenia/Videos/OZ-Chat_Prod_23_Mar_bgNoti_working/OZ-Chat_Prod/20251125_OZ-Chat_Android_App/OZ-Chat_Android_Dev/library/core-utils/build/intermediates/symbol_list_with_package_name/debug/generateDebugRFile/package-aware-r.txt has been removed.
  Output property 'textSymbolOutputFileProperty' file /home/codenia/Videos/OZ-Chat_Prod_23_Mar_bgNoti_working/OZ-Chat_Prod/20251125_OZ-Chat_Android_App/OZ-Chat_Android_Dev/library/core-utils/build/intermediates/compile_symbol_list/debug/generateDebugRFile/R.txt has been removed.
Loaded cache entry for task ':library:core-utils:generateDebugRFile' with cache key 0ef69064d575d7c19341b2be9cb20117
work action resolve package-aware-r.txt (project :library:core-utils) (Thread[#499,included builds,5,main]) started.
Resolve mutations for :library:external:autocomplete:preBuild (Thread[#499,included builds,5,main]) started.
:library:external:autocomplete:preBuild (Thread[#499,included builds,5,main]) started.

> Task :library:external:autocomplete:preBuild UP-TO-DATE
Skipping task ':library:external:autocomplete:preBuild' as it has no actions.
Resolve mutations for :library:external:autocomplete:preDebugBuild (Thread[#499,included builds,5,main]) started.
:library:external:autocomplete:preDebugBuild (Thread[#499,included builds,5,main]) started.

> Task :library:external:autocomplete:preDebugBuild UP-TO-DATE
Skipping task ':library:external:autocomplete:preDebugBuild' as it has no actions.
Resolve mutations for :library:external:autocomplete:generateDebugResValues (Thread[#499,included builds,5,main]) started.

> Task :library:external:realmfieldnameshelper:compileKotlin FROM-CACHE
Build cache key for task ':library:external:realmfieldnameshelper:compileKotlin' is 601be4a12fda8af5658625282e765ab4
Task ':library:external:realmfieldnameshelper:compileKotlin' is not up-to-date because:
  Output property 'classpathSnapshotProperties.classpathSnapshotDir' file /home/codenia/Videos/OZ-Chat_Prod_23_Mar_bgNoti_working/OZ-Chat_Prod/20251125_OZ-Chat_Android_App/OZ-Chat_Android_Dev/library/external/realmfieldnameshelper/build/kotlin/compileKotlin/classpath-snapshot has been removed.
  Output property 'classpathSnapshotProperties.classpathSnapshotDir' file /home/codenia/Videos/OZ-Chat_Prod_23_Mar_bgNoti_working/OZ-Chat_Prod/20251125_OZ-Chat_Android_App/OZ-Chat_Android_Dev/library/external/realmfieldnameshelper/build/kotlin/compileKotlin/classpath-snapshot/shrunk-classpath-snapshot.bin has been removed.
  Output property 'destinationDirectory' file /home/codenia/Videos/OZ-Chat_Prod_23_Mar_bgNoti_working/OZ-Chat_Prod/20251125_OZ-Chat_Android_App/OZ-Chat_Android_Dev/library/external/realmfieldnameshelper/build/classes/kotlin/main has been removed.
  and more...
Loaded cache entry for task ':library:external:realmfieldnameshelper:compileKotlin' with cache key 601be4a12fda8af5658625282e765ab4
Resolve mutations for :library:external:realmfieldnameshelper:compileJava (Thread[#502,Execution worker Thread 3,5,main]) started.
:library:external:autocomplete:generateDebugResValues (Thread[#499,included builds,5,main]) started.
:library:external:realmfieldnameshelper:compileJava (Thread[#502,Execution worker Thread 3,5,main]) started.

> Task :library:external:realmfieldnameshelper:compileJava NO-SOURCE
Skipping task ':library:external:realmfieldnameshelper:compileJava' as it has no source files and no previous output files.
Resolve mutations for :library:external:realmfieldnameshelper:processResources (Thread[#502,Execution worker Thread 3,5,main]) started.
:library:external:realmfieldnameshelper:processResources (Thread[#502,Execution worker Thread 3,5,main]) started.

> Task :vector-config:generateDebugRFile FROM-CACHE
Build cache key for task ':vector-config:generateDebugRFile' is a0bd22f2702127b188a937204ef83fe3
Task ':vector-config:generateDebugRFile' is not up-to-date because:
  Output property 'RClassOutputJar' file /home/codenia/Videos/OZ-Chat_Prod_23_Mar_bgNoti_working/OZ-Chat_Prod/20251125_OZ-Chat_Android_App/OZ-Chat_Android_Dev/vector-config/build/intermediates/compile_r_class_jar/debug/generateDebugRFile/R.jar has been removed.
  Output property 'symbolsWithPackageNameOutputFile' file /home/codenia/Videos/OZ-Chat_Prod_23_Mar_bgNoti_working/OZ-Chat_Prod/20251125_OZ-Chat_Android_App/OZ-Chat_Android_Dev/vector-config/build/intermediates/symbol_list_with_package_name/debug/generateDebugRFile/package-aware-r.txt has been removed.
  Output property 'textSymbolOutputFileProperty' file /home/codenia/Videos/OZ-Chat_Prod_23_Mar_bgNoti_working/OZ-Chat_Prod/20251125_OZ-Chat_Android_App/OZ-Chat_Android_Dev/vector-config/build/intermediates/compile_symbol_list/debug/generateDebugRFile/R.txt has been removed.
Loaded cache entry for task ':vector-config:generateDebugRFile' with cache key a0bd22f2702127b188a937204ef83fe3

> Task :matrix-sdk-android-flow:parseDebugLocalResources FROM-CACHE
Build cache key for task ':matrix-sdk-android-flow:parseDebugLocalResources' is de6c4ef771d4ce94229870bc3bebd391
Task ':matrix-sdk-android-flow:parseDebugLocalResources' is not up-to-date because:
  Output property 'librarySymbolsFile' file /home/codenia/Videos/OZ-Chat_Prod_23_Mar_bgNoti_working/OZ-Chat_Prod/20251125_OZ-Chat_Android_App/OZ-Chat_Android_Dev/matrix-sdk-android-flow/build/intermediates/local_only_symbol_list/debug/parseDebugLocalResources/R-def.txt has been removed.
Loaded cache entry for task ':matrix-sdk-android-flow:parseDebugLocalResources' with cache key de6c4ef771d4ce94229870bc3bebd391
work action resolve package-aware-r.txt (project :vector-config) (Thread[#510,Execution worker Thread 10,5,main]) started.
Resolve mutations for :matrix-sdk-android-flow:generateDebugRFile (Thread[#504,Execution worker Thread 4,5,main]) started.
Resolve mutations for :library:external:jsonviewer:preBuild (Thread[#510,Execution worker Thread 10,5,main]) started.
:library:external:jsonviewer:preBuild (Thread[#510,Execution worker Thread 10,5,main]) started.
:matrix-sdk-android-flow:generateDebugRFile (Thread[#504,Execution worker Thread 4,5,main]) started.

> Task :library:external:jsonviewer:preBuild UP-TO-DATE
Skipping task ':library:external:jsonviewer:preBuild' as it has no actions.
Resolve mutations for :library:external:jsonviewer:preDebugBuild (Thread[#510,Execution worker Thread 10,5,main]) started.
:library:external:jsonviewer:preDebugBuild (Thread[#510,Execution worker Thread 10,5,main]) started.

> Task :library:external:jsonviewer:preDebugBuild UP-TO-DATE
Skipping task ':library:external:jsonviewer:preDebugBuild' as it has no actions.
Resolve mutations for :library:external:jsonviewer:generateDebugResValues (Thread[#510,Execution worker Thread 10,5,main]) started.
:library:external:jsonviewer:generateDebugResValues (Thread[#510,Execution worker Thread 10,5,main]) started.

> Task :library:multipicker:parseDebugLocalResources FROM-CACHE
Build cache key for task ':library:multipicker:parseDebugLocalResources' is c0f376c5ad41a93bc9e60b5197332358
Task ':library:multipicker:parseDebugLocalResources' is not up-to-date because:
  Output property 'librarySymbolsFile' file /home/codenia/Videos/OZ-Chat_Prod_23_Mar_bgNoti_working/OZ-Chat_Prod/20251125_OZ-Chat_Android_App/OZ-Chat_Android_Dev/library/multipicker/build/intermediates/local_only_symbol_list/debug/parseDebugLocalResources/R-def.txt has been removed.
Loaded cache entry for task ':library:multipicker:parseDebugLocalResources' with cache key c0f376c5ad41a93bc9e60b5197332358
Resolve mutations for :library:multipicker:generateDebugRFile (Thread[#507,Execution worker Thread 7,5,main]) started.

> Task :library:external:autocomplete:generateDebugResValues FROM-CACHE
Build cache key for task ':library:external:autocomplete:generateDebugResValues' is 7ddcfed5d8bb11c41f31736a8dd21aeb
Task ':library:external:autocomplete:generateDebugResValues' is not up-to-date because:
  Output property 'outputDirectory' file /home/codenia/Videos/OZ-Chat_Prod_23_Mar_bgNoti_working/OZ-Chat_Prod/20251125_OZ-Chat_Android_App/OZ-Chat_Android_Dev/library/external/autocomplete/build/generated/res/resValues/debug has been removed.
Loaded cache entry for task ':library:external:autocomplete:generateDebugResValues' with cache key 7ddcfed5d8bb11c41f31736a8dd21aeb
Resolve mutations for :library:external:autocomplete:generateDebugResources (Thread[#499,included builds,5,main]) started.
:library:multipicker:generateDebugRFile (Thread[#507,Execution worker Thread 7,5,main]) started.
:library:external:autocomplete:generateDebugResources (Thread[#499,included builds,5,main]) started.

> Task :matrix-sdk-android-flow:generateDebugRFile FROM-CACHE
Build cache key for task ':matrix-sdk-android-flow:generateDebugRFile' is ada6839825a521f8028afc630a572329
Task ':matrix-sdk-android-flow:generateDebugRFile' is not up-to-date because:
  Output property 'RClassOutputJar' file /home/codenia/Videos/OZ-Chat_Prod_23_Mar_bgNoti_working/OZ-Chat_Prod/20251125_OZ-Chat_Android_App/OZ-Chat_Android_Dev/matrix-sdk-android-flow/build/intermediates/compile_r_class_jar/debug/generateDebugRFile/R.jar has been removed.
  Output property 'symbolsWithPackageNameOutputFile' file /home/codenia/Videos/OZ-Chat_Prod_23_Mar_bgNoti_working/OZ-Chat_Prod/20251125_OZ-Chat_Android_App/OZ-Chat_Android_Dev/matrix-sdk-android-flow/build/intermediates/symbol_list_with_package_name/debug/generateDebugRFile/package-aware-r.txt has been removed.
  Output property 'textSymbolOutputFileProperty' file /home/codenia/Videos/OZ-Chat_Prod_23_Mar_bgNoti_working/OZ-Chat_Prod/20251125_OZ-Chat_Android_App/OZ-Chat_Android_Dev/matrix-sdk-android-flow/build/intermediates/compile_symbol_list/debug/generateDebugRFile/R.txt has been removed.
Loaded cache entry for task ':matrix-sdk-android-flow:generateDebugRFile' with cache key ada6839825a521f8028afc630a572329
work action resolve package-aware-r.txt (project :matrix-sdk-android-flow) (Thread[#504,Execution worker Thread 4,5,main]) started.
Resolve mutations for :matrix-sdk-android-flow:javaPreCompileDebug (Thread[#504,Execution worker Thread 4,5,main]) started.
:matrix-sdk-android-flow:javaPreCompileDebug (Thread[#504,Execution worker Thread 4,5,main]) started.

> Task :library:external:jsonviewer:generateDebugResValues FROM-CACHE
Build cache key for task ':library:external:jsonviewer:generateDebugResValues' is 7ddcfed5d8bb11c41f31736a8dd21aeb
Task ':library:external:jsonviewer:generateDebugResValues' is not up-to-date because:
  Output property 'outputDirectory' file /home/codenia/Videos/OZ-Chat_Prod_23_Mar_bgNoti_working/OZ-Chat_Prod/20251125_OZ-Chat_Android_App/OZ-Chat_Android_Dev/library/external/jsonviewer/build/generated/res/resValues/debug has been removed.
Loaded cache entry for task ':library:external:jsonviewer:generateDebugResValues' with cache key 7ddcfed5d8bb11c41f31736a8dd21aeb
Resolve mutations for :library:external:jsonviewer:generateDebugResources (Thread[#510,Execution worker Thread 10,5,main]) started.

> Task :library:external:autocomplete:generateDebugResources FROM-CACHE
Build cache key for task ':library:external:autocomplete:generateDebugResources' is 40832643fcad935842070a79b4e42042
Task ':library:external:autocomplete:generateDebugResources' is not up-to-date because:
  Output property 'validationReportFile' file /home/codenia/Videos/OZ-Chat_Prod_23_Mar_bgNoti_working/OZ-Chat_Prod/20251125_OZ-Chat_Android_App/OZ-Chat_Android_Dev/library/external/autocomplete/build/intermediates/nested_resources_validation_report/debug/generateDebugResources/nestedResourcesValidationReport.txt has been removed.
Loaded cache entry for task ':library:external:autocomplete:generateDebugResources' with cache key 40832643fcad935842070a79b4e42042
Resolve mutations for :library:external:autocomplete:packageDebugResources (Thread[#499,included builds,5,main]) started.
:library:external:jsonviewer:generateDebugResources (Thread[#510,Execution worker Thread 10,5,main]) started.
:library:external:autocomplete:packageDebugResources (Thread[#499,included builds,5,main]) started.

> Task :matrix-sdk-android:packageDebugResources FROM-CACHE
Build cache key for task ':matrix-sdk-android:packageDebugResources' is 9d18e4a5c1be5c1998c59f06bbe3f307
Task ':matrix-sdk-android:packageDebugResources' is not up-to-date because:
  Output property 'dataBindingLayoutInfoOutFolder' file /home/codenia/Videos/OZ-Chat_Prod_23_Mar_bgNoti_working/OZ-Chat_Prod/20251125_OZ-Chat_Android_App/OZ-Chat_Android_Dev/matrix-sdk-android/build/intermediates/data_binding_layout_info_type_package/debug/packageDebugResources/out has been removed.
  Output property 'generatedPngsOutputDir' file /home/codenia/Videos/OZ-Chat_Prod_23_Mar_bgNoti_working/OZ-Chat_Prod/20251125_OZ-Chat_Android_App/OZ-Chat_Android_Dev/matrix-sdk-android/build/generated/res/pngs/debug has been removed.
  Output property 'incrementalFolder' file /home/codenia/Videos/OZ-Chat_Prod_23_Mar_bgNoti_working/OZ-Chat_Prod/20251125_OZ-Chat_Android_App/OZ-Chat_Android_Dev/matrix-sdk-android/build/intermediates/incremental/debug/packageDebugResources has been removed.
  and more...
Loaded cache entry for task ':matrix-sdk-android:packageDebugResources' with cache key 9d18e4a5c1be5c1998c59f06bbe3f307
Resolve mutations for :matrix-sdk-android:processDebugNavigationResources (Thread[#508,Execution worker Thread 8,5,main]) started.
:matrix-sdk-android:processDebugNavigationResources (Thread[#508,Execution worker Thread 8,5,main]) started.

> Task :library:external:realmfieldnameshelper:processResources
Caching disabled for task ':library:external:realmfieldnameshelper:processResources' because:
  Not worth caching
Task ':library:external:realmfieldnameshelper:processResources' is not up-to-date because:
  Output property 'destinationDir' file /home/codenia/Videos/OZ-Chat_Prod_23_Mar_bgNoti_working/OZ-Chat_Prod/20251125_OZ-Chat_Android_App/OZ-Chat_Android_Dev/library/external/realmfieldnameshelper/build/resources/main has been removed.
  Output property 'destinationDir' file /home/codenia/Videos/OZ-Chat_Prod_23_Mar_bgNoti_working/OZ-Chat_Prod/20251125_OZ-Chat_Android_App/OZ-Chat_Android_Dev/library/external/realmfieldnameshelper/build/resources/main/META-INF has been removed.
  Output property 'destinationDir' file /home/codenia/Videos/OZ-Chat_Prod_23_Mar_bgNoti_working/OZ-Chat_Prod/20251125_OZ-Chat_Android_App/OZ-Chat_Android_Dev/library/external/realmfieldnameshelper/build/resources/main/META-INF/gradle has been removed.
  and more...
Resolve mutations for :library:external:realmfieldnameshelper:classes (Thread[#502,Execution worker Thread 3,5,main]) started.

> Task :library:multipicker:generateDebugRFile FROM-CACHE
Build cache key for task ':library:multipicker:generateDebugRFile' is 301acc75a4306bba1755738b171b1e26
Task ':library:multipicker:generateDebugRFile' is not up-to-date because:
  Output property 'RClassOutputJar' file /home/codenia/Videos/OZ-Chat_Prod_23_Mar_bgNoti_working/OZ-Chat_Prod/20251125_OZ-Chat_Android_App/OZ-Chat_Android_Dev/library/multipicker/build/intermediates/compile_r_class_jar/debug/generateDebugRFile/R.jar has been removed.
  Output property 'symbolsWithPackageNameOutputFile' file /home/codenia/Videos/OZ-Chat_Prod_23_Mar_bgNoti_working/OZ-Chat_Prod/20251125_OZ-Chat_Android_App/OZ-Chat_Android_Dev/library/multipicker/build/intermediates/symbol_list_with_package_name/debug/generateDebugRFile/package-aware-r.txt has been removed.
  Output property 'textSymbolOutputFileProperty' file /home/codenia/Videos/OZ-Chat_Prod_23_Mar_bgNoti_working/OZ-Chat_Prod/20251125_OZ-Chat_Android_App/OZ-Chat_Android_Dev/library/multipicker/build/intermediates/compile_symbol_list/debug/generateDebugRFile/R.txt has been removed.
Loaded cache entry for task ':library:multipicker:generateDebugRFile' with cache key 301acc75a4306bba1755738b171b1e26
work action resolve package-aware-r.txt (project :library:multipicker) (Thread[#507,Execution worker Thread 7,5,main]) started.
Resolve mutations for :library:external:span:preBuild (Thread[#507,Execution worker Thread 7,5,main]) started.
:library:external:span:preBuild (Thread[#507,Execution worker Thread 7,5,main]) started.

> Task :library:external:span:preBuild UP-TO-DATE
Skipping task ':library:external:span:preBuild' as it has no actions.
:library:external:realmfieldnameshelper:classes (Thread[#507,Execution worker Thread 7,5,main]) started.
Resolve mutations for :library:external:span:preDebugBuild (Thread[#502,Execution worker Thread 3,5,main]) started.

> Task :library:external:realmfieldnameshelper:classes
Skipping task ':library:external:realmfieldnameshelper:classes' as it has no actions.
:library:external:span:preDebugBuild (Thread[#502,Execution worker Thread 3,5,main]) started.

> Task :library:external:span:preDebugBuild UP-TO-DATE
Skipping task ':library:external:span:preDebugBuild' as it has no actions.
Resolve mutations for :library:external:span:generateDebugResValues (Thread[#502,Execution worker Thread 3,5,main]) started.
:library:external:span:generateDebugResValues (Thread[#502,Execution worker Thread 3,5,main]) started.
Resolve mutations for :library:external:realmfieldnameshelper:jar (Thread[#507,Execution worker Thread 7,5,main]) started.
:library:external:realmfieldnameshelper:jar (Thread[#507,Execution worker Thread 7,5,main]) started.

> Task :matrix-sdk-android-flow:javaPreCompileDebug FROM-CACHE
Build cache key for task ':matrix-sdk-android-flow:javaPreCompileDebug' is 7e28b9d4dddfbf93bbc5b806a026475c
Task ':matrix-sdk-android-flow:javaPreCompileDebug' is not up-to-date because:
  Output property 'annotationProcessorListFile' file /home/codenia/Videos/OZ-Chat_Prod_23_Mar_bgNoti_working/OZ-Chat_Prod/20251125_OZ-Chat_Android_App/OZ-Chat_Android_Dev/matrix-sdk-android-flow/build/intermediates/annotation_processor_list/debug/javaPreCompileDebug/annotationProcessors.json has been removed.
Loaded cache entry for task ':matrix-sdk-android-flow:javaPreCompileDebug' with cache key 7e28b9d4dddfbf93bbc5b806a026475c
Resolve mutations for :library:external:textdrawable:preBuild (Thread[#504,Execution worker Thread 4,5,main]) started.
:library:external:textdrawable:preBuild (Thread[#504,Execution worker Thread 4,5,main]) started.

> Task :library:external:textdrawable:preBuild UP-TO-DATE
Skipping task ':library:external:textdrawable:preBuild' as it has no actions.

> Task :library:external:jsonviewer:generateDebugResources FROM-CACHE
Build cache key for task ':library:external:jsonviewer:generateDebugResources' is 7cb582710fd213a0758f5d7741c9fc9d
Task ':library:external:jsonviewer:generateDebugResources' is not up-to-date because:
  Output property 'validationReportFile' file /home/codenia/Videos/OZ-Chat_Prod_23_Mar_bgNoti_working/OZ-Chat_Prod/20251125_OZ-Chat_Android_App/OZ-Chat_Android_Dev/library/external/jsonviewer/build/intermediates/nested_resources_validation_report/debug/generateDebugResources/nestedResourcesValidationReport.txt has been removed.
Loaded cache entry for task ':library:external:jsonviewer:generateDebugResources' with cache key 7cb582710fd213a0758f5d7741c9fc9d
Resolve mutations for :library:external:jsonviewer:packageDebugResources (Thread[#510,Execution worker Thread 10,5,main]) started.
:library:external:jsonviewer:packageDebugResources (Thread[#510,Execution worker Thread 10,5,main]) started.
Resolve mutations for :library:external:textdrawable:preDebugBuild (Thread[#504,Execution worker Thread 4,5,main]) started.
:library:external:textdrawable:preDebugBuild (Thread[#504,Execution worker Thread 4,5,main]) started.

> Task :matrix-sdk-android:processDebugNavigationResources FROM-CACHE
Build cache key for task ':matrix-sdk-android:processDebugNavigationResources' is 4da0658d197e9af27bb92906cc487c4a
Task ':matrix-sdk-android:processDebugNavigationResources' is not up-to-date because:
  Output property 'outputDir' file /home/codenia/Videos/OZ-Chat_Prod_23_Mar_bgNoti_working/OZ-Chat_Prod/20251125_OZ-Chat_Android_App/OZ-Chat_Android_Dev/matrix-sdk-android/build/generated/updated_navigation_xml/debug has been removed.
Loaded cache entry for task ':matrix-sdk-android:processDebugNavigationResources' with cache key 4da0658d197e9af27bb92906cc487c4a
Resolve mutations for :matrix-sdk-android:parseDebugLocalResources (Thread[#508,Execution worker Thread 8,5,main]) started.

> Task :library:external:span:generateDebugResValues FROM-CACHE
Build cache key for task ':library:external:span:generateDebugResValues' is 7ddcfed5d8bb11c41f31736a8dd21aeb
Task ':library:external:span:generateDebugResValues' is not up-to-date because:
  Output property 'outputDirectory' file /home/codenia/Videos/OZ-Chat_Prod_23_Mar_bgNoti_working/OZ-Chat_Prod/20251125_OZ-Chat_Android_App/OZ-Chat_Android_Dev/library/external/span/build/generated/res/resValues/debug has been removed.
Loaded cache entry for task ':library:external:span:generateDebugResValues' with cache key 7ddcfed5d8bb11c41f31736a8dd21aeb
:matrix-sdk-android:parseDebugLocalResources (Thread[#502,Execution worker Thread 3,5,main]) started.
Resolve mutations for :library:external:span:generateDebugResources (Thread[#508,Execution worker Thread 8,5,main]) started.
:library:external:span:generateDebugResources (Thread[#508,Execution worker Thread 8,5,main]) started.

> Task :library:external:textdrawable:preDebugBuild UP-TO-DATE
Skipping task ':library:external:textdrawable:preDebugBuild' as it has no actions.
Resolve mutations for :library:external:textdrawable:generateDebugResValues (Thread[#504,Execution worker Thread 4,5,main]) started.
:library:external:textdrawable:generateDebugResValues (Thread[#504,Execution worker Thread 4,5,main]) started.

> Task :library:external:autocomplete:packageDebugResources FROM-CACHE
Build cache key for task ':library:external:autocomplete:packageDebugResources' is d13919a05ed144f6c56c57ea4380af0b
Task ':library:external:autocomplete:packageDebugResources' is not up-to-date because:
  Output property 'dataBindingLayoutInfoOutFolder' file /home/codenia/Videos/OZ-Chat_Prod_23_Mar_bgNoti_working/OZ-Chat_Prod/20251125_OZ-Chat_Android_App/OZ-Chat_Android_Dev/library/external/autocomplete/build/intermediates/data_binding_layout_info_type_package/debug/packageDebugResources/out has been removed.
  Output property 'generatedPngsOutputDir' file /home/codenia/Videos/OZ-Chat_Prod_23_Mar_bgNoti_working/OZ-Chat_Prod/20251125_OZ-Chat_Android_App/OZ-Chat_Android_Dev/library/external/autocomplete/build/generated/res/pngs/debug has been removed.
  Output property 'incrementalFolder' file /home/codenia/Videos/OZ-Chat_Prod_23_Mar_bgNoti_working/OZ-Chat_Prod/20251125_OZ-Chat_Android_App/OZ-Chat_Android_Dev/library/external/autocomplete/build/intermediates/incremental/debug/packageDebugResources has been removed.
  and more...
Loaded cache entry for task ':library:external:autocomplete:packageDebugResources' with cache key d13919a05ed144f6c56c57ea4380af0b
Resolve mutations for :library:external:autocomplete:processDebugNavigationResources (Thread[#499,included builds,5,main]) started.
:library:external:autocomplete:processDebugNavigationResources (Thread[#499,included builds,5,main]) started.

> Task :library:external:span:generateDebugResources FROM-CACHE
Build cache key for task ':library:external:span:generateDebugResources' is 40832643fcad935842070a79b4e42042
Task ':library:external:span:generateDebugResources' is not up-to-date because:
  Output property 'validationReportFile' file /home/codenia/Videos/OZ-Chat_Prod_23_Mar_bgNoti_working/OZ-Chat_Prod/20251125_OZ-Chat_Android_App/OZ-Chat_Android_Dev/library/external/span/build/intermediates/nested_resources_validation_report/debug/generateDebugResources/nestedResourcesValidationReport.txt has been removed.
Loaded cache entry for task ':library:external:span:generateDebugResources' with cache key 40832643fcad935842070a79b4e42042
Resolve mutations for :library:external:span:packageDebugResources (Thread[#508,Execution worker Thread 8,5,main]) started.
:library:external:span:packageDebugResources (Thread[#508,Execution worker Thread 8,5,main]) started.

> Task :library:external:textdrawable:generateDebugResValues FROM-CACHE
Build cache key for task ':library:external:textdrawable:generateDebugResValues' is 7ddcfed5d8bb11c41f31736a8dd21aeb
Task ':library:external:textdrawable:generateDebugResValues' is not up-to-date because:
  Output property 'outputDirectory' file /home/codenia/Videos/OZ-Chat_Prod_23_Mar_bgNoti_working/OZ-Chat_Prod/20251125_OZ-Chat_Android_App/OZ-Chat_Android_Dev/library/external/textdrawable/build/generated/res/resValues/debug has been removed.
Loaded cache entry for task ':library:external:textdrawable:generateDebugResValues' with cache key 7ddcfed5d8bb11c41f31736a8dd21aeb
Resolve mutations for :library:external:textdrawable:generateDebugResources (Thread[#504,Execution worker Thread 4,5,main]) started.
:library:external:textdrawable:generateDebugResources (Thread[#504,Execution worker Thread 4,5,main]) started.

> Task :matrix-sdk-android:parseDebugLocalResources FROM-CACHE
Build cache key for task ':matrix-sdk-android:parseDebugLocalResources' is d59ed5310b4a07aa8f7739354fabd234
Task ':matrix-sdk-android:parseDebugLocalResources' is not up-to-date because:
  Output property 'librarySymbolsFile' file /home/codenia/Videos/OZ-Chat_Prod_23_Mar_bgNoti_working/OZ-Chat_Prod/20251125_OZ-Chat_Android_App/OZ-Chat_Android_Dev/matrix-sdk-android/build/intermediates/local_only_symbol_list/debug/parseDebugLocalResources/R-def.txt has been removed.
Loaded cache entry for task ':matrix-sdk-android:parseDebugLocalResources' with cache key d59ed5310b4a07aa8f7739354fabd234
Resolve mutations for :matrix-sdk-android:generateDebugRFile (Thread[#502,Execution worker Thread 3,5,main]) started.
:matrix-sdk-android:generateDebugRFile (Thread[#502,Execution worker Thread 3,5,main]) started.

> Task :library:external:autocomplete:processDebugNavigationResources FROM-CACHE
Build cache key for task ':library:external:autocomplete:processDebugNavigationResources' is b7e794f6ca745bdf494515519b72ee6c
Task ':library:external:autocomplete:processDebugNavigationResources' is not up-to-date because:
  Output property 'outputDir' file /home/codenia/Videos/OZ-Chat_Prod_23_Mar_bgNoti_working/OZ-Chat_Prod/20251125_OZ-Chat_Android_App/OZ-Chat_Android_Dev/library/external/autocomplete/build/generated/updated_navigation_xml/debug has been removed.
Loaded cache entry for task ':library:external:autocomplete:processDebugNavigationResources' with cache key b7e794f6ca745bdf494515519b72ee6c
Resolve mutations for :library:external:autocomplete:parseDebugLocalResources (Thread[#499,included builds,5,main]) started.
:library:external:autocomplete:parseDebugLocalResources (Thread[#499,included builds,5,main]) started.

> Task :library:external:jsonviewer:packageDebugResources FROM-CACHE
Build cache key for task ':library:external:jsonviewer:packageDebugResources' is d25b21653f598f170faef7d8e92e45c6
Task ':library:external:jsonviewer:packageDebugResources' is not up-to-date because:
  Output property 'dataBindingLayoutInfoOutFolder' file /home/codenia/Videos/OZ-Chat_Prod_23_Mar_bgNoti_working/OZ-Chat_Prod/20251125_OZ-Chat_Android_App/OZ-Chat_Android_Dev/library/external/jsonviewer/build/intermediates/data_binding_layout_info_type_package/debug/packageDebugResources/out has been removed.
  Output property 'generatedPngsOutputDir' file /home/codenia/Videos/OZ-Chat_Prod_23_Mar_bgNoti_working/OZ-Chat_Prod/20251125_OZ-Chat_Android_App/OZ-Chat_Android_Dev/library/external/jsonviewer/build/generated/res/pngs/debug has been removed.
  Output property 'incrementalFolder' file /home/codenia/Videos/OZ-Chat_Prod_23_Mar_bgNoti_working/OZ-Chat_Prod/20251125_OZ-Chat_Android_App/OZ-Chat_Android_Dev/library/external/jsonviewer/build/intermediates/incremental/debug/packageDebugResources has been removed.
  and more...
Loaded cache entry for task ':library:external:jsonviewer:packageDebugResources' with cache key d25b21653f598f170faef7d8e92e45c6
Resolve mutations for :library:external:jsonviewer:processDebugNavigationResources (Thread[#510,Execution worker Thread 10,5,main]) started.
:library:external:jsonviewer:processDebugNavigationResources (Thread[#510,Execution worker Thread 10,5,main]) started.

> Task :library:external:textdrawable:generateDebugResources FROM-CACHE
Build cache key for task ':library:external:textdrawable:generateDebugResources' is 40832643fcad935842070a79b4e42042
Task ':library:external:textdrawable:generateDebugResources' is not up-to-date because:
  Output property 'validationReportFile' file /home/codenia/Videos/OZ-Chat_Prod_23_Mar_bgNoti_working/OZ-Chat_Prod/20251125_OZ-Chat_Android_App/OZ-Chat_Android_Dev/library/external/textdrawable/build/intermediates/nested_resources_validation_report/debug/generateDebugResources/nestedResourcesValidationReport.txt has been removed.
Loaded cache entry for task ':library:external:textdrawable:generateDebugResources' with cache key 40832643fcad935842070a79b4e42042
Resolve mutations for :library:external:textdrawable:packageDebugResources (Thread[#504,Execution worker Thread 4,5,main]) started.
:library:external:textdrawable:packageDebugResources (Thread[#504,Execution worker Thread 4,5,main]) started.

> Task :matrix-sdk-android:generateDebugRFile FROM-CACHE
Build cache key for task ':matrix-sdk-android:generateDebugRFile' is 34a16d9a4140ab1bc4a182d629a1a2ca
Task ':matrix-sdk-android:generateDebugRFile' is not up-to-date because:
  Output property 'RClassOutputJar' file /home/codenia/Videos/OZ-Chat_Prod_23_Mar_bgNoti_working/OZ-Chat_Prod/20251125_OZ-Chat_Android_App/OZ-Chat_Android_Dev/matrix-sdk-android/build/intermediates/compile_r_class_jar/debug/generateDebugRFile/R.jar has been removed.
  Output property 'symbolsWithPackageNameOutputFile' file /home/codenia/Videos/OZ-Chat_Prod_23_Mar_bgNoti_working/OZ-Chat_Prod/20251125_OZ-Chat_Android_App/OZ-Chat_Android_Dev/matrix-sdk-android/build/intermediates/symbol_list_with_package_name/debug/generateDebugRFile/package-aware-r.txt has been removed.
  Output property 'textSymbolOutputFileProperty' file /home/codenia/Videos/OZ-Chat_Prod_23_Mar_bgNoti_working/OZ-Chat_Prod/20251125_OZ-Chat_Android_App/OZ-Chat_Android_Dev/matrix-sdk-android/build/intermediates/compile_symbol_list/debug/generateDebugRFile/R.txt has been removed.
Loaded cache entry for task ':matrix-sdk-android:generateDebugRFile' with cache key 34a16d9a4140ab1bc4a182d629a1a2ca
work action resolve package-aware-r.txt (project :matrix-sdk-android) (Thread[#502,Execution worker Thread 3,5,main]) started.
Resolve mutations for :matrix-sdk-android:kspDebugKotlin (Thread[#502,Execution worker Thread 3,5,main]) started.

> Task :library:external:span:packageDebugResources FROM-CACHE
Build cache key for task ':library:external:span:packageDebugResources' is 8bec51f1358fdab365d6f98fa95c90b7
Task ':library:external:span:packageDebugResources' is not up-to-date because:
  Output property 'dataBindingLayoutInfoOutFolder' file /home/codenia/Videos/OZ-Chat_Prod_23_Mar_bgNoti_working/OZ-Chat_Prod/20251125_OZ-Chat_Android_App/OZ-Chat_Android_Dev/library/external/span/build/intermediates/data_binding_layout_info_type_package/debug/packageDebugResources/out has been removed.
  Output property 'generatedPngsOutputDir' file /home/codenia/Videos/OZ-Chat_Prod_23_Mar_bgNoti_working/OZ-Chat_Prod/20251125_OZ-Chat_Android_App/OZ-Chat_Android_Dev/library/external/span/build/generated/res/pngs/debug has been removed.
  Output property 'incrementalFolder' file /home/codenia/Videos/OZ-Chat_Prod_23_Mar_bgNoti_working/OZ-Chat_Prod/20251125_OZ-Chat_Android_App/OZ-Chat_Android_Dev/library/external/span/build/intermediates/incremental/debug/packageDebugResources has been removed.
  and more...
Loaded cache entry for task ':library:external:span:packageDebugResources' with cache key 8bec51f1358fdab365d6f98fa95c90b7
Resolve mutations for :library:external:span:processDebugNavigationResources (Thread[#508,Execution worker Thread 8,5,main]) started.

> Task :library:external:jsonviewer:processDebugNavigationResources FROM-CACHE
Build cache key for task ':library:external:jsonviewer:processDebugNavigationResources' is e193ffcbefb4b9311c4e3ff4cc05e17c
Task ':library:external:jsonviewer:processDebugNavigationResources' is not up-to-date because:
  Output property 'outputDir' file /home/codenia/Videos/OZ-Chat_Prod_23_Mar_bgNoti_working/OZ-Chat_Prod/20251125_OZ-Chat_Android_App/OZ-Chat_Android_Dev/library/external/jsonviewer/build/generated/updated_navigation_xml/debug has been removed.
Loaded cache entry for task ':library:external:jsonviewer:processDebugNavigationResources' with cache key e193ffcbefb4b9311c4e3ff4cc05e17c
Resolve mutations for :library:external:jsonviewer:parseDebugLocalResources (Thread[#510,Execution worker Thread 10,5,main]) started.
:matrix-sdk-android:kspDebugKotlin (Thread[#502,Execution worker Thread 3,5,main]) started.
:library:external:jsonviewer:parseDebugLocalResources (Thread[#510,Execution worker Thread 10,5,main]) started.

> Task :library:external:diff-match-patch:jar
Caching disabled for task ':library:external:diff-match-patch:jar' because:
  Not worth caching
Task ':library:external:diff-match-patch:jar' is not up-to-date because:
  Output property 'archiveFile' file /home/codenia/Videos/OZ-Chat_Prod_23_Mar_bgNoti_working/OZ-Chat_Prod/20251125_OZ-Chat_Android_App/OZ-Chat_Android_Dev/library/external/diff-match-patch/build/libs/diff-match-patch.jar has been removed.
file or directory '/home/codenia/Videos/OZ-Chat_Prod_23_Mar_bgNoti_working/OZ-Chat_Prod/20251125_OZ-Chat_Android_App/OZ-Chat_Android_Dev/library/external/diff-match-patch/build/resources/main', not found

> Task :library:external:autocomplete:parseDebugLocalResources FROM-CACHE
Build cache key for task ':library:external:autocomplete:parseDebugLocalResources' is de6c4ef771d4ce94229870bc3bebd391
Task ':library:external:autocomplete:parseDebugLocalResources' is not up-to-date because:
  Output property 'librarySymbolsFile' file /home/codenia/Videos/OZ-Chat_Prod_23_Mar_bgNoti_working/OZ-Chat_Prod/20251125_OZ-Chat_Android_App/OZ-Chat_Android_Dev/library/external/autocomplete/build/intermediates/local_only_symbol_list/debug/parseDebugLocalResources/R-def.txt has been removed.
Loaded cache entry for task ':library:external:autocomplete:parseDebugLocalResources' with cache key de6c4ef771d4ce94229870bc3bebd391
:library:external:span:processDebugNavigationResources (Thread[#508,Execution worker Thread 8,5,main]) started.
Resolve mutations for :library:external:autocomplete:generateDebugRFile (Thread[#499,included builds,5,main]) started.

> Task :library:external:span:processDebugNavigationResources FROM-CACHE
Build cache key for task ':library:external:span:processDebugNavigationResources' is b7e794f6ca745bdf494515519b72ee6c
Task ':library:external:span:processDebugNavigationResources' is not up-to-date because:
  Output property 'outputDir' file /home/codenia/Videos/OZ-Chat_Prod_23_Mar_bgNoti_working/OZ-Chat_Prod/20251125_OZ-Chat_Android_App/OZ-Chat_Android_Dev/library/external/span/build/generated/updated_navigation_xml/debug has been removed.
Loaded cache entry for task ':library:external:span:processDebugNavigationResources' with cache key b7e794f6ca745bdf494515519b72ee6c
Resolve mutations for :library:external:span:parseDebugLocalResources (Thread[#508,Execution worker Thread 8,5,main]) started.
:library:external:span:parseDebugLocalResources (Thread[#508,Execution worker Thread 8,5,main]) started.
:library:external:autocomplete:generateDebugRFile (Thread[#499,included builds,5,main]) started.
work action resolve diff-match-patch.jar (project :library:external:diff-match-patch) (Thread[#501,Execution worker Thread 2,5,main]) started.
JetifyTransform (Thread[#501,Execution worker Thread 2,5,main]) started.

> Task :library:external:textdrawable:packageDebugResources FROM-CACHE
Build cache key for task ':library:external:textdrawable:packageDebugResources' is c3822b3422339fe8123802731d295450
Task ':library:external:textdrawable:packageDebugResources' is not up-to-date because:
  Output property 'dataBindingLayoutInfoOutFolder' file /home/codenia/Videos/OZ-Chat_Prod_23_Mar_bgNoti_working/OZ-Chat_Prod/20251125_OZ-Chat_Android_App/OZ-Chat_Android_Dev/library/external/textdrawable/build/intermediates/data_binding_layout_info_type_package/debug/packageDebugResources/out has been removed.
  Output property 'generatedPngsOutputDir' file /home/codenia/Videos/OZ-Chat_Prod_23_Mar_bgNoti_working/OZ-Chat_Prod/20251125_OZ-Chat_Android_App/OZ-Chat_Android_Dev/library/external/textdrawable/build/generated/res/pngs/debug has been removed.
  Output property 'incrementalFolder' file /home/codenia/Videos/OZ-Chat_Prod_23_Mar_bgNoti_working/OZ-Chat_Prod/20251125_OZ-Chat_Android_App/OZ-Chat_Android_Dev/library/external/textdrawable/build/intermediates/incremental/debug/packageDebugResources has been removed.
  and more...
Loaded cache entry for task ':library:external:textdrawable:packageDebugResources' with cache key c3822b3422339fe8123802731d295450
Resolve mutations for :library:external:textdrawable:processDebugNavigationResources (Thread[#504,Execution worker Thread 4,5,main]) started.
:library:external:textdrawable:processDebugNavigationResources (Thread[#504,Execution worker Thread 4,5,main]) started.

> Task :library:external:jsonviewer:parseDebugLocalResources FROM-CACHE
Build cache key for task ':library:external:jsonviewer:parseDebugLocalResources' is da0057236f9a716db4e27ec148da13c3
Task ':library:external:jsonviewer:parseDebugLocalResources' is not up-to-date because:
  Output property 'librarySymbolsFile' file /home/codenia/Videos/OZ-Chat_Prod_23_Mar_bgNoti_working/OZ-Chat_Prod/20251125_OZ-Chat_Android_App/OZ-Chat_Android_Dev/library/external/jsonviewer/build/intermediates/local_only_symbol_list/debug/parseDebugLocalResources/R-def.txt has been removed.
Loaded cache entry for task ':library:external:jsonviewer:parseDebugLocalResources' with cache key da0057236f9a716db4e27ec148da13c3
Resolve mutations for :library:external:jsonviewer:generateDebugRFile (Thread[#510,Execution worker Thread 10,5,main]) started.
:library:external:jsonviewer:generateDebugRFile (Thread[#510,Execution worker Thread 10,5,main]) started.

> Task :library:external:textdrawable:processDebugNavigationResources FROM-CACHE
Build cache key for task ':library:external:textdrawable:processDebugNavigationResources' is b7e794f6ca745bdf494515519b72ee6c
Task ':library:external:textdrawable:processDebugNavigationResources' is not up-to-date because:
  Output property 'outputDir' file /home/codenia/Videos/OZ-Chat_Prod_23_Mar_bgNoti_working/OZ-Chat_Prod/20251125_OZ-Chat_Android_App/OZ-Chat_Android_Dev/library/external/textdrawable/build/generated/updated_navigation_xml/debug has been removed.
Loaded cache entry for task ':library:external:textdrawable:processDebugNavigationResources' with cache key b7e794f6ca745bdf494515519b72ee6c
Resolve mutations for :library:external:textdrawable:parseDebugLocalResources (Thread[#504,Execution worker Thread 4,5,main]) started.
:library:external:textdrawable:parseDebugLocalResources (Thread[#504,Execution worker Thread 4,5,main]) started.

> Task :library:external:jsonviewer:generateDebugRFile FROM-CACHE
Build cache key for task ':library:external:jsonviewer:generateDebugRFile' is 8e34f76fe31d3476b4ce70536e33684d
Task ':library:external:jsonviewer:generateDebugRFile' is not up-to-date because:
  Output property 'RClassOutputJar' file /home/codenia/Videos/OZ-Chat_Prod_23_Mar_bgNoti_working/OZ-Chat_Prod/20251125_OZ-Chat_Android_App/OZ-Chat_Android_Dev/library/external/jsonviewer/build/intermediates/compile_r_class_jar/debug/generateDebugRFile/R.jar has been removed.
  Output property 'symbolsWithPackageNameOutputFile' file /home/codenia/Videos/OZ-Chat_Prod_23_Mar_bgNoti_working/OZ-Chat_Prod/20251125_OZ-Chat_Android_App/OZ-Chat_Android_Dev/library/external/jsonviewer/build/intermediates/symbol_list_with_package_name/debug/generateDebugRFile/package-aware-r.txt has been removed.
  Output property 'textSymbolOutputFileProperty' file /home/codenia/Videos/OZ-Chat_Prod_23_Mar_bgNoti_working/OZ-Chat_Prod/20251125_OZ-Chat_Android_App/OZ-Chat_Android_Dev/library/external/jsonviewer/build/intermediates/compile_symbol_list/debug/generateDebugRFile/R.txt has been removed.
Loaded cache entry for task ':library:external:jsonviewer:generateDebugRFile' with cache key 8e34f76fe31d3476b4ce70536e33684d
work action resolve package-aware-r.txt (project :library:external:jsonviewer) (Thread[#510,Execution worker Thread 10,5,main]) started.
Resolve mutations for :library:external:barcodescanner:core:preBuild (Thread[#510,Execution worker Thread 10,5,main]) started.
:library:external:barcodescanner:core:preBuild (Thread[#510,Execution worker Thread 10,5,main]) started.

> Task :library:external:barcodescanner:core:preBuild UP-TO-DATE
Skipping task ':library:external:barcodescanner:core:preBuild' as it has no actions.
Resolve mutations for :library:external:barcodescanner:core:preDebugBuild (Thread[#510,Execution worker Thread 10,5,main]) started.
:library:external:barcodescanner:core:preDebugBuild (Thread[#510,Execution worker Thread 10,5,main]) started.

> Task :library:external:barcodescanner:core:preDebugBuild UP-TO-DATE
Skipping task ':library:external:barcodescanner:core:preDebugBuild' as it has no actions.
Resolve mutations for :library:external:barcodescanner:core:generateDebugResValues (Thread[#510,Execution worker Thread 10,5,main]) started.
:library:external:barcodescanner:core:generateDebugResValues (Thread[#510,Execution worker Thread 10,5,main]) started.

> Task :library:external:textdrawable:parseDebugLocalResources FROM-CACHE
Build cache key for task ':library:external:textdrawable:parseDebugLocalResources' is de6c4ef771d4ce94229870bc3bebd391
Task ':library:external:textdrawable:parseDebugLocalResources' is not up-to-date because:
  Output property 'librarySymbolsFile' file /home/codenia/Videos/OZ-Chat_Prod_23_Mar_bgNoti_working/OZ-Chat_Prod/20251125_OZ-Chat_Android_App/OZ-Chat_Android_Dev/library/external/textdrawable/build/intermediates/local_only_symbol_list/debug/parseDebugLocalResources/R-def.txt has been removed.
Loaded cache entry for task ':library:external:textdrawable:parseDebugLocalResources' with cache key de6c4ef771d4ce94229870bc3bebd391
Resolve mutations for :library:external:textdrawable:generateDebugRFile (Thread[#504,Execution worker Thread 4,5,main]) started.

> Task :library:external:autocomplete:generateDebugRFile FROM-CACHE
Build cache key for task ':library:external:autocomplete:generateDebugRFile' is a038c283d009da8f568112f62cd1fefa
Task ':library:external:autocomplete:generateDebugRFile' is not up-to-date because:
  Output property 'RClassOutputJar' file /home/codenia/Videos/OZ-Chat_Prod_23_Mar_bgNoti_working/OZ-Chat_Prod/20251125_OZ-Chat_Android_App/OZ-Chat_Android_Dev/library/external/autocomplete/build/intermediates/compile_r_class_jar/debug/generateDebugRFile/R.jar has been removed.
  Output property 'symbolsWithPackageNameOutputFile' file /home/codenia/Videos/OZ-Chat_Prod_23_Mar_bgNoti_working/OZ-Chat_Prod/20251125_OZ-Chat_Android_App/OZ-Chat_Android_Dev/library/external/autocomplete/build/intermediates/symbol_list_with_package_name/debug/generateDebugRFile/package-aware-r.txt has been removed.
  Output property 'textSymbolOutputFileProperty' file /home/codenia/Videos/OZ-Chat_Prod_23_Mar_bgNoti_working/OZ-Chat_Prod/20251125_OZ-Chat_Android_App/OZ-Chat_Android_Dev/library/external/autocomplete/build/intermediates/compile_symbol_list/debug/generateDebugRFile/R.txt has been removed.
Loaded cache entry for task ':library:external:autocomplete:generateDebugRFile' with cache key a038c283d009da8f568112f62cd1fefa
work action resolve package-aware-r.txt (project :library:external:autocomplete) (Thread[#499,included builds,5,main]) started.
Resolve mutations for :library:external:barcodescanner:zxing:preBuild (Thread[#499,included builds,5,main]) started.
:library:external:textdrawable:generateDebugRFile (Thread[#504,Execution worker Thread 4,5,main]) started.
:library:external:barcodescanner:zxing:preBuild (Thread[#499,included builds,5,main]) started.

> Task :library:external:barcodescanner:zxing:preBuild UP-TO-DATE
Skipping task ':library:external:barcodescanner:zxing:preBuild' as it has no actions.
Resolve mutations for :library:external:barcodescanner:zxing:preDebugBuild (Thread[#499,included builds,5,main]) started.
:library:external:barcodescanner:zxing:preDebugBuild (Thread[#499,included builds,5,main]) started.

> Task :library:external:barcodescanner:zxing:preDebugBuild UP-TO-DATE
Skipping task ':library:external:barcodescanner:zxing:preDebugBuild' as it has no actions.
Resolve mutations for :library:external:barcodescanner:zxing:generateDebugResValues (Thread[#499,included builds,5,main]) started.
:library:external:barcodescanner:zxing:generateDebugResValues (Thread[#499,included builds,5,main]) started.

> Task :library:external:span:parseDebugLocalResources FROM-CACHE
Build cache key for task ':library:external:span:parseDebugLocalResources' is de6c4ef771d4ce94229870bc3bebd391
Task ':library:external:span:parseDebugLocalResources' is not up-to-date because:
  Output property 'librarySymbolsFile' file /home/codenia/Videos/OZ-Chat_Prod_23_Mar_bgNoti_working/OZ-Chat_Prod/20251125_OZ-Chat_Android_App/OZ-Chat_Android_Dev/library/external/span/build/intermediates/local_only_symbol_list/debug/parseDebugLocalResources/R-def.txt has been removed.
Loaded cache entry for task ':library:external:span:parseDebugLocalResources' with cache key de6c4ef771d4ce94229870bc3bebd391
Resolve mutations for :library:external:span:generateDebugRFile (Thread[#508,Execution worker Thread 8,5,main]) started.
:library:external:span:generateDebugRFile (Thread[#508,Execution worker Thread 8,5,main]) started.

> Task :library:external:barcodescanner:core:generateDebugResValues FROM-CACHE
Build cache key for task ':library:external:barcodescanner:core:generateDebugResValues' is 7ddcfed5d8bb11c41f31736a8dd21aeb
Task ':library:external:barcodescanner:core:generateDebugResValues' is not up-to-date because:
  Output property 'outputDirectory' file /home/codenia/Videos/OZ-Chat_Prod_23_Mar_bgNoti_working/OZ-Chat_Prod/20251125_OZ-Chat_Android_App/OZ-Chat_Android_Dev/library/external/barcodescanner/core/build/generated/res/resValues/debug has been removed.
Loaded cache entry for task ':library:external:barcodescanner:core:generateDebugResValues' with cache key 7ddcfed5d8bb11c41f31736a8dd21aeb
Resolve mutations for :library:external:barcodescanner:core:generateDebugResources (Thread[#510,Execution worker Thread 10,5,main]) started.
:library:external:barcodescanner:core:generateDebugResources (Thread[#510,Execution worker Thread 10,5,main]) started.

> Task :library:external:realmfieldnameshelper:jar
Caching disabled for task ':library:external:realmfieldnameshelper:jar' because:
  Not worth caching
Task ':library:external:realmfieldnameshelper:jar' is not up-to-date because:
  Output property 'archiveFile' file /home/codenia/Videos/OZ-Chat_Prod_23_Mar_bgNoti_working/OZ-Chat_Prod/20251125_OZ-Chat_Android_App/OZ-Chat_Android_Dev/library/external/realmfieldnameshelper/build/libs/realmfieldnameshelper.jar has been removed.
file or directory '/home/codenia/Videos/OZ-Chat_Prod_23_Mar_bgNoti_working/OZ-Chat_Prod/20251125_OZ-Chat_Android_App/OZ-Chat_Android_Dev/library/external/realmfieldnameshelper/build/classes/java/main', not found
work action resolve realmfieldnameshelper.jar (project :library:external:realmfieldnameshelper) (Thread[#507,Execution worker Thread 7,5,main]) started.
JetifyTransform (Thread[#507,Execution worker Thread 7,5,main]) started.

> Task :library:external:barcodescanner:zxing:generateDebugResValues FROM-CACHE
Build cache key for task ':library:external:barcodescanner:zxing:generateDebugResValues' is 7ddcfed5d8bb11c41f31736a8dd21aeb
Task ':library:external:barcodescanner:zxing:generateDebugResValues' is not up-to-date because:
  Output property 'outputDirectory' file /home/codenia/Videos/OZ-Chat_Prod_23_Mar_bgNoti_working/OZ-Chat_Prod/20251125_OZ-Chat_Android_App/OZ-Chat_Android_Dev/library/external/barcodescanner/zxing/build/generated/res/resValues/debug has been removed.
Loaded cache entry for task ':library:external:barcodescanner:zxing:generateDebugResValues' with cache key 7ddcfed5d8bb11c41f31736a8dd21aeb
Resolve mutations for :library:external:barcodescanner:zxing:generateDebugResources (Thread[#499,included builds,5,main]) started.
:library:external:barcodescanner:zxing:generateDebugResources (Thread[#499,included builds,5,main]) started.

> Task :library:external:barcodescanner:zxing:generateDebugResources FROM-CACHE
Build cache key for task ':library:external:barcodescanner:zxing:generateDebugResources' is 40832643fcad935842070a79b4e42042
Task ':library:external:barcodescanner:zxing:generateDebugResources' is not up-to-date because:
  Output property 'validationReportFile' file /home/codenia/Videos/OZ-Chat_Prod_23_Mar_bgNoti_working/OZ-Chat_Prod/20251125_OZ-Chat_Android_App/OZ-Chat_Android_Dev/library/external/barcodescanner/zxing/build/intermediates/nested_resources_validation_report/debug/generateDebugResources/nestedResourcesValidationReport.txt has been removed.
Loaded cache entry for task ':library:external:barcodescanner:zxing:generateDebugResources' with cache key 40832643fcad935842070a79b4e42042
Resolve mutations for :library:external:barcodescanner:zxing:packageDebugResources (Thread[#499,included builds,5,main]) started.
:library:external:barcodescanner:zxing:packageDebugResources (Thread[#499,included builds,5,main]) started.

> Task :library:external:textdrawable:generateDebugRFile FROM-CACHE
Build cache key for task ':library:external:textdrawable:generateDebugRFile' is 29b109d805f14dc3f12f480122faa6ad
Task ':library:external:textdrawable:generateDebugRFile' is not up-to-date because:
  Output property 'RClassOutputJar' file /home/codenia/Videos/OZ-Chat_Prod_23_Mar_bgNoti_working/OZ-Chat_Prod/20251125_OZ-Chat_Android_App/OZ-Chat_Android_Dev/library/external/textdrawable/build/intermediates/compile_r_class_jar/debug/generateDebugRFile/R.jar has been removed.
  Output property 'symbolsWithPackageNameOutputFile' file /home/codenia/Videos/OZ-Chat_Prod_23_Mar_bgNoti_working/OZ-Chat_Prod/20251125_OZ-Chat_Android_App/OZ-Chat_Android_Dev/library/external/textdrawable/build/intermediates/symbol_list_with_package_name/debug/generateDebugRFile/package-aware-r.txt has been removed.
  Output property 'textSymbolOutputFileProperty' file /home/codenia/Videos/OZ-Chat_Prod_23_Mar_bgNoti_working/OZ-Chat_Prod/20251125_OZ-Chat_Android_App/OZ-Chat_Android_Dev/library/external/textdrawable/build/intermediates/compile_symbol_list/debug/generateDebugRFile/R.txt has been removed.
Loaded cache entry for task ':library:external:textdrawable:generateDebugRFile' with cache key 29b109d805f14dc3f12f480122faa6ad
work action resolve package-aware-r.txt (project :library:external:textdrawable) (Thread[#504,Execution worker Thread 4,5,main]) started.
Resolve mutations for :vector-config:checkKotlinGradlePluginConfigurationErrors (Thread[#504,Execution worker Thread 4,5,main]) started.

> Task :library:external:barcodescanner:core:generateDebugResources FROM-CACHE
Build cache key for task ':library:external:barcodescanner:core:generateDebugResources' is 726d9b0aa4aa7423dca27c713ff9f9ea
Task ':library:external:barcodescanner:core:generateDebugResources' is not up-to-date because:
  Output property 'validationReportFile' file /home/codenia/Videos/OZ-Chat_Prod_23_Mar_bgNoti_working/OZ-Chat_Prod/20251125_OZ-Chat_Android_App/OZ-Chat_Android_Dev/library/external/barcodescanner/core/build/intermediates/nested_resources_validation_report/debug/generateDebugResources/nestedResourcesValidationReport.txt has been removed.
Loaded cache entry for task ':library:external:barcodescanner:core:generateDebugResources' with cache key 726d9b0aa4aa7423dca27c713ff9f9ea
Resolve mutations for :library:external:barcodescanner:core:packageDebugResources (Thread[#510,Execution worker Thread 10,5,main]) started.
:library:external:barcodescanner:core:packageDebugResources (Thread[#510,Execution worker Thread 10,5,main]) started.
:vector-config:checkKotlinGradlePluginConfigurationErrors (Thread[#504,Execution worker Thread 4,5,main]) started.

> Task :vector-config:checkKotlinGradlePluginConfigurationErrors SKIPPED
Skipping task ':vector-config:checkKotlinGradlePluginConfigurationErrors' as task onlyIf 'errorDiagnostics are present' is false.
Resolve mutations for :vector-config:compileDebugKotlin (Thread[#504,Execution worker Thread 4,5,main]) started.
:vector-config:compileDebugKotlin (Thread[#504,Execution worker Thread 4,5,main]) started.

> Task :library:external:span:generateDebugRFile FROM-CACHE
Build cache key for task ':library:external:span:generateDebugRFile' is bd6450884b9256fca4bc9cd537733b78
Task ':library:external:span:generateDebugRFile' is not up-to-date because:
  Output property 'RClassOutputJar' file /home/codenia/Videos/OZ-Chat_Prod_23_Mar_bgNoti_working/OZ-Chat_Prod/20251125_OZ-Chat_Android_App/OZ-Chat_Android_Dev/library/external/span/build/intermediates/compile_r_class_jar/debug/generateDebugRFile/R.jar has been removed.
  Output property 'symbolsWithPackageNameOutputFile' file /home/codenia/Videos/OZ-Chat_Prod_23_Mar_bgNoti_working/OZ-Chat_Prod/20251125_OZ-Chat_Android_App/OZ-Chat_Android_Dev/library/external/span/build/intermediates/symbol_list_with_package_name/debug/generateDebugRFile/package-aware-r.txt has been removed.
  Output property 'textSymbolOutputFileProperty' file /home/codenia/Videos/OZ-Chat_Prod_23_Mar_bgNoti_working/OZ-Chat_Prod/20251125_OZ-Chat_Android_App/OZ-Chat_Android_Dev/library/external/span/build/intermediates/compile_symbol_list/debug/generateDebugRFile/R.txt has been removed.
Loaded cache entry for task ':library:external:span:generateDebugRFile' with cache key bd6450884b9256fca4bc9cd537733b78
work action resolve package-aware-r.txt (project :library:external:span) (Thread[#508,Execution worker Thread 8,5,main]) started.
Resolve mutations for :library:core-utils:checkKotlinGradlePluginConfigurationErrors (Thread[#508,Execution worker Thread 8,5,main]) started.
:library:core-utils:checkKotlinGradlePluginConfigurationErrors (Thread[#508,Execution worker Thread 8,5,main]) started.

> Task :library:core-utils:checkKotlinGradlePluginConfigurationErrors SKIPPED
Skipping task ':library:core-utils:checkKotlinGradlePluginConfigurationErrors' as task onlyIf 'errorDiagnostics are present' is false.
Resolve mutations for :library:core-utils:compileDebugKotlin (Thread[#508,Execution worker Thread 8,5,main]) started.
:library:core-utils:compileDebugKotlin (Thread[#508,Execution worker Thread 8,5,main]) started.

> Task :library:external:barcodescanner:core:packageDebugResources FROM-CACHE
Build cache key for task ':library:external:barcodescanner:core:packageDebugResources' is 3bff1aee209a535d11a409c94ca53bce
Task ':library:external:barcodescanner:core:packageDebugResources' is not up-to-date because:
  Output property 'dataBindingLayoutInfoOutFolder' file /home/codenia/Videos/OZ-Chat_Prod_23_Mar_bgNoti_working/OZ-Chat_Prod/20251125_OZ-Chat_Android_App/OZ-Chat_Android_Dev/library/external/barcodescanner/core/build/intermediates/data_binding_layout_info_type_package/debug/packageDebugResources/out has been removed.
  Output property 'generatedPngsOutputDir' file /home/codenia/Videos/OZ-Chat_Prod_23_Mar_bgNoti_working/OZ-Chat_Prod/20251125_OZ-Chat_Android_App/OZ-Chat_Android_Dev/library/external/barcodescanner/core/build/generated/res/pngs/debug has been removed.
  Output property 'incrementalFolder' file /home/codenia/Videos/OZ-Chat_Prod_23_Mar_bgNoti_working/OZ-Chat_Prod/20251125_OZ-Chat_Android_App/OZ-Chat_Android_Dev/library/external/barcodescanner/core/build/intermediates/incremental/debug/packageDebugResources has been removed.
  and more...
Loaded cache entry for task ':library:external:barcodescanner:core:packageDebugResources' with cache key 3bff1aee209a535d11a409c94ca53bce
Resolve mutations for :library:external:barcodescanner:core:processDebugNavigationResources (Thread[#510,Execution worker Thread 10,5,main]) started.
:library:external:barcodescanner:core:processDebugNavigationResources (Thread[#510,Execution worker Thread 10,5,main]) started.

> Task :library:external:barcodescanner:zxing:packageDebugResources FROM-CACHE
Build cache key for task ':library:external:barcodescanner:zxing:packageDebugResources' is 85c59bfe4b24c1495bfd0f24e814fa5a
Task ':library:external:barcodescanner:zxing:packageDebugResources' is not up-to-date because:
  Output property 'dataBindingLayoutInfoOutFolder' file /home/codenia/Videos/OZ-Chat_Prod_23_Mar_bgNoti_working/OZ-Chat_Prod/20251125_OZ-Chat_Android_App/OZ-Chat_Android_Dev/library/external/barcodescanner/zxing/build/intermediates/data_binding_layout_info_type_package/debug/packageDebugResources/out has been removed.
  Output property 'generatedPngsOutputDir' file /home/codenia/Videos/OZ-Chat_Prod_23_Mar_bgNoti_working/OZ-Chat_Prod/20251125_OZ-Chat_Android_App/OZ-Chat_Android_Dev/library/external/barcodescanner/zxing/build/generated/res/pngs/debug has been removed.
  Output property 'incrementalFolder' file /home/codenia/Videos/OZ-Chat_Prod_23_Mar_bgNoti_working/OZ-Chat_Prod/20251125_OZ-Chat_Android_App/OZ-Chat_Android_Dev/library/external/barcodescanner/zxing/build/intermediates/incremental/debug/packageDebugResources has been removed.
  and more...
Loaded cache entry for task ':library:external:barcodescanner:zxing:packageDebugResources' with cache key 85c59bfe4b24c1495bfd0f24e814fa5a
Resolve mutations for :library:external:barcodescanner:zxing:processDebugNavigationResources (Thread[#499,included builds,5,main]) started.
:library:external:barcodescanner:zxing:processDebugNavigationResources (Thread[#499,included builds,5,main]) started.

> Task :library:external:barcodescanner:core:processDebugNavigationResources FROM-CACHE
Build cache key for task ':library:external:barcodescanner:core:processDebugNavigationResources' is 19eb459ba90162aec7485ed49500cdee
Task ':library:external:barcodescanner:core:processDebugNavigationResources' is not up-to-date because:
  Output property 'outputDir' file /home/codenia/Videos/OZ-Chat_Prod_23_Mar_bgNoti_working/OZ-Chat_Prod/20251125_OZ-Chat_Android_App/OZ-Chat_Android_Dev/library/external/barcodescanner/core/build/generated/updated_navigation_xml/debug has been removed.
Loaded cache entry for task ':library:external:barcodescanner:core:processDebugNavigationResources' with cache key 19eb459ba90162aec7485ed49500cdee
Resolve mutations for :library:external:barcodescanner:core:parseDebugLocalResources (Thread[#510,Execution worker Thread 10,5,main]) started.
:library:external:barcodescanner:core:parseDebugLocalResources (Thread[#510,Execution worker Thread 10,5,main]) started.

> Task :library:external:barcodescanner:zxing:processDebugNavigationResources FROM-CACHE
Build cache key for task ':library:external:barcodescanner:zxing:processDebugNavigationResources' is b7e794f6ca745bdf494515519b72ee6c
Task ':library:external:barcodescanner:zxing:processDebugNavigationResources' is not up-to-date because:
  Output property 'outputDir' file /home/codenia/Videos/OZ-Chat_Prod_23_Mar_bgNoti_working/OZ-Chat_Prod/20251125_OZ-Chat_Android_App/OZ-Chat_Android_Dev/library/external/barcodescanner/zxing/build/generated/updated_navigation_xml/debug has been removed.
Loaded cache entry for task ':library:external:barcodescanner:zxing:processDebugNavigationResources' with cache key b7e794f6ca745bdf494515519b72ee6c
Resolve mutations for :library:external:barcodescanner:zxing:parseDebugLocalResources (Thread[#499,included builds,5,main]) started.
:library:external:barcodescanner:zxing:parseDebugLocalResources (Thread[#499,included builds,5,main]) started.

> Task :library:external:barcodescanner:core:parseDebugLocalResources FROM-CACHE
Build cache key for task ':library:external:barcodescanner:core:parseDebugLocalResources' is 3a2e00e85b9df994653616cee8a5d45b
Task ':library:external:barcodescanner:core:parseDebugLocalResources' is not up-to-date because:
  Output property 'librarySymbolsFile' file /home/codenia/Videos/OZ-Chat_Prod_23_Mar_bgNoti_working/OZ-Chat_Prod/20251125_OZ-Chat_Android_App/OZ-Chat_Android_Dev/library/external/barcodescanner/core/build/intermediates/local_only_symbol_list/debug/parseDebugLocalResources/R-def.txt has been removed.
Loaded cache entry for task ':library:external:barcodescanner:core:parseDebugLocalResources' with cache key 3a2e00e85b9df994653616cee8a5d45b
Resolve mutations for :library:external:barcodescanner:core:generateDebugRFile (Thread[#510,Execution worker Thread 10,5,main]) started.
:library:external:barcodescanner:core:generateDebugRFile (Thread[#510,Execution worker Thread 10,5,main]) started.

> Task :library:external:barcodescanner:zxing:parseDebugLocalResources FROM-CACHE
Build cache key for task ':library:external:barcodescanner:zxing:parseDebugLocalResources' is de6c4ef771d4ce94229870bc3bebd391
Task ':library:external:barcodescanner:zxing:parseDebugLocalResources' is not up-to-date because:
  Output property 'librarySymbolsFile' file /home/codenia/Videos/OZ-Chat_Prod_23_Mar_bgNoti_working/OZ-Chat_Prod/20251125_OZ-Chat_Android_App/OZ-Chat_Android_Dev/library/external/barcodescanner/zxing/build/intermediates/local_only_symbol_list/debug/parseDebugLocalResources/R-def.txt has been removed.
Loaded cache entry for task ':library:external:barcodescanner:zxing:parseDebugLocalResources' with cache key de6c4ef771d4ce94229870bc3bebd391
Resolve mutations for :library:external:barcodescanner:zxing:generateDebugRFile (Thread[#499,included builds,5,main]) started.
:library:external:barcodescanner:zxing:generateDebugRFile (Thread[#499,included builds,5,main]) started.

> Task :library:external:dialpad:packageDebugResources FROM-CACHE
Build cache key for task ':library:external:dialpad:packageDebugResources' is 6bf0b94b3acd44d1062de3dd392bb75e
Task ':library:external:dialpad:packageDebugResources' is not up-to-date because:
  Output property 'dataBindingLayoutInfoOutFolder' file /home/codenia/Videos/OZ-Chat_Prod_23_Mar_bgNoti_working/OZ-Chat_Prod/20251125_OZ-Chat_Android_App/OZ-Chat_Android_Dev/library/external/dialpad/build/intermediates/data_binding_layout_info_type_package/debug/packageDebugResources/out has been removed.
  Output property 'generatedPngsOutputDir' file /home/codenia/Videos/OZ-Chat_Prod_23_Mar_bgNoti_working/OZ-Chat_Prod/20251125_OZ-Chat_Android_App/OZ-Chat_Android_Dev/library/external/dialpad/build/generated/res/pngs/debug has been removed.
  Output property 'incrementalFolder' file /home/codenia/Videos/OZ-Chat_Prod_23_Mar_bgNoti_working/OZ-Chat_Prod/20251125_OZ-Chat_Android_App/OZ-Chat_Android_Dev/library/external/dialpad/build/intermediates/incremental/debug/packageDebugResources has been removed.
  and more...
Loaded cache entry for task ':library:external:dialpad:packageDebugResources' with cache key 6bf0b94b3acd44d1062de3dd392bb75e
Resolve mutations for :library:external:dialpad:processDebugNavigationResources (Thread[#505,Execution worker Thread 5,5,main]) started.
:library:external:dialpad:processDebugNavigationResources (Thread[#505,Execution worker Thread 5,5,main]) started.

> Task :library:external:barcodescanner:core:generateDebugRFile FROM-CACHE
Build cache key for task ':library:external:barcodescanner:core:generateDebugRFile' is 8a4e1ab99c8154b327b3857624a1abcc
Task ':library:external:barcodescanner:core:generateDebugRFile' is not up-to-date because:
  Output property 'RClassOutputJar' file /home/codenia/Videos/OZ-Chat_Prod_23_Mar_bgNoti_working/OZ-Chat_Prod/20251125_OZ-Chat_Android_App/OZ-Chat_Android_Dev/library/external/barcodescanner/core/build/intermediates/compile_r_class_jar/debug/generateDebugRFile/R.jar has been removed.
  Output property 'symbolsWithPackageNameOutputFile' file /home/codenia/Videos/OZ-Chat_Prod_23_Mar_bgNoti_working/OZ-Chat_Prod/20251125_OZ-Chat_Android_App/OZ-Chat_Android_Dev/library/external/barcodescanner/core/build/intermediates/symbol_list_with_package_name/debug/generateDebugRFile/package-aware-r.txt has been removed.
  Output property 'textSymbolOutputFileProperty' file /home/codenia/Videos/OZ-Chat_Prod_23_Mar_bgNoti_working/OZ-Chat_Prod/20251125_OZ-Chat_Android_App/OZ-Chat_Android_Dev/library/external/barcodescanner/core/build/intermediates/compile_symbol_list/debug/generateDebugRFile/R.txt has been removed.
Loaded cache entry for task ':library:external:barcodescanner:core:generateDebugRFile' with cache key 8a4e1ab99c8154b327b3857624a1abcc
work action resolve package-aware-r.txt (project :library:external:barcodescanner:core) (Thread[#510,Execution worker Thread 10,5,main]) started.
Resolve mutations for :library:multipicker:checkKotlinGradlePluginConfigurationErrors (Thread[#510,Execution worker Thread 10,5,main]) started.
:library:multipicker:checkKotlinGradlePluginConfigurationErrors (Thread[#510,Execution worker Thread 10,5,main]) started.

> Task :library:multipicker:checkKotlinGradlePluginConfigurationErrors SKIPPED
Skipping task ':library:multipicker:checkKotlinGradlePluginConfigurationErrors' as task onlyIf 'errorDiagnostics are present' is false.
Resolve mutations for :library:multipicker:javaPreCompileDebug (Thread[#510,Execution worker Thread 10,5,main]) started.
:library:multipicker:javaPreCompileDebug (Thread[#510,Execution worker Thread 10,5,main]) started.

> Task :library:external:barcodescanner:zxing:generateDebugRFile FROM-CACHE
Build cache key for task ':library:external:barcodescanner:zxing:generateDebugRFile' is 7d3e045cd4631b2d2c4aba3b30daac02
Task ':library:external:barcodescanner:zxing:generateDebugRFile' is not up-to-date because:
  Output property 'RClassOutputJar' file /home/codenia/Videos/OZ-Chat_Prod_23_Mar_bgNoti_working/OZ-Chat_Prod/20251125_OZ-Chat_Android_App/OZ-Chat_Android_Dev/library/external/barcodescanner/zxing/build/intermediates/compile_r_class_jar/debug/generateDebugRFile/R.jar has been removed.
  Output property 'symbolsWithPackageNameOutputFile' file /home/codenia/Videos/OZ-Chat_Prod_23_Mar_bgNoti_working/OZ-Chat_Prod/20251125_OZ-Chat_Android_App/OZ-Chat_Android_Dev/library/external/barcodescanner/zxing/build/intermediates/symbol_list_with_package_name/debug/generateDebugRFile/package-aware-r.txt has been removed.
  Output property 'textSymbolOutputFileProperty' file /home/codenia/Videos/OZ-Chat_Prod_23_Mar_bgNoti_working/OZ-Chat_Prod/20251125_OZ-Chat_Android_App/OZ-Chat_Android_Dev/library/external/barcodescanner/zxing/build/intermediates/compile_symbol_list/debug/generateDebugRFile/R.txt has been removed.
Loaded cache entry for task ':library:external:barcodescanner:zxing:generateDebugRFile' with cache key 7d3e045cd4631b2d2c4aba3b30daac02
work action resolve package-aware-r.txt (project :library:external:barcodescanner:zxing) (Thread[#499,included builds,5,main]) started.
Resolve mutations for :library:external:autocomplete:checkKotlinGradlePluginConfigurationErrors (Thread[#499,included builds,5,main]) started.
:library:external:autocomplete:checkKotlinGradlePluginConfigurationErrors (Thread[#499,included builds,5,main]) started.

> Task :library:external:autocomplete:checkKotlinGradlePluginConfigurationErrors SKIPPED
Skipping task ':library:external:autocomplete:checkKotlinGradlePluginConfigurationErrors' as task onlyIf 'errorDiagnostics are present' is false.
Resolve mutations for :library:external:autocomplete:compileDebugKotlin (Thread[#499,included builds,5,main]) started.
:library:external:autocomplete:compileDebugKotlin (Thread[#499,included builds,5,main]) started.

> Task :library:external:dialpad:processDebugNavigationResources FROM-CACHE
Build cache key for task ':library:external:dialpad:processDebugNavigationResources' is 2fda9724c7bf8ee284df99647a9285df
Task ':library:external:dialpad:processDebugNavigationResources' is not up-to-date because:
  Output property 'outputDir' file /home/codenia/Videos/OZ-Chat_Prod_23_Mar_bgNoti_working/OZ-Chat_Prod/20251125_OZ-Chat_Android_App/OZ-Chat_Android_Dev/library/external/dialpad/build/generated/updated_navigation_xml/debug has been removed.
Loaded cache entry for task ':library:external:dialpad:processDebugNavigationResources' with cache key 2fda9724c7bf8ee284df99647a9285df
Resolve mutations for :library:external:dialpad:parseDebugLocalResources (Thread[#505,Execution worker Thread 5,5,main]) started.
:library:external:dialpad:parseDebugLocalResources (Thread[#505,Execution worker Thread 5,5,main]) started.

> Task :library:external:autocomplete:compileDebugKotlin NO-SOURCE
Skipping task ':library:external:autocomplete:compileDebugKotlin' as it has no source files and no previous output files.
Resolve mutations for :library:external:autocomplete:javaPreCompileDebug (Thread[#499,included builds,5,main]) started.
:library:external:autocomplete:javaPreCompileDebug (Thread[#499,included builds,5,main]) started.

> Task :library:multipicker:javaPreCompileDebug FROM-CACHE
Build cache key for task ':library:multipicker:javaPreCompileDebug' is 7e28b9d4dddfbf93bbc5b806a026475c
Task ':library:multipicker:javaPreCompileDebug' is not up-to-date because:
  Output property 'annotationProcessorListFile' file /home/codenia/Videos/OZ-Chat_Prod_23_Mar_bgNoti_working/OZ-Chat_Prod/20251125_OZ-Chat_Android_App/OZ-Chat_Android_Dev/library/multipicker/build/intermediates/annotation_processor_list/debug/javaPreCompileDebug/annotationProcessors.json has been removed.
Loaded cache entry for task ':library:multipicker:javaPreCompileDebug' with cache key 7e28b9d4dddfbf93bbc5b806a026475c
Resolve mutations for :library:external:jsonviewer:checkKotlinGradlePluginConfigurationErrors (Thread[#510,Execution worker Thread 10,5,main]) started.
:library:external:jsonviewer:checkKotlinGradlePluginConfigurationErrors (Thread[#510,Execution worker Thread 10,5,main]) started.

> Task :library:external:jsonviewer:checkKotlinGradlePluginConfigurationErrors SKIPPED
Skipping task ':library:external:jsonviewer:checkKotlinGradlePluginConfigurationErrors' as task onlyIf 'errorDiagnostics are present' is false.
Resolve mutations for :library:external:span:checkKotlinGradlePluginConfigurationErrors (Thread[#510,Execution worker Thread 10,5,main]) started.
:library:external:span:checkKotlinGradlePluginConfigurationErrors (Thread[#510,Execution worker Thread 10,5,main]) started.

> Task :vector-config:compileDebugKotlin FROM-CACHE
Build cache key for task ':vector-config:compileDebugKotlin' is 3a1ffab36ec5604bc5db427906ae5abf
Task ':vector-config:compileDebugKotlin' is not up-to-date because:
  Output property 'classpathSnapshotProperties.classpathSnapshotDir' file /home/codenia/Videos/OZ-Chat_Prod_23_Mar_bgNoti_working/OZ-Chat_Prod/20251125_OZ-Chat_Android_App/OZ-Chat_Android_Dev/vector-config/build/kotlin/compileDebugKotlin/classpath-snapshot has been removed.
  Output property 'classpathSnapshotProperties.classpathSnapshotDir' file /home/codenia/Videos/OZ-Chat_Prod_23_Mar_bgNoti_working/OZ-Chat_Prod/20251125_OZ-Chat_Android_App/OZ-Chat_Android_Dev/vector-config/build/kotlin/compileDebugKotlin/classpath-snapshot/shrunk-classpath-snapshot.bin has been removed.
  Output property 'destinationDirectory' file /home/codenia/Videos/OZ-Chat_Prod_23_Mar_bgNoti_working/OZ-Chat_Prod/20251125_OZ-Chat_Android_App/OZ-Chat_Android_Dev/vector-config/build/tmp/kotlin-classes/debug has been removed.
  and more...
Loaded cache entry for task ':vector-config:compileDebugKotlin' with cache key 3a1ffab36ec5604bc5db427906ae5abf
Resolve mutations for :vector-config:javaPreCompileDebug (Thread[#504,Execution worker Thread 4,5,main]) started.
:vector-config:javaPreCompileDebug (Thread[#504,Execution worker Thread 4,5,main]) started.

> Task :library:external:span:checkKotlinGradlePluginConfigurationErrors SKIPPED
Skipping task ':library:external:span:checkKotlinGradlePluginConfigurationErrors' as task onlyIf 'errorDiagnostics are present' is false.
Resolve mutations for :library:external:span:compileDebugKotlin (Thread[#510,Execution worker Thread 10,5,main]) started.
Resolve mutations for :library:attachment-viewer:generateDebugResValues (Thread[#510,Execution worker Thread 10,5,main]) started.
:library:attachment-viewer:generateDebugResValues (Thread[#510,Execution worker Thread 10,5,main]) started.

> Task :library:external:autocomplete:javaPreCompileDebug FROM-CACHE
Build cache key for task ':library:external:autocomplete:javaPreCompileDebug' is 7e28b9d4dddfbf93bbc5b806a026475c
Task ':library:external:autocomplete:javaPreCompileDebug' is not up-to-date because:
  Output property 'annotationProcessorListFile' file /home/codenia/Videos/OZ-Chat_Prod_23_Mar_bgNoti_working/OZ-Chat_Prod/20251125_OZ-Chat_Android_App/OZ-Chat_Android_Dev/library/external/autocomplete/build/intermediates/annotation_processor_list/debug/javaPreCompileDebug/annotationProcessors.json has been removed.
Loaded cache entry for task ':library:external:autocomplete:javaPreCompileDebug' with cache key 7e28b9d4dddfbf93bbc5b806a026475c

> Task :library:core-utils:compileDebugKotlin FROM-CACHE
Build cache key for task ':library:core-utils:compileDebugKotlin' is 21731130e9b997ebc129e3507e804f64
Task ':library:core-utils:compileDebugKotlin' is not up-to-date because:
  Output property 'classpathSnapshotProperties.classpathSnapshotDir' file /home/codenia/Videos/OZ-Chat_Prod_23_Mar_bgNoti_working/OZ-Chat_Prod/20251125_OZ-Chat_Android_App/OZ-Chat_Android_Dev/library/core-utils/build/kotlin/compileDebugKotlin/classpath-snapshot has been removed.
  Output property 'classpathSnapshotProperties.classpathSnapshotDir' file /home/codenia/Videos/OZ-Chat_Prod_23_Mar_bgNoti_working/OZ-Chat_Prod/20251125_OZ-Chat_Android_App/OZ-Chat_Android_Dev/library/core-utils/build/kotlin/compileDebugKotlin/classpath-snapshot/shrunk-classpath-snapshot.bin has been removed.
  Output property 'destinationDirectory' file /home/codenia/Videos/OZ-Chat_Prod_23_Mar_bgNoti_working/OZ-Chat_Prod/20251125_OZ-Chat_Android_App/OZ-Chat_Android_Dev/library/core-utils/build/tmp/kotlin-classes/debug has been removed.
  and more...
Loaded cache entry for task ':library:core-utils:compileDebugKotlin' with cache key 21731130e9b997ebc129e3507e804f64
Resolve mutations for :library:ui-styles:generateDebugResValues (Thread[#508,Execution worker Thread 8,5,main]) started.

> Task :library:attachment-viewer:dataBindingMergeDependencyArtifactsDebug
Caching disabled for task ':library:attachment-viewer:dataBindingMergeDependencyArtifactsDebug' because:
  Caching has been disabled for the task
Task ':library:attachment-viewer:dataBindingMergeDependencyArtifactsDebug' is not up-to-date because:
  Output property 'outFolder' file /home/codenia/Videos/OZ-Chat_Prod_23_Mar_bgNoti_working/OZ-Chat_Prod/20251125_OZ-Chat_Android_App/OZ-Chat_Android_Dev/library/attachment-viewer/build/intermediates/data_binding_dependency_artifacts/debug/dataBindingMergeDependencyArtifactsDebug has been removed.
:library:ui-styles:generateDebugResValues (Thread[#508,Execution worker Thread 8,5,main]) started.
Resolve mutations for :library:core-utils:javaPreCompileDebug (Thread[#499,included builds,5,main]) started.
Resolve mutations for :library:external:autocomplete:compileDebugJavaWithJavac (Thread[#511,Execution worker Thread 11,5,main]) started.

> Task :library:attachment-viewer:generateDebugResValues FROM-CACHE
Build cache key for task ':library:attachment-viewer:generateDebugResValues' is 7ddcfed5d8bb11c41f31736a8dd21aeb
Task ':library:attachment-viewer:generateDebugResValues' is not up-to-date because:
  Output property 'outputDirectory' file /home/codenia/Videos/OZ-Chat_Prod_23_Mar_bgNoti_working/OZ-Chat_Prod/20251125_OZ-Chat_Android_App/OZ-Chat_Android_Dev/library/attachment-viewer/build/generated/res/resValues/debug has been removed.
Loaded cache entry for task ':library:attachment-viewer:generateDebugResValues' with cache key 7ddcfed5d8bb11c41f31736a8dd21aeb

> Task :library:ui-styles:generateDebugResValues FROM-CACHE
Build cache key for task ':library:ui-styles:generateDebugResValues' is 7ddcfed5d8bb11c41f31736a8dd21aeb
Task ':library:ui-styles:generateDebugResValues' is not up-to-date because:
  Output property 'outputDirectory' file /home/codenia/Videos/OZ-Chat_Prod_23_Mar_bgNoti_working/OZ-Chat_Prod/20251125_OZ-Chat_Android_App/OZ-Chat_Android_Dev/library/ui-styles/build/generated/res/resValues/debug has been removed.
Loaded cache entry for task ':library:ui-styles:generateDebugResValues' with cache key 7ddcfed5d8bb11c41f31736a8dd21aeb

> Task :vector-config:javaPreCompileDebug FROM-CACHE
Build cache key for task ':vector-config:javaPreCompileDebug' is 7e28b9d4dddfbf93bbc5b806a026475c
Task ':vector-config:javaPreCompileDebug' is not up-to-date because:
  Output property 'annotationProcessorListFile' file /home/codenia/Videos/OZ-Chat_Prod_23_Mar_bgNoti_working/OZ-Chat_Prod/20251125_OZ-Chat_Android_App/OZ-Chat_Android_Dev/vector-config/build/intermediates/annotation_processor_list/debug/javaPreCompileDebug/annotationProcessors.json has been removed.
Loaded cache entry for task ':vector-config:javaPreCompileDebug' with cache key 7e28b9d4dddfbf93bbc5b806a026475c
:library:core-utils:javaPreCompileDebug (Thread[#499,included builds,5,main]) started.
Resolve mutations for :library:attachment-viewer:generateDebugResources (Thread[#510,Execution worker Thread 10,5,main]) started.
Resolve mutations for :vector-config:compileDebugJavaWithJavac (Thread[#504,Execution worker Thread 4,5,main]) started.
:library:attachment-viewer:generateDebugResources (Thread[#510,Execution worker Thread 10,5,main]) started.
:vector-config:compileDebugJavaWithJavac (Thread[#504,Execution worker Thread 4,5,main]) started.
Resolve mutations for :library:ui-styles:generateDebugResources (Thread[#508,Execution worker Thread 8,5,main]) started.
:library:ui-styles:generateDebugResources (Thread[#508,Execution worker Thread 8,5,main]) started.
:library:external:autocomplete:compileDebugJavaWithJavac (Thread[#511,Execution worker Thread 11,5,main]) started.

> Task :vector-config:compileDebugJavaWithJavac NO-SOURCE
Skipping task ':vector-config:compileDebugJavaWithJavac' as it has no source files and no previous output files.

> Task :library:external:dialpad:parseDebugLocalResources FROM-CACHE
Build cache key for task ':library:external:dialpad:parseDebugLocalResources' is df656fbb9812aeb3d202353c9c914979
Task ':library:external:dialpad:parseDebugLocalResources' is not up-to-date because:
  Output property 'librarySymbolsFile' file /home/codenia/Videos/OZ-Chat_Prod_23_Mar_bgNoti_working/OZ-Chat_Prod/20251125_OZ-Chat_Android_App/OZ-Chat_Android_Dev/library/external/dialpad/build/intermediates/local_only_symbol_list/debug/parseDebugLocalResources/R-def.txt has been removed.
Loaded cache entry for task ':library:external:dialpad:parseDebugLocalResources' with cache key df656fbb9812aeb3d202353c9c914979
Resolve mutations for :vector-config:bundleLibCompileToJarDebug (Thread[#504,Execution worker Thread 4,5,main]) started.
Resolve mutations for :library:external:dialpad:generateDebugRFile (Thread[#505,Execution worker Thread 5,5,main]) started.
:vector-config:bundleLibCompileToJarDebug (Thread[#504,Execution worker Thread 4,5,main]) started.

> Task :library:core-utils:javaPreCompileDebug FROM-CACHE
Build cache key for task ':library:core-utils:javaPreCompileDebug' is 7e28b9d4dddfbf93bbc5b806a026475c
Task ':library:core-utils:javaPreCompileDebug' is not up-to-date because:
  Output property 'annotationProcessorListFile' file /home/codenia/Videos/OZ-Chat_Prod_23_Mar_bgNoti_working/OZ-Chat_Prod/20251125_OZ-Chat_Android_App/OZ-Chat_Android_Dev/library/core-utils/build/intermediates/annotation_processor_list/debug/javaPreCompileDebug/annotationProcessors.json has been removed.
Loaded cache entry for task ':library:core-utils:javaPreCompileDebug' with cache key 7e28b9d4dddfbf93bbc5b806a026475c
Resolve mutations for :library:core-utils:compileDebugJavaWithJavac (Thread[#499,included builds,5,main]) started.

> Task :library:ui-styles:dataBindingMergeDependencyArtifactsDebug
Caching disabled for task ':library:ui-styles:dataBindingMergeDependencyArtifactsDebug' because:
  Caching has been disabled for the task
Task ':library:ui-styles:dataBindingMergeDependencyArtifactsDebug' is not up-to-date because:
  Output property 'outFolder' file /home/codenia/Videos/OZ-Chat_Prod_23_Mar_bgNoti_working/OZ-Chat_Prod/20251125_OZ-Chat_Android_App/OZ-Chat_Android_Dev/library/ui-styles/build/intermediates/data_binding_dependency_artifacts/debug/dataBindingMergeDependencyArtifactsDebug has been removed.
:library:external:span:compileDebugKotlin (Thread[#509,Execution worker Thread 9,5,main]) started.
:library:core-utils:compileDebugJavaWithJavac (Thread[#499,included builds,5,main]) started.
:library:external:dialpad:generateDebugRFile (Thread[#505,Execution worker Thread 5,5,main]) started.

> Task :library:attachment-viewer:generateDebugResources FROM-CACHE
Build cache key for task ':library:attachment-viewer:generateDebugResources' is f8978e5c0b9818b6e26a6fe44f48c018
Task ':library:attachment-viewer:generateDebugResources' is not up-to-date because:
  Output property 'validationReportFile' file /home/codenia/Videos/OZ-Chat_Prod_23_Mar_bgNoti_working/OZ-Chat_Prod/20251125_OZ-Chat_Android_App/OZ-Chat_Android_Dev/library/attachment-viewer/build/intermediates/nested_resources_validation_report/debug/generateDebugResources/nestedResourcesValidationReport.txt has been removed.
Loaded cache entry for task ':library:attachment-viewer:generateDebugResources' with cache key f8978e5c0b9818b6e26a6fe44f48c018
Resolve mutations for :library:attachment-viewer:packageDebugResources (Thread[#510,Execution worker Thread 10,5,main]) started.
:library:attachment-viewer:packageDebugResources (Thread[#510,Execution worker Thread 10,5,main]) started.

> Task :library:ui-styles:generateDebugResources FROM-CACHE
Build cache key for task ':library:ui-styles:generateDebugResources' is 1d9b35a49d28920de58e4d6d7d8c98e0
Task ':library:ui-styles:generateDebugResources' is not up-to-date because:
  Output property 'validationReportFile' file /home/codenia/Videos/OZ-Chat_Prod_23_Mar_bgNoti_working/OZ-Chat_Prod/20251125_OZ-Chat_Android_App/OZ-Chat_Android_Dev/library/ui-styles/build/intermediates/nested_resources_validation_report/debug/generateDebugResources/nestedResourcesValidationReport.txt has been removed.
Loaded cache entry for task ':library:ui-styles:generateDebugResources' with cache key 1d9b35a49d28920de58e4d6d7d8c98e0
Resolve mutations for :library:ui-styles:packageDebugResources (Thread[#508,Execution worker Thread 8,5,main]) started.
:library:ui-styles:packageDebugResources (Thread[#508,Execution worker Thread 8,5,main]) started.

> Task :library:core-utils:compileDebugJavaWithJavac NO-SOURCE
Skipping task ':library:core-utils:compileDebugJavaWithJavac' as it has no source files and no previous output files.
Resolve mutations for :library:core-utils:bundleLibCompileToJarDebug (Thread[#499,included builds,5,main]) started.
:library:core-utils:bundleLibCompileToJarDebug (Thread[#499,included builds,5,main]) started.

> Task :library:external:dialpad:generateDebugRFile FROM-CACHE
Build cache key for task ':library:external:dialpad:generateDebugRFile' is 2cb0d376960ef4c1c18e716df7d10b0a
Task ':library:external:dialpad:generateDebugRFile' is not up-to-date because:
  Output property 'RClassOutputJar' file /home/codenia/Videos/OZ-Chat_Prod_23_Mar_bgNoti_working/OZ-Chat_Prod/20251125_OZ-Chat_Android_App/OZ-Chat_Android_Dev/library/external/dialpad/build/intermediates/compile_r_class_jar/debug/generateDebugRFile/R.jar has been removed.
  Output property 'symbolsWithPackageNameOutputFile' file /home/codenia/Videos/OZ-Chat_Prod_23_Mar_bgNoti_working/OZ-Chat_Prod/20251125_OZ-Chat_Android_App/OZ-Chat_Android_Dev/library/external/dialpad/build/intermediates/symbol_list_with_package_name/debug/generateDebugRFile/package-aware-r.txt has been removed.
  Output property 'textSymbolOutputFileProperty' file /home/codenia/Videos/OZ-Chat_Prod_23_Mar_bgNoti_working/OZ-Chat_Prod/20251125_OZ-Chat_Android_App/OZ-Chat_Android_Dev/library/external/dialpad/build/intermediates/compile_symbol_list/debug/generateDebugRFile/R.txt has been removed.
Loaded cache entry for task ':library:external:dialpad:generateDebugRFile' with cache key 2cb0d376960ef4c1c18e716df7d10b0a
work action resolve package-aware-r.txt (project :library:external:dialpad) (Thread[#505,Execution worker Thread 5,5,main]) started.
Resolve mutations for :library:external:dialpad:checkKotlinGradlePluginConfigurationErrors (Thread[#505,Execution worker Thread 5,5,main]) started.
:library:external:dialpad:checkKotlinGradlePluginConfigurationErrors (Thread[#505,Execution worker Thread 5,5,main]) started.

> Task :library:external:dialpad:checkKotlinGradlePluginConfigurationErrors SKIPPED
Skipping task ':library:external:dialpad:checkKotlinGradlePluginConfigurationErrors' as task onlyIf 'errorDiagnostics are present' is false.
Resolve mutations for :library:external:dialpad:compileDebugKotlin (Thread[#505,Execution worker Thread 5,5,main]) started.
:library:external:dialpad:compileDebugKotlin (Thread[#505,Execution worker Thread 5,5,main]) started.

> Task :library:external:dialpad:compileDebugKotlin NO-SOURCE
Skipping task ':library:external:dialpad:compileDebugKotlin' as it has no source files and no previous output files.
Resolve mutations for :library:external:dialpad:javaPreCompileDebug (Thread[#505,Execution worker Thread 5,5,main]) started.
:library:external:dialpad:javaPreCompileDebug (Thread[#505,Execution worker Thread 5,5,main]) started.

> Task :library:external:dialpad:javaPreCompileDebug FROM-CACHE
Build cache key for task ':library:external:dialpad:javaPreCompileDebug' is 7e28b9d4dddfbf93bbc5b806a026475c
Task ':library:external:dialpad:javaPreCompileDebug' is not up-to-date because:
  Output property 'annotationProcessorListFile' file /home/codenia/Videos/OZ-Chat_Prod_23_Mar_bgNoti_working/OZ-Chat_Prod/20251125_OZ-Chat_Android_App/OZ-Chat_Android_Dev/library/external/dialpad/build/intermediates/annotation_processor_list/debug/javaPreCompileDebug/annotationProcessors.json has been removed.
Loaded cache entry for task ':library:external:dialpad:javaPreCompileDebug' with cache key 7e28b9d4dddfbf93bbc5b806a026475c
Resolve mutations for :library:external:dialpad:compileDebugJavaWithJavac (Thread[#505,Execution worker Thread 5,5,main]) started.
:library:external:dialpad:compileDebugJavaWithJavac (Thread[#505,Execution worker Thread 5,5,main]) started.

> Task :library:attachment-viewer:packageDebugResources FROM-CACHE
Build cache key for task ':library:attachment-viewer:packageDebugResources' is 886969321e57f1037cef9c5b40b048fb
Task ':library:attachment-viewer:packageDebugResources' is not up-to-date because:
  Output property 'dataBindingLayoutInfoOutFolder' file /home/codenia/Videos/OZ-Chat_Prod_23_Mar_bgNoti_working/OZ-Chat_Prod/20251125_OZ-Chat_Android_App/OZ-Chat_Android_Dev/library/attachment-viewer/build/intermediates/data_binding_layout_info_type_package/debug/packageDebugResources/out has been removed.
  Output property 'dataBindingLayoutInfoOutFolder' file /home/codenia/Videos/OZ-Chat_Prod_23_Mar_bgNoti_working/OZ-Chat_Prod/20251125_OZ-Chat_Android_App/OZ-Chat_Android_Dev/library/attachment-viewer/build/intermediates/data_binding_layout_info_type_package/debug/packageDebugResources/out/activity_attachment_viewer-layout.xml has been removed.
  Output property 'dataBindingLayoutInfoOutFolder' file /home/codenia/Videos/OZ-Chat_Prod_23_Mar_bgNoti_working/OZ-Chat_Prod/20251125_OZ-Chat_Android_App/OZ-Chat_Android_Dev/library/attachment-viewer/build/intermediates/data_binding_layout_info_type_package/debug/packageDebugResources/out/item_animated_image_attachment-layout.xml has been removed.
  and more...
Loaded cache entry for task ':library:attachment-viewer:packageDebugResources' with cache key 886969321e57f1037cef9c5b40b048fb
Resolve mutations for :library:attachment-viewer:processDebugNavigationResources (Thread[#510,Execution worker Thread 10,5,main]) started.
:library:attachment-viewer:processDebugNavigationResources (Thread[#510,Execution worker Thread 10,5,main]) started.

> Task :library:attachment-viewer:processDebugNavigationResources FROM-CACHE
Build cache key for task ':library:attachment-viewer:processDebugNavigationResources' is abfb2d26ddcbef243105a1df8420b6ab
Task ':library:attachment-viewer:processDebugNavigationResources' is not up-to-date because:
  Output property 'outputDir' file /home/codenia/Videos/OZ-Chat_Prod_23_Mar_bgNoti_working/OZ-Chat_Prod/20251125_OZ-Chat_Android_App/OZ-Chat_Android_Dev/library/attachment-viewer/build/generated/updated_navigation_xml/debug has been removed.
Loaded cache entry for task ':library:attachment-viewer:processDebugNavigationResources' with cache key abfb2d26ddcbef243105a1df8420b6ab
Resolve mutations for :library:attachment-viewer:parseDebugLocalResources (Thread[#510,Execution worker Thread 10,5,main]) started.
:library:attachment-viewer:parseDebugLocalResources (Thread[#510,Execution worker Thread 10,5,main]) started.

> Task :library:attachment-viewer:parseDebugLocalResources FROM-CACHE
Build cache key for task ':library:attachment-viewer:parseDebugLocalResources' is 50ea95870418a559aa19805c3b859d16
Task ':library:attachment-viewer:parseDebugLocalResources' is not up-to-date because:
  Output property 'librarySymbolsFile' file /home/codenia/Videos/OZ-Chat_Prod_23_Mar_bgNoti_working/OZ-Chat_Prod/20251125_OZ-Chat_Android_App/OZ-Chat_Android_Dev/library/attachment-viewer/build/intermediates/local_only_symbol_list/debug/parseDebugLocalResources/R-def.txt has been removed.
Loaded cache entry for task ':library:attachment-viewer:parseDebugLocalResources' with cache key 50ea95870418a559aa19805c3b859d16
Resolve mutations for :library:attachment-viewer:generateDebugRFile (Thread[#510,Execution worker Thread 10,5,main]) started.
:library:attachment-viewer:generateDebugRFile (Thread[#510,Execution worker Thread 10,5,main]) started.

> Task :library:ui-styles:packageDebugResources FROM-CACHE
Build cache key for task ':library:ui-styles:packageDebugResources' is d306a171765329a6dd84c9a72e6f5af2
Task ':library:ui-styles:packageDebugResources' is not up-to-date because:
  Output property 'dataBindingLayoutInfoOutFolder' file /home/codenia/Videos/OZ-Chat_Prod_23_Mar_bgNoti_working/OZ-Chat_Prod/20251125_OZ-Chat_Android_App/OZ-Chat_Android_Dev/library/ui-styles/build/intermediates/data_binding_layout_info_type_package/debug/packageDebugResources/out has been removed.
  Output property 'dataBindingLayoutInfoOutFolder' file /home/codenia/Videos/OZ-Chat_Prod_23_Mar_bgNoti_working/OZ-Chat_Prod/20251125_OZ-Chat_Android_App/OZ-Chat_Android_Dev/library/ui-styles/build/intermediates/data_binding_layout_info_type_package/debug/packageDebugResources/out/activity_debug_button_styles-layout.xml has been removed.
  Output property 'dataBindingLayoutInfoOutFolder' file /home/codenia/Videos/OZ-Chat_Prod_23_Mar_bgNoti_working/OZ-Chat_Prod/20251125_OZ-Chat_Android_App/OZ-Chat_Android_Dev/library/ui-styles/build/intermediates/data_binding_layout_info_type_package/debug/packageDebugResources/out/activity_debug_material_theme-layout.xml has been removed.
  and more...
Loaded cache entry for task ':library:ui-styles:packageDebugResources' with cache key d306a171765329a6dd84c9a72e6f5af2
Resolve mutations for :library:ui-styles:processDebugNavigationResources (Thread[#508,Execution worker Thread 8,5,main]) started.
:library:ui-styles:processDebugNavigationResources (Thread[#508,Execution worker Thread 8,5,main]) started.

> Task :library:ui-styles:processDebugNavigationResources FROM-CACHE
Build cache key for task ':library:ui-styles:processDebugNavigationResources' is 3dddde5c727eb8d57f9fa777b16cc819
Task ':library:ui-styles:processDebugNavigationResources' is not up-to-date because:
  Output property 'outputDir' file /home/codenia/Videos/OZ-Chat_Prod_23_Mar_bgNoti_working/OZ-Chat_Prod/20251125_OZ-Chat_Android_App/OZ-Chat_Android_Dev/library/ui-styles/build/generated/updated_navigation_xml/debug has been removed.
Loaded cache entry for task ':library:ui-styles:processDebugNavigationResources' with cache key 3dddde5c727eb8d57f9fa777b16cc819
Resolve mutations for :library:ui-styles:parseDebugLocalResources (Thread[#508,Execution worker Thread 8,5,main]) started.
:library:ui-styles:parseDebugLocalResources (Thread[#508,Execution worker Thread 8,5,main]) started.

> Task :library:attachment-viewer:generateDebugRFile FROM-CACHE
Build cache key for task ':library:attachment-viewer:generateDebugRFile' is 64d12d82c041c9ca5533aa1a105c20eb
Task ':library:attachment-viewer:generateDebugRFile' is not up-to-date because:
  Output property 'RClassOutputJar' file /home/codenia/Videos/OZ-Chat_Prod_23_Mar_bgNoti_working/OZ-Chat_Prod/20251125_OZ-Chat_Android_App/OZ-Chat_Android_Dev/library/attachment-viewer/build/intermediates/compile_r_class_jar/debug/generateDebugRFile/R.jar has been removed.
  Output property 'symbolsWithPackageNameOutputFile' file /home/codenia/Videos/OZ-Chat_Prod_23_Mar_bgNoti_working/OZ-Chat_Prod/20251125_OZ-Chat_Android_App/OZ-Chat_Android_Dev/library/attachment-viewer/build/intermediates/symbol_list_with_package_name/debug/generateDebugRFile/package-aware-r.txt has been removed.
  Output property 'textSymbolOutputFileProperty' file /home/codenia/Videos/OZ-Chat_Prod_23_Mar_bgNoti_working/OZ-Chat_Prod/20251125_OZ-Chat_Android_App/OZ-Chat_Android_Dev/library/attachment-viewer/build/intermediates/compile_symbol_list/debug/generateDebugRFile/R.txt has been removed.
Loaded cache entry for task ':library:attachment-viewer:generateDebugRFile' with cache key 64d12d82c041c9ca5533aa1a105c20eb
work action resolve package-aware-r.txt (project :library:attachment-viewer) (Thread[#510,Execution worker Thread 10,5,main]) started.
Resolve mutations for :library:attachment-viewer:checkKotlinGradlePluginConfigurationErrors (Thread[#510,Execution worker Thread 10,5,main]) started.
:library:attachment-viewer:checkKotlinGradlePluginConfigurationErrors (Thread[#510,Execution worker Thread 10,5,main]) started.

> Task :library:attachment-viewer:checkKotlinGradlePluginConfigurationErrors SKIPPED
Skipping task ':library:attachment-viewer:checkKotlinGradlePluginConfigurationErrors' as task onlyIf 'errorDiagnostics are present' is false.
Resolve mutations for :library:attachment-viewer:javaPreCompileDebug (Thread[#510,Execution worker Thread 10,5,main]) started.
:library:attachment-viewer:javaPreCompileDebug (Thread[#510,Execution worker Thread 10,5,main]) started.

> Task :library:external:autocomplete:compileDebugJavaWithJavac FROM-CACHE
Custom actions are attached to task ':library:external:autocomplete:compileDebugJavaWithJavac'.
Build cache key for task ':library:external:autocomplete:compileDebugJavaWithJavac' is 55f476261aee536c0961ef413b4863d1
Task ':library:external:autocomplete:compileDebugJavaWithJavac' is not up-to-date because:
  Output property 'destinationDirectory' file /home/codenia/Videos/OZ-Chat_Prod_23_Mar_bgNoti_working/OZ-Chat_Prod/20251125_OZ-Chat_Android_App/OZ-Chat_Android_Dev/library/external/autocomplete/build/intermediates/javac/debug/compileDebugJavaWithJavac/classes has been removed.
  Output property 'destinationDirectory' file /home/codenia/Videos/OZ-Chat_Prod_23_Mar_bgNoti_working/OZ-Chat_Prod/20251125_OZ-Chat_Android_App/OZ-Chat_Android_Dev/library/external/autocomplete/build/intermediates/javac/debug/compileDebugJavaWithJavac/classes/com has been removed.
  Output property 'destinationDirectory' file /home/codenia/Videos/OZ-Chat_Prod_23_Mar_bgNoti_working/OZ-Chat_Prod/20251125_OZ-Chat_Android_App/OZ-Chat_Android_Dev/library/external/autocomplete/build/intermediates/javac/debug/compileDebugJavaWithJavac/classes/com/otaliastudios has been removed.
  and more...
Loaded cache entry for task ':library:external:autocomplete:compileDebugJavaWithJavac' with cache key 55f476261aee536c0961ef413b4863d1
No compile result for :library:external:autocomplete:compileDebugJavaWithJavac
Resolve mutations for :library:external:autocomplete:bundleLibCompileToJarDebug (Thread[#511,Execution worker Thread 11,5,main]) started.

> Task :library:ui-strings:packageDebugResources FROM-CACHE
Build cache key for task ':library:ui-strings:packageDebugResources' is 9a08fa2e7fde07a1133472e4e173227d
Task ':library:ui-strings:packageDebugResources' is not up-to-date because:
  Output property 'dataBindingLayoutInfoOutFolder' file /home/codenia/Videos/OZ-Chat_Prod_23_Mar_bgNoti_working/OZ-Chat_Prod/20251125_OZ-Chat_Android_App/OZ-Chat_Android_Dev/library/ui-strings/build/intermediates/data_binding_layout_info_type_package/debug/packageDebugResources/out has been removed.
  Output property 'generatedPngsOutputDir' file /home/codenia/Videos/OZ-Chat_Prod_23_Mar_bgNoti_working/OZ-Chat_Prod/20251125_OZ-Chat_Android_App/OZ-Chat_Android_Dev/library/ui-strings/build/generated/res/pngs/debug has been removed.
  Output property 'incrementalFolder' file /home/codenia/Videos/OZ-Chat_Prod_23_Mar_bgNoti_working/OZ-Chat_Prod/20251125_OZ-Chat_Android_App/OZ-Chat_Android_Dev/library/ui-strings/build/intermediates/incremental/debug/packageDebugResources has been removed.
  and more...
Loaded cache entry for task ':library:ui-strings:packageDebugResources' with cache key 9a08fa2e7fde07a1133472e4e173227d
Resolve mutations for :library:ui-strings:processDebugNavigationResources (Thread[#506,Execution worker Thread 6,5,main]) started.
:library:ui-strings:processDebugNavigationResources (Thread[#506,Execution worker Thread 6,5,main]) started.
:library:external:autocomplete:bundleLibCompileToJarDebug (Thread[#511,Execution worker Thread 11,5,main]) started.

> Task :library:attachment-viewer:javaPreCompileDebug FROM-CACHE
Build cache key for task ':library:attachment-viewer:javaPreCompileDebug' is 7e28b9d4dddfbf93bbc5b806a026475c
Task ':library:attachment-viewer:javaPreCompileDebug' is not up-to-date because:
  Output property 'annotationProcessorListFile' file /home/codenia/Videos/OZ-Chat_Prod_23_Mar_bgNoti_working/OZ-Chat_Prod/20251125_OZ-Chat_Android_App/OZ-Chat_Android_Dev/library/attachment-viewer/build/intermediates/annotation_processor_list/debug/javaPreCompileDebug/annotationProcessors.json has been removed.
Loaded cache entry for task ':library:attachment-viewer:javaPreCompileDebug' with cache key 7e28b9d4dddfbf93bbc5b806a026475c
Resolve mutations for :library:external:jsonviewer:javaPreCompileDebug (Thread[#510,Execution worker Thread 10,5,main]) started.
:library:external:jsonviewer:javaPreCompileDebug (Thread[#510,Execution worker Thread 10,5,main]) started.

> Task :library:external:span:compileDebugKotlin FROM-CACHE
Build cache key for task ':library:external:span:compileDebugKotlin' is a01816f882ad9bd95e22f3a2befc01ba
Task ':library:external:span:compileDebugKotlin' is not up-to-date because:
  Output property 'classpathSnapshotProperties.classpathSnapshotDir' file /home/codenia/Videos/OZ-Chat_Prod_23_Mar_bgNoti_working/OZ-Chat_Prod/20251125_OZ-Chat_Android_App/OZ-Chat_Android_Dev/library/external/span/build/kotlin/compileDebugKotlin/classpath-snapshot has been removed.
  Output property 'classpathSnapshotProperties.classpathSnapshotDir' file /home/codenia/Videos/OZ-Chat_Prod_23_Mar_bgNoti_working/OZ-Chat_Prod/20251125_OZ-Chat_Android_App/OZ-Chat_Android_Dev/library/external/span/build/kotlin/compileDebugKotlin/classpath-snapshot/shrunk-classpath-snapshot.bin has been removed.
  Output property 'destinationDirectory' file /home/codenia/Videos/OZ-Chat_Prod_23_Mar_bgNoti_working/OZ-Chat_Prod/20251125_OZ-Chat_Android_App/OZ-Chat_Android_Dev/library/external/span/build/tmp/kotlin-classes/debug has been removed.
  and more...
Loaded cache entry for task ':library:external:span:compileDebugKotlin' with cache key a01816f882ad9bd95e22f3a2befc01ba
Resolve mutations for :library:external:span:javaPreCompileDebug (Thread[#509,Execution worker Thread 9,5,main]) started.
:library:external:span:javaPreCompileDebug (Thread[#509,Execution worker Thread 9,5,main]) started.

> Task :library:ui-styles:parseDebugLocalResources FROM-CACHE
Build cache key for task ':library:ui-styles:parseDebugLocalResources' is a3c5a0e1b1abdb79f951c18b92e0b726
Task ':library:ui-styles:parseDebugLocalResources' is not up-to-date because:
  Output property 'librarySymbolsFile' file /home/codenia/Videos/OZ-Chat_Prod_23_Mar_bgNoti_working/OZ-Chat_Prod/20251125_OZ-Chat_Android_App/OZ-Chat_Android_Dev/library/ui-styles/build/intermediates/local_only_symbol_list/debug/parseDebugLocalResources/R-def.txt has been removed.
Loaded cache entry for task ':library:ui-styles:parseDebugLocalResources' with cache key a3c5a0e1b1abdb79f951c18b92e0b726
Resolve mutations for :library:ui-styles:dataBindingGenBaseClassesDebug (Thread[#508,Execution worker Thread 8,5,main]) started.
:library:ui-styles:dataBindingGenBaseClassesDebug (Thread[#508,Execution worker Thread 8,5,main]) started.

> Task :library:external:span:javaPreCompileDebug FROM-CACHE
Build cache key for task ':library:external:span:javaPreCompileDebug' is 7e28b9d4dddfbf93bbc5b806a026475c
Task ':library:external:span:javaPreCompileDebug' is not up-to-date because:
  Output property 'annotationProcessorListFile' file /home/codenia/Videos/OZ-Chat_Prod_23_Mar_bgNoti_working/OZ-Chat_Prod/20251125_OZ-Chat_Android_App/OZ-Chat_Android_Dev/library/external/span/build/intermediates/annotation_processor_list/debug/javaPreCompileDebug/annotationProcessors.json has been removed.
Loaded cache entry for task ':library:external:span:javaPreCompileDebug' with cache key 7e28b9d4dddfbf93bbc5b806a026475c
Resolve mutations for :library:external:span:compileDebugJavaWithJavac (Thread[#509,Execution worker Thread 9,5,main]) started.
:library:external:span:compileDebugJavaWithJavac (Thread[#509,Execution worker Thread 9,5,main]) started.

> Task :library:external:span:compileDebugJavaWithJavac NO-SOURCE
Skipping task ':library:external:span:compileDebugJavaWithJavac' as it has no source files and no previous output files.
Resolve mutations for :library:external:span:bundleLibCompileToJarDebug (Thread[#509,Execution worker Thread 9,5,main]) started.
:library:external:span:bundleLibCompileToJarDebug (Thread[#509,Execution worker Thread 9,5,main]) started.

> Task :library:ui-strings:processDebugNavigationResources FROM-CACHE
Build cache key for task ':library:ui-strings:processDebugNavigationResources' is 103f19d9f067cc9a89affd0c0f9072ac
Task ':library:ui-strings:processDebugNavigationResources' is not up-to-date because:
  Output property 'outputDir' file /home/codenia/Videos/OZ-Chat_Prod_23_Mar_bgNoti_working/OZ-Chat_Prod/20251125_OZ-Chat_Android_App/OZ-Chat_Android_Dev/library/ui-strings/build/generated/updated_navigation_xml/debug has been removed.
Loaded cache entry for task ':library:ui-strings:processDebugNavigationResources' with cache key 103f19d9f067cc9a89affd0c0f9072ac
Resolve mutations for :library:ui-strings:parseDebugLocalResources (Thread[#506,Execution worker Thread 6,5,main]) started.
:library:ui-strings:parseDebugLocalResources (Thread[#506,Execution worker Thread 6,5,main]) started.

> Task :library:external:dialpad:compileDebugJavaWithJavac FROM-CACHE
Custom actions are attached to task ':library:external:dialpad:compileDebugJavaWithJavac'.
Build cache key for task ':library:external:dialpad:compileDebugJavaWithJavac' is e6c9bc6571a92c0cc23b6c0dd2b8b969
Task ':library:external:dialpad:compileDebugJavaWithJavac' is not up-to-date because:
  Output property 'destinationDirectory' file /home/codenia/Videos/OZ-Chat_Prod_23_Mar_bgNoti_working/OZ-Chat_Prod/20251125_OZ-Chat_Android_App/OZ-Chat_Android_Dev/library/external/dialpad/build/intermediates/javac/debug/compileDebugJavaWithJavac/classes has been removed.
  Output property 'destinationDirectory' file /home/codenia/Videos/OZ-Chat_Prod_23_Mar_bgNoti_working/OZ-Chat_Prod/20251125_OZ-Chat_Android_App/OZ-Chat_Android_Dev/library/external/dialpad/build/intermediates/javac/debug/compileDebugJavaWithJavac/classes/com has been removed.
  Output property 'destinationDirectory' file /home/codenia/Videos/OZ-Chat_Prod_23_Mar_bgNoti_working/OZ-Chat_Prod/20251125_OZ-Chat_Android_App/OZ-Chat_Android_Dev/library/external/dialpad/build/intermediates/javac/debug/compileDebugJavaWithJavac/classes/com/android has been removed.
  and more...
Loaded cache entry for task ':library:external:dialpad:compileDebugJavaWithJavac' with cache key e6c9bc6571a92c0cc23b6c0dd2b8b969
No compile result for :library:external:dialpad:compileDebugJavaWithJavac
Resolve mutations for :library:external:dialpad:bundleLibCompileToJarDebug (Thread[#505,Execution worker Thread 5,5,main]) started.
:library:external:dialpad:bundleLibCompileToJarDebug (Thread[#505,Execution worker Thread 5,5,main]) started.

> Task :library:ui-strings:parseDebugLocalResources FROM-CACHE
Build cache key for task ':library:ui-strings:parseDebugLocalResources' is c9e9fad46a3798cad1a036a8edc3bc94
Task ':library:ui-strings:parseDebugLocalResources' is not up-to-date because:
  Output property 'librarySymbolsFile' file /home/codenia/Videos/OZ-Chat_Prod_23_Mar_bgNoti_working/OZ-Chat_Prod/20251125_OZ-Chat_Android_App/OZ-Chat_Android_Dev/library/ui-strings/build/intermediates/local_only_symbol_list/debug/parseDebugLocalResources/R-def.txt has been removed.
Loaded cache entry for task ':library:ui-strings:parseDebugLocalResources' with cache key c9e9fad46a3798cad1a036a8edc3bc94
Resolve mutations for :library:ui-strings:generateDebugRFile (Thread[#506,Execution worker Thread 6,5,main]) started.
:library:ui-strings:generateDebugRFile (Thread[#506,Execution worker Thread 6,5,main]) started.

> Task :library:ui-strings:generateDebugRFile FROM-CACHE
Build cache key for task ':library:ui-strings:generateDebugRFile' is e3cee5255e482e7c382f7682ed4f2ba1
Task ':library:ui-strings:generateDebugRFile' is not up-to-date because:
  Output property 'RClassOutputJar' file /home/codenia/Videos/OZ-Chat_Prod_23_Mar_bgNoti_working/OZ-Chat_Prod/20251125_OZ-Chat_Android_App/OZ-Chat_Android_Dev/library/ui-strings/build/intermediates/compile_r_class_jar/debug/generateDebugRFile/R.jar has been removed.
  Output property 'symbolsWithPackageNameOutputFile' file /home/codenia/Videos/OZ-Chat_Prod_23_Mar_bgNoti_working/OZ-Chat_Prod/20251125_OZ-Chat_Android_App/OZ-Chat_Android_Dev/library/ui-strings/build/intermediates/symbol_list_with_package_name/debug/generateDebugRFile/package-aware-r.txt has been removed.
  Output property 'textSymbolOutputFileProperty' file /home/codenia/Videos/OZ-Chat_Prod_23_Mar_bgNoti_working/OZ-Chat_Prod/20251125_OZ-Chat_Android_App/OZ-Chat_Android_Dev/library/ui-strings/build/intermediates/compile_symbol_list/debug/generateDebugRFile/R.txt has been removed.
Loaded cache entry for task ':library:ui-strings:generateDebugRFile' with cache key e3cee5255e482e7c382f7682ed4f2ba1

> Task :library:ui-styles:dataBindingGenBaseClassesDebug FROM-CACHE
Build cache key for task ':library:ui-styles:dataBindingGenBaseClassesDebug' is d0e1f97e84aa12771185d46a104e455a
Task ':library:ui-styles:dataBindingGenBaseClassesDebug' is not up-to-date because:
  Output property 'classInfoBundleDir' file /home/codenia/Videos/OZ-Chat_Prod_23_Mar_bgNoti_working/OZ-Chat_Prod/20251125_OZ-Chat_Android_App/OZ-Chat_Android_Dev/library/ui-styles/build/intermediates/data_binding_base_class_log_artifact/debug/dataBindingGenBaseClassesDebug/out has been removed.
  Output property 'classInfoBundleDir' file /home/codenia/Videos/OZ-Chat_Prod_23_Mar_bgNoti_working/OZ-Chat_Prod/20251125_OZ-Chat_Android_App/OZ-Chat_Android_Dev/library/ui-styles/build/intermediates/data_binding_base_class_log_artifact/debug/dataBindingGenBaseClassesDebug/out/im.vector.lib.ui.styles-binding_classes.json has been removed.
  Output property 'logOutFolder' file /home/codenia/Videos/OZ-Chat_Prod_23_Mar_bgNoti_working/OZ-Chat_Prod/20251125_OZ-Chat_Android_App/OZ-Chat_Android_Dev/library/ui-styles/build/intermediates/incremental/dataBindingGenBaseClassesDebug has been removed.
  and more...
Loaded cache entry for task ':library:ui-styles:dataBindingGenBaseClassesDebug' with cache key d0e1f97e84aa12771185d46a104e455a
work action resolve package-aware-r.txt (project :library:ui-strings) (Thread[#506,Execution worker Thread 6,5,main]) started.
Resolve mutations for :library:ui-strings:checkKotlinGradlePluginConfigurationErrors (Thread[#506,Execution worker Thread 6,5,main]) started.
:library:ui-strings:checkKotlinGradlePluginConfigurationErrors (Thread[#506,Execution worker Thread 6,5,main]) started.

> Task :library:ui-strings:checkKotlinGradlePluginConfigurationErrors SKIPPED
Skipping task ':library:ui-strings:checkKotlinGradlePluginConfigurationErrors' as task onlyIf 'errorDiagnostics are present' is false.
Resolve mutations for :library:ui-strings:compileDebugKotlin (Thread[#506,Execution worker Thread 6,5,main]) started.
work action resolve out (project :library:ui-styles) (Thread[#508,Execution worker Thread 8,5,main]) started.
Resolve mutations for :library:ui-styles:generateDebugRFile (Thread[#508,Execution worker Thread 8,5,main]) started.
:library:ui-strings:compileDebugKotlin (Thread[#506,Execution worker Thread 6,5,main]) started.
:library:ui-styles:generateDebugRFile (Thread[#508,Execution worker Thread 8,5,main]) started.

> Task :library:external:jsonviewer:javaPreCompileDebug FROM-CACHE
Build cache key for task ':library:external:jsonviewer:javaPreCompileDebug' is bc9b8c41bc38315f6f47b894e33e33fa
Task ':library:external:jsonviewer:javaPreCompileDebug' is not up-to-date because:
  Output property 'annotationProcessorListFile' file /home/codenia/Videos/OZ-Chat_Prod_23_Mar_bgNoti_working/OZ-Chat_Prod/20251125_OZ-Chat_Android_App/OZ-Chat_Android_Dev/library/external/jsonviewer/build/intermediates/annotation_processor_list/debug/javaPreCompileDebug/annotationProcessors.json has been removed.
Loaded cache entry for task ':library:external:jsonviewer:javaPreCompileDebug' with cache key bc9b8c41bc38315f6f47b894e33e33fa
Resolve mutations for :library:external:textdrawable:javaPreCompileDebug (Thread[#510,Execution worker Thread 10,5,main]) started.
:library:external:textdrawable:javaPreCompileDebug (Thread[#510,Execution worker Thread 10,5,main]) started.

> Task :library:ui-styles:generateDebugRFile FROM-CACHE
Build cache key for task ':library:ui-styles:generateDebugRFile' is 09d5df2f5172cc2f74a4709b97233ed2
Task ':library:ui-styles:generateDebugRFile' is not up-to-date because:
  Output property 'RClassOutputJar' file /home/codenia/Videos/OZ-Chat_Prod_23_Mar_bgNoti_working/OZ-Chat_Prod/20251125_OZ-Chat_Android_App/OZ-Chat_Android_Dev/library/ui-styles/build/intermediates/compile_r_class_jar/debug/generateDebugRFile/R.jar has been removed.
  Output property 'symbolsWithPackageNameOutputFile' file /home/codenia/Videos/OZ-Chat_Prod_23_Mar_bgNoti_working/OZ-Chat_Prod/20251125_OZ-Chat_Android_App/OZ-Chat_Android_Dev/library/ui-styles/build/intermediates/symbol_list_with_package_name/debug/generateDebugRFile/package-aware-r.txt has been removed.
  Output property 'textSymbolOutputFileProperty' file /home/codenia/Videos/OZ-Chat_Prod_23_Mar_bgNoti_working/OZ-Chat_Prod/20251125_OZ-Chat_Android_App/OZ-Chat_Android_Dev/library/ui-styles/build/intermediates/compile_symbol_list/debug/generateDebugRFile/R.txt has been removed.
Loaded cache entry for task ':library:ui-styles:generateDebugRFile' with cache key 09d5df2f5172cc2f74a4709b97233ed2
work action resolve package-aware-r.txt (project :library:ui-styles) (Thread[#508,Execution worker Thread 8,5,main]) started.
Resolve mutations for :library:attachment-viewer:dataBindingGenBaseClassesDebug (Thread[#508,Execution worker Thread 8,5,main]) started.
:library:attachment-viewer:dataBindingGenBaseClassesDebug (Thread[#508,Execution worker Thread 8,5,main]) started.

> Task :library:external:textdrawable:javaPreCompileDebug FROM-CACHE
Build cache key for task ':library:external:textdrawable:javaPreCompileDebug' is 7e28b9d4dddfbf93bbc5b806a026475c
Task ':library:external:textdrawable:javaPreCompileDebug' is not up-to-date because:
  Output property 'annotationProcessorListFile' file /home/codenia/Videos/OZ-Chat_Prod_23_Mar_bgNoti_working/OZ-Chat_Prod/20251125_OZ-Chat_Android_App/OZ-Chat_Android_Dev/library/external/textdrawable/build/intermediates/annotation_processor_list/debug/javaPreCompileDebug/annotationProcessors.json has been removed.
Loaded cache entry for task ':library:external:textdrawable:javaPreCompileDebug' with cache key 7e28b9d4dddfbf93bbc5b806a026475c
Resolve mutations for :library:ui-styles:checkKotlinGradlePluginConfigurationErrors (Thread[#510,Execution worker Thread 10,5,main]) started.
:library:ui-styles:checkKotlinGradlePluginConfigurationErrors (Thread[#510,Execution worker Thread 10,5,main]) started.

> Task :library:ui-styles:checkKotlinGradlePluginConfigurationErrors SKIPPED
Skipping task ':library:ui-styles:checkKotlinGradlePluginConfigurationErrors' as task onlyIf 'errorDiagnostics are present' is false.
Resolve mutations for :library:ui-styles:javaPreCompileDebug (Thread[#510,Execution worker Thread 10,5,main]) started.
:library:ui-styles:javaPreCompileDebug (Thread[#510,Execution worker Thread 10,5,main]) started.

> Task :library:ui-styles:javaPreCompileDebug FROM-CACHE
Build cache key for task ':library:ui-styles:javaPreCompileDebug' is 7e28b9d4dddfbf93bbc5b806a026475c
Task ':library:ui-styles:javaPreCompileDebug' is not up-to-date because:
  Output property 'annotationProcessorListFile' file /home/codenia/Videos/OZ-Chat_Prod_23_Mar_bgNoti_working/OZ-Chat_Prod/20251125_OZ-Chat_Android_App/OZ-Chat_Android_Dev/library/ui-styles/build/intermediates/annotation_processor_list/debug/javaPreCompileDebug/annotationProcessors.json has been removed.
Loaded cache entry for task ':library:ui-styles:javaPreCompileDebug' with cache key 7e28b9d4dddfbf93bbc5b806a026475c
Resolve mutations for :library:external:textdrawable:compileDebugJavaWithJavac (Thread[#510,Execution worker Thread 10,5,main]) started.
:library:external:textdrawable:compileDebugJavaWithJavac (Thread[#510,Execution worker Thread 10,5,main]) started.

> Task :library:external:textdrawable:compileDebugJavaWithJavac FROM-CACHE
Custom actions are attached to task ':library:external:textdrawable:compileDebugJavaWithJavac'.
Build cache key for task ':library:external:textdrawable:compileDebugJavaWithJavac' is 1a4e5437f39b256015b4c319d8a9ac3c
Task ':library:external:textdrawable:compileDebugJavaWithJavac' is not up-to-date because:
  Output property 'destinationDirectory' file /home/codenia/Videos/OZ-Chat_Prod_23_Mar_bgNoti_working/OZ-Chat_Prod/20251125_OZ-Chat_Android_App/OZ-Chat_Android_Dev/library/external/textdrawable/build/intermediates/javac/debug/compileDebugJavaWithJavac/classes has been removed.
  Output property 'destinationDirectory' file /home/codenia/Videos/OZ-Chat_Prod_23_Mar_bgNoti_working/OZ-Chat_Prod/20251125_OZ-Chat_Android_App/OZ-Chat_Android_Dev/library/external/textdrawable/build/intermediates/javac/debug/compileDebugJavaWithJavac/classes/com has been removed.
  Output property 'destinationDirectory' file /home/codenia/Videos/OZ-Chat_Prod_23_Mar_bgNoti_working/OZ-Chat_Prod/20251125_OZ-Chat_Android_App/OZ-Chat_Android_Dev/library/external/textdrawable/build/intermediates/javac/debug/compileDebugJavaWithJavac/classes/com/amulyakhare has been removed.
  and more...
Loaded cache entry for task ':library:external:textdrawable:compileDebugJavaWithJavac' with cache key 1a4e5437f39b256015b4c319d8a9ac3c
No compile result for :library:external:textdrawable:compileDebugJavaWithJavac
Resolve mutations for :library:external:textdrawable:bundleLibCompileToJarDebug (Thread[#510,Execution worker Thread 10,5,main]) started.
:library:external:textdrawable:bundleLibCompileToJarDebug (Thread[#510,Execution worker Thread 10,5,main]) started.

> Task :library:attachment-viewer:dataBindingGenBaseClassesDebug FROM-CACHE
Build cache key for task ':library:attachment-viewer:dataBindingGenBaseClassesDebug' is cb4d93b54062b626a127d5858f5881f6
Task ':library:attachment-viewer:dataBindingGenBaseClassesDebug' is not up-to-date because:
  Output property 'classInfoBundleDir' file /home/codenia/Videos/OZ-Chat_Prod_23_Mar_bgNoti_working/OZ-Chat_Prod/20251125_OZ-Chat_Android_App/OZ-Chat_Android_Dev/library/attachment-viewer/build/intermediates/data_binding_base_class_log_artifact/debug/dataBindingGenBaseClassesDebug/out has been removed.
  Output property 'classInfoBundleDir' file /home/codenia/Videos/OZ-Chat_Prod_23_Mar_bgNoti_working/OZ-Chat_Prod/20251125_OZ-Chat_Android_App/OZ-Chat_Android_Dev/library/attachment-viewer/build/intermediates/data_binding_base_class_log_artifact/debug/dataBindingGenBaseClassesDebug/out/im.vector.lib.attachmentviewer-binding_classes.json has been removed.
  Output property 'logOutFolder' file /home/codenia/Videos/OZ-Chat_Prod_23_Mar_bgNoti_working/OZ-Chat_Prod/20251125_OZ-Chat_Android_App/OZ-Chat_Android_Dev/library/attachment-viewer/build/intermediates/incremental/dataBindingGenBaseClassesDebug has been removed.
  and more...
Loaded cache entry for task ':library:attachment-viewer:dataBindingGenBaseClassesDebug' with cache key cb4d93b54062b626a127d5858f5881f6
work action resolve out (project :library:attachment-viewer) (Thread[#508,Execution worker Thread 8,5,main]) started.
Resolve mutations for :library:external:barcodescanner:core:javaPreCompileDebug (Thread[#508,Execution worker Thread 8,5,main]) started.
:library:external:barcodescanner:core:javaPreCompileDebug (Thread[#508,Execution worker Thread 8,5,main]) started.

> Task :library:ui-strings:compileDebugKotlin FROM-CACHE
Build cache key for task ':library:ui-strings:compileDebugKotlin' is e488f5fb000a6158887347fdaf2a5ac3
Task ':library:ui-strings:compileDebugKotlin' is not up-to-date because:
  Output property 'classpathSnapshotProperties.classpathSnapshotDir' file /home/codenia/Videos/OZ-Chat_Prod_23_Mar_bgNoti_working/OZ-Chat_Prod/20251125_OZ-Chat_Android_App/OZ-Chat_Android_Dev/library/ui-strings/build/kotlin/compileDebugKotlin/classpath-snapshot has been removed.
  Output property 'classpathSnapshotProperties.classpathSnapshotDir' file /home/codenia/Videos/OZ-Chat_Prod_23_Mar_bgNoti_working/OZ-Chat_Prod/20251125_OZ-Chat_Android_App/OZ-Chat_Android_Dev/library/ui-strings/build/kotlin/compileDebugKotlin/classpath-snapshot/shrunk-classpath-snapshot.bin has been removed.
  Output property 'destinationDirectory' file /home/codenia/Videos/OZ-Chat_Prod_23_Mar_bgNoti_working/OZ-Chat_Prod/20251125_OZ-Chat_Android_App/OZ-Chat_Android_Dev/library/ui-strings/build/tmp/kotlin-classes/debug has been removed.
  and more...
Loaded cache entry for task ':library:ui-strings:compileDebugKotlin' with cache key e488f5fb000a6158887347fdaf2a5ac3
Resolve mutations for :library:ui-strings:javaPreCompileDebug (Thread[#506,Execution worker Thread 6,5,main]) started.
:library:ui-strings:javaPreCompileDebug (Thread[#506,Execution worker Thread 6,5,main]) started.

> Task :library:ui-strings:javaPreCompileDebug FROM-CACHE
Build cache key for task ':library:ui-strings:javaPreCompileDebug' is 7e28b9d4dddfbf93bbc5b806a026475c
Task ':library:ui-strings:javaPreCompileDebug' is not up-to-date because:
  Output property 'annotationProcessorListFile' file /home/codenia/Videos/OZ-Chat_Prod_23_Mar_bgNoti_working/OZ-Chat_Prod/20251125_OZ-Chat_Android_App/OZ-Chat_Android_Dev/library/ui-strings/build/intermediates/annotation_processor_list/debug/javaPreCompileDebug/annotationProcessors.json has been removed.
Loaded cache entry for task ':library:ui-strings:javaPreCompileDebug' with cache key 7e28b9d4dddfbf93bbc5b806a026475c
Resolve mutations for :library:ui-strings:compileDebugJavaWithJavac (Thread[#506,Execution worker Thread 6,5,main]) started.
:library:ui-strings:compileDebugJavaWithJavac (Thread[#506,Execution worker Thread 6,5,main]) started.

> Task :library:ui-strings:compileDebugJavaWithJavac NO-SOURCE
Skipping task ':library:ui-strings:compileDebugJavaWithJavac' as it has no source files and no previous output files.
Resolve mutations for :library:ui-strings:templateStringDebugResourceLocator (Thread[#506,Execution worker Thread 6,5,main]) started.
:library:ui-strings:templateStringDebugResourceLocator (Thread[#506,Execution worker Thread 6,5,main]) started.

> Task :library:external:barcodescanner:core:javaPreCompileDebug FROM-CACHE
Build cache key for task ':library:external:barcodescanner:core:javaPreCompileDebug' is 7e28b9d4dddfbf93bbc5b806a026475c
Task ':library:external:barcodescanner:core:javaPreCompileDebug' is not up-to-date because:
  Output property 'annotationProcessorListFile' file /home/codenia/Videos/OZ-Chat_Prod_23_Mar_bgNoti_working/OZ-Chat_Prod/20251125_OZ-Chat_Android_App/OZ-Chat_Android_Dev/library/external/barcodescanner/core/build/intermediates/annotation_processor_list/debug/javaPreCompileDebug/annotationProcessors.json has been removed.
Loaded cache entry for task ':library:external:barcodescanner:core:javaPreCompileDebug' with cache key 7e28b9d4dddfbf93bbc5b806a026475c
Resolve mutations for :library:external:barcodescanner:core:compileDebugJavaWithJavac (Thread[#508,Execution worker Thread 8,5,main]) started.
:library:external:barcodescanner:core:compileDebugJavaWithJavac (Thread[#508,Execution worker Thread 8,5,main]) started.

> Transform diff-match-patch.jar (project :library:external:diff-match-patch) with JetifyTransform
Build cache key for JetifyTransform: /home/codenia/Videos/OZ-Chat_Prod_23_Mar_bgNoti_working/OZ-Chat_Prod/20251125_OZ-Chat_Android_App/OZ-Chat_Android_Dev/library/external/diff-match-patch/build/libs/diff-match-patch.jar is 216d7db75d740166ab8f81e0faaf9e20
Stored cache entry for JetifyTransform: /home/codenia/Videos/OZ-Chat_Prod_23_Mar_bgNoti_working/OZ-Chat_Prod/20251125_OZ-Chat_Android_App/OZ-Chat_Android_Dev/library/external/diff-match-patch/build/libs/diff-match-patch.jar with cache key 216d7db75d740166ab8f81e0faaf9e20
IdentityTransform (Thread[#501,Execution worker Thread 2,5,main]) started.

> Transform realmfieldnameshelper.jar (project :library:external:realmfieldnameshelper) with JetifyTransform
Build cache key for JetifyTransform: /home/codenia/Videos/OZ-Chat_Prod_23_Mar_bgNoti_working/OZ-Chat_Prod/20251125_OZ-Chat_Android_App/OZ-Chat_Android_Dev/library/external/realmfieldnameshelper/build/libs/realmfieldnameshelper.jar is 9419c92c2bc0f193f4afc632986a3cf5
Stored cache entry for JetifyTransform: /home/codenia/Videos/OZ-Chat_Prod_23_Mar_bgNoti_working/OZ-Chat_Prod/20251125_OZ-Chat_Android_App/OZ-Chat_Android_Dev/library/external/realmfieldnameshelper/build/libs/realmfieldnameshelper.jar with cache key 9419c92c2bc0f193f4afc632986a3cf5
Resolve mutations for :library:external:barcodescanner:zxing:javaPreCompileDebug (Thread[#507,Execution worker Thread 7,5,main]) started.
:library:external:barcodescanner:zxing:javaPreCompileDebug (Thread[#507,Execution worker Thread 7,5,main]) started.

> Transform diff-match-patch.jar (project :library:external:diff-match-patch) with IdentityTransform
Caching disabled for IdentityTransform: /home/codenia/.gradle/caches/8.14.3/transforms/1e402f796cdba45c3092f4886d487f57/transformed/jetified-diff-match-patch.jar because:
  Caching not enabled.

> Task :library:external:barcodescanner:zxing:javaPreCompileDebug FROM-CACHE
Build cache key for task ':library:external:barcodescanner:zxing:javaPreCompileDebug' is 7e28b9d4dddfbf93bbc5b806a026475c
Task ':library:external:barcodescanner:zxing:javaPreCompileDebug' is not up-to-date because:
  Output property 'annotationProcessorListFile' file /home/codenia/Videos/OZ-Chat_Prod_23_Mar_bgNoti_working/OZ-Chat_Prod/20251125_OZ-Chat_Android_App/OZ-Chat_Android_Dev/library/external/barcodescanner/zxing/build/intermediates/annotation_processor_list/debug/javaPreCompileDebug/annotationProcessors.json has been removed.
Loaded cache entry for task ':library:external:barcodescanner:zxing:javaPreCompileDebug' with cache key 7e28b9d4dddfbf93bbc5b806a026475c

> Task :library:external:textdrawable:bundleLibCompileToJarDebug
Caching disabled for task ':library:external:textdrawable:bundleLibCompileToJarDebug' because:
  Simple merging task
Task ':library:external:textdrawable:bundleLibCompileToJarDebug' is not up-to-date because:
  Output property 'output' file /home/codenia/Videos/OZ-Chat_Prod_23_Mar_bgNoti_working/OZ-Chat_Prod/20251125_OZ-Chat_Android_App/OZ-Chat_Android_Dev/library/external/textdrawable/build/intermediates/compile_library_classes_jar/debug/bundleLibCompileToJarDebug/classes.jar has been removed.
work action resolve classes.jar (project :library:external:textdrawable) (Thread[#510,Execution worker Thread 10,5,main]) started.

> Task :library:external:barcodescanner:core:compileDebugJavaWithJavac FROM-CACHE
Custom actions are attached to task ':library:external:barcodescanner:core:compileDebugJavaWithJavac'.
Build cache key for task ':library:external:barcodescanner:core:compileDebugJavaWithJavac' is dee08c86b0bb744d5112cb2abe46af1a
Task ':library:external:barcodescanner:core:compileDebugJavaWithJavac' is not up-to-date because:
  Output property 'destinationDirectory' file /home/codenia/Videos/OZ-Chat_Prod_23_Mar_bgNoti_working/OZ-Chat_Prod/20251125_OZ-Chat_Android_App/OZ-Chat_Android_Dev/library/external/barcodescanner/core/build/intermediates/javac/debug/compileDebugJavaWithJavac/classes has been removed.
  Output property 'destinationDirectory' file /home/codenia/Videos/OZ-Chat_Prod_23_Mar_bgNoti_working/OZ-Chat_Prod/20251125_OZ-Chat_Android_App/OZ-Chat_Android_Dev/library/external/barcodescanner/core/build/intermediates/javac/debug/compileDebugJavaWithJavac/classes/me has been removed.
  Output property 'destinationDirectory' file /home/codenia/Videos/OZ-Chat_Prod_23_Mar_bgNoti_working/OZ-Chat_Prod/20251125_OZ-Chat_Android_App/OZ-Chat_Android_Dev/library/external/barcodescanner/core/build/intermediates/javac/debug/compileDebugJavaWithJavac/classes/me/dm7 has been removed.
  and more...
Loaded cache entry for task ':library:external:barcodescanner:core:compileDebugJavaWithJavac' with cache key dee08c86b0bb744d5112cb2abe46af1a
No compile result for :library:external:barcodescanner:core:compileDebugJavaWithJavac
Resolve mutations for :library:external:barcodescanner:core:bundleLibCompileToJarDebug (Thread[#508,Execution worker Thread 8,5,main]) started.
:library:external:barcodescanner:core:bundleLibCompileToJarDebug (Thread[#508,Execution worker Thread 8,5,main]) started.

> Task :library:core-utils:bundleLibCompileToJarDebug
Caching disabled for task ':library:core-utils:bundleLibCompileToJarDebug' because:
  Simple merging task
Task ':library:core-utils:bundleLibCompileToJarDebug' is not up-to-date because:
  Output property 'output' file /home/codenia/Videos/OZ-Chat_Prod_23_Mar_bgNoti_working/OZ-Chat_Prod/20251125_OZ-Chat_Android_App/OZ-Chat_Android_Dev/library/core-utils/build/intermediates/compile_library_classes_jar/debug/bundleLibCompileToJarDebug/classes.jar has been removed.

> Task :library:external:autocomplete:bundleLibCompileToJarDebug
Caching disabled for task ':library:external:autocomplete:bundleLibCompileToJarDebug' because:
  Simple merging task
Task ':library:external:autocomplete:bundleLibCompileToJarDebug' is not up-to-date because:
  Output property 'output' file /home/codenia/Videos/OZ-Chat_Prod_23_Mar_bgNoti_working/OZ-Chat_Prod/20251125_OZ-Chat_Android_App/OZ-Chat_Android_Dev/library/external/autocomplete/build/intermediates/compile_library_classes_jar/debug/bundleLibCompileToJarDebug/classes.jar has been removed.

> Task :vector-config:bundleLibCompileToJarDebug
Caching disabled for task ':vector-config:bundleLibCompileToJarDebug' because:
  Simple merging task
Task ':vector-config:bundleLibCompileToJarDebug' is not up-to-date because:
  Output property 'output' file /home/codenia/Videos/OZ-Chat_Prod_23_Mar_bgNoti_working/OZ-Chat_Prod/20251125_OZ-Chat_Android_App/OZ-Chat_Android_Dev/vector-config/build/intermediates/compile_library_classes_jar/debug/bundleLibCompileToJarDebug/classes.jar has been removed.
work action resolve classes.jar (project :vector-config) (Thread[#504,Execution worker Thread 4,5,main]) started.
work action resolve classes.jar (project :library:external:autocomplete) (Thread[#511,Execution worker Thread 11,5,main]) started.

> Task :library:external:span:bundleLibCompileToJarDebug
Caching disabled for task ':library:external:span:bundleLibCompileToJarDebug' because:
  Simple merging task
Task ':library:external:span:bundleLibCompileToJarDebug' is not up-to-date because:
  Output property 'output' file /home/codenia/Videos/OZ-Chat_Prod_23_Mar_bgNoti_working/OZ-Chat_Prod/20251125_OZ-Chat_Android_App/OZ-Chat_Android_Dev/library/external/span/build/intermediates/compile_library_classes_jar/debug/bundleLibCompileToJarDebug/classes.jar has been removed.
work action resolve classes.jar (project :library:external:span) (Thread[#509,Execution worker Thread 9,5,main]) started.
work action resolve classes.jar (project :library:core-utils) (Thread[#499,included builds,5,main]) started.
Resolve mutations for :library:multipicker:compileDebugKotlin (Thread[#511,Execution worker Thread 11,5,main]) started.
:library:multipicker:compileDebugKotlin (Thread[#511,Execution worker Thread 11,5,main]) started.

> Task :library:external:dialpad:bundleLibCompileToJarDebug
Caching disabled for task ':library:external:dialpad:bundleLibCompileToJarDebug' because:
  Simple merging task
Task ':library:external:dialpad:bundleLibCompileToJarDebug' is not up-to-date because:
  Output property 'output' file /home/codenia/Videos/OZ-Chat_Prod_23_Mar_bgNoti_working/OZ-Chat_Prod/20251125_OZ-Chat_Android_App/OZ-Chat_Android_Dev/library/external/dialpad/build/intermediates/compile_library_classes_jar/debug/bundleLibCompileToJarDebug/classes.jar has been removed.
Resolve mutations for :library:external:jsonviewer:kspDebugKotlin (Thread[#499,included builds,5,main]) started.
:library:external:jsonviewer:kspDebugKotlin (Thread[#499,included builds,5,main]) started.

> Task :library:external:jsonviewer:kspDebugKotlin SKIPPED
Skipping task ':library:external:jsonviewer:kspDebugKotlin' as task onlyIf 'Task satisfies onlyIf spec' is false.
Resolve mutations for :library:external:jsonviewer:kaptGenerateStubsDebugKotlin (Thread[#499,included builds,5,main]) started.
:library:external:jsonviewer:kaptGenerateStubsDebugKotlin (Thread[#499,included builds,5,main]) started.
work action resolve classes.jar (project :library:external:dialpad) (Thread[#505,Execution worker Thread 5,5,main]) started.
Resolve mutations for :library:ui-styles:compileDebugKotlin (Thread[#505,Execution worker Thread 5,5,main]) started.
:library:ui-styles:compileDebugKotlin (Thread[#505,Execution worker Thread 5,5,main]) started.

> Task :library:external:barcodescanner:core:bundleLibCompileToJarDebug
Caching disabled for task ':library:external:barcodescanner:core:bundleLibCompileToJarDebug' because:
  Simple merging task
Task ':library:external:barcodescanner:core:bundleLibCompileToJarDebug' is not up-to-date because:
  Output property 'output' file /home/codenia/Videos/OZ-Chat_Prod_23_Mar_bgNoti_working/OZ-Chat_Prod/20251125_OZ-Chat_Android_App/OZ-Chat_Android_Dev/library/external/barcodescanner/core/build/intermediates/compile_library_classes_jar/debug/bundleLibCompileToJarDebug/classes.jar has been removed.
work action resolve classes.jar (project :library:external:barcodescanner:core) (Thread[#508,Execution worker Thread 8,5,main]) started.
Resolve mutations for :library:external:barcodescanner:zxing:compileDebugJavaWithJavac (Thread[#508,Execution worker Thread 8,5,main]) started.
:library:external:barcodescanner:zxing:compileDebugJavaWithJavac (Thread[#508,Execution worker Thread 8,5,main]) started.

> Task :library:external:barcodescanner:zxing:compileDebugJavaWithJavac FROM-CACHE
Custom actions are attached to task ':library:external:barcodescanner:zxing:compileDebugJavaWithJavac'.
Build cache key for task ':library:external:barcodescanner:zxing:compileDebugJavaWithJavac' is 4cee64f84ec91b8ad219e64f5d362afa
Task ':library:external:barcodescanner:zxing:compileDebugJavaWithJavac' is not up-to-date because:
  Output property 'destinationDirectory' file /home/codenia/Videos/OZ-Chat_Prod_23_Mar_bgNoti_working/OZ-Chat_Prod/20251125_OZ-Chat_Android_App/OZ-Chat_Android_Dev/library/external/barcodescanner/zxing/build/intermediates/javac/debug/compileDebugJavaWithJavac/classes has been removed.
  Output property 'destinationDirectory' file /home/codenia/Videos/OZ-Chat_Prod_23_Mar_bgNoti_working/OZ-Chat_Prod/20251125_OZ-Chat_Android_App/OZ-Chat_Android_Dev/library/external/barcodescanner/zxing/build/intermediates/javac/debug/compileDebugJavaWithJavac/classes/me has been removed.
  Output property 'destinationDirectory' file /home/codenia/Videos/OZ-Chat_Prod_23_Mar_bgNoti_working/OZ-Chat_Prod/20251125_OZ-Chat_Android_App/OZ-Chat_Android_Dev/library/external/barcodescanner/zxing/build/intermediates/javac/debug/compileDebugJavaWithJavac/classes/me/dm7 has been removed.
  and more...
Loaded cache entry for task ':library:external:barcodescanner:zxing:compileDebugJavaWithJavac' with cache key 4cee64f84ec91b8ad219e64f5d362afa
No compile result for :library:external:barcodescanner:zxing:compileDebugJavaWithJavac
Resolve mutations for :library:external:barcodescanner:zxing:bundleLibCompileToJarDebug (Thread[#508,Execution worker Thread 8,5,main]) started.
:library:external:barcodescanner:zxing:bundleLibCompileToJarDebug (Thread[#508,Execution worker Thread 8,5,main]) started.

> Task :library:external:barcodescanner:zxing:bundleLibCompileToJarDebug
Caching disabled for task ':library:external:barcodescanner:zxing:bundleLibCompileToJarDebug' because:
  Simple merging task
Task ':library:external:barcodescanner:zxing:bundleLibCompileToJarDebug' is not up-to-date because:
  Output property 'output' file /home/codenia/Videos/OZ-Chat_Prod_23_Mar_bgNoti_working/OZ-Chat_Prod/20251125_OZ-Chat_Android_App/OZ-Chat_Android_Dev/library/external/barcodescanner/zxing/build/intermediates/compile_library_classes_jar/debug/bundleLibCompileToJarDebug/classes.jar has been removed.
work action resolve classes.jar (project :library:external:barcodescanner:zxing) (Thread[#508,Execution worker Thread 8,5,main]) started.

> Task :library:multipicker:compileDebugKotlin FROM-CACHE
Build cache key for task ':library:multipicker:compileDebugKotlin' is 33663e2f51aecd931f26352ab39f6cf2
Task ':library:multipicker:compileDebugKotlin' is not up-to-date because:
  Output property 'classpathSnapshotProperties.classpathSnapshotDir' file /home/codenia/Videos/OZ-Chat_Prod_23_Mar_bgNoti_working/OZ-Chat_Prod/20251125_OZ-Chat_Android_App/OZ-Chat_Android_Dev/library/multipicker/build/kotlin/compileDebugKotlin/classpath-snapshot has been removed.
  Output property 'classpathSnapshotProperties.classpathSnapshotDir' file /home/codenia/Videos/OZ-Chat_Prod_23_Mar_bgNoti_working/OZ-Chat_Prod/20251125_OZ-Chat_Android_App/OZ-Chat_Android_Dev/library/multipicker/build/kotlin/compileDebugKotlin/classpath-snapshot/shrunk-classpath-snapshot.bin has been removed.
  Output property 'destinationDirectory' file /home/codenia/Videos/OZ-Chat_Prod_23_Mar_bgNoti_working/OZ-Chat_Prod/20251125_OZ-Chat_Android_App/OZ-Chat_Android_Dev/library/multipicker/build/tmp/kotlin-classes/debug has been removed.
  and more...
Loaded cache entry for task ':library:multipicker:compileDebugKotlin' with cache key 33663e2f51aecd931f26352ab39f6cf2
Resolve mutations for :library:multipicker:compileDebugJavaWithJavac (Thread[#508,Execution worker Thread 8,5,main]) started.
:library:multipicker:compileDebugJavaWithJavac (Thread[#508,Execution worker Thread 8,5,main]) started.

> Task :library:multipicker:compileDebugJavaWithJavac NO-SOURCE
Skipping task ':library:multipicker:compileDebugJavaWithJavac' as it has no source files and no previous output files.
Resolve mutations for :library:multipicker:bundleLibCompileToJarDebug (Thread[#511,Execution worker Thread 11,5,main]) started.

> Task :library:ui-styles:compileDebugKotlin FROM-CACHE
Build cache key for task ':library:ui-styles:compileDebugKotlin' is 03c71cf23916923832c249d96ef0b862
Task ':library:ui-styles:compileDebugKotlin' is not up-to-date because:
  Output property 'classpathSnapshotProperties.classpathSnapshotDir' file /home/codenia/Videos/OZ-Chat_Prod_23_Mar_bgNoti_working/OZ-Chat_Prod/20251125_OZ-Chat_Android_App/OZ-Chat_Android_Dev/library/ui-styles/build/kotlin/compileDebugKotlin/classpath-snapshot has been removed.
  Output property 'classpathSnapshotProperties.classpathSnapshotDir' file /home/codenia/Videos/OZ-Chat_Prod_23_Mar_bgNoti_working/OZ-Chat_Prod/20251125_OZ-Chat_Android_App/OZ-Chat_Android_Dev/library/ui-styles/build/kotlin/compileDebugKotlin/classpath-snapshot/shrunk-classpath-snapshot.bin has been removed.
  Output property 'destinationDirectory' file /home/codenia/Videos/OZ-Chat_Prod_23_Mar_bgNoti_working/OZ-Chat_Prod/20251125_OZ-Chat_Android_App/OZ-Chat_Android_Dev/library/ui-styles/build/tmp/kotlin-classes/debug has been removed.
  and more...
Loaded cache entry for task ':library:ui-styles:compileDebugKotlin' with cache key 03c71cf23916923832c249d96ef0b862
Resolve mutations for :library:ui-styles:compileDebugJavaWithJavac (Thread[#505,Execution worker Thread 5,5,main]) started.
:library:multipicker:bundleLibCompileToJarDebug (Thread[#511,Execution worker Thread 11,5,main]) started.
:library:ui-styles:compileDebugJavaWithJavac (Thread[#505,Execution worker Thread 5,5,main]) started.

> Task :library:multipicker:bundleLibCompileToJarDebug
Caching disabled for task ':library:multipicker:bundleLibCompileToJarDebug' because:
  Simple merging task
Task ':library:multipicker:bundleLibCompileToJarDebug' is not up-to-date because:
  Output property 'output' file /home/codenia/Videos/OZ-Chat_Prod_23_Mar_bgNoti_working/OZ-Chat_Prod/20251125_OZ-Chat_Android_App/OZ-Chat_Android_Dev/library/multipicker/build/intermediates/compile_library_classes_jar/debug/bundleLibCompileToJarDebug/classes.jar has been removed.
work action resolve classes.jar (project :library:multipicker) (Thread[#511,Execution worker Thread 11,5,main]) started.

> Task :library:ui-styles:compileDebugJavaWithJavac FROM-CACHE
Custom actions are attached to task ':library:ui-styles:compileDebugJavaWithJavac'.
Build cache key for task ':library:ui-styles:compileDebugJavaWithJavac' is 23ad61c9649afd1eac1411caf491c8c0
Task ':library:ui-styles:compileDebugJavaWithJavac' is not up-to-date because:
  Output property 'destinationDirectory' file /home/codenia/Videos/OZ-Chat_Prod_23_Mar_bgNoti_working/OZ-Chat_Prod/20251125_OZ-Chat_Android_App/OZ-Chat_Android_Dev/library/ui-styles/build/intermediates/javac/debug/compileDebugJavaWithJavac/classes has been removed.
  Output property 'destinationDirectory' file /home/codenia/Videos/OZ-Chat_Prod_23_Mar_bgNoti_working/OZ-Chat_Prod/20251125_OZ-Chat_Android_App/OZ-Chat_Android_Dev/library/ui-styles/build/intermediates/javac/debug/compileDebugJavaWithJavac/classes/im has been removed.
  Output property 'destinationDirectory' file /home/codenia/Videos/OZ-Chat_Prod_23_Mar_bgNoti_working/OZ-Chat_Prod/20251125_OZ-Chat_Android_App/OZ-Chat_Android_Dev/library/ui-styles/build/intermediates/javac/debug/compileDebugJavaWithJavac/classes/im/vector has been removed.
  and more...
Loaded cache entry for task ':library:ui-styles:compileDebugJavaWithJavac' with cache key 23ad61c9649afd1eac1411caf491c8c0
No compile result for :library:ui-styles:compileDebugJavaWithJavac
Resolve mutations for :library:ui-styles:bundleLibCompileToJarDebug (Thread[#505,Execution worker Thread 5,5,main]) started.
:library:ui-styles:bundleLibCompileToJarDebug (Thread[#505,Execution worker Thread 5,5,main]) started.

> Task :library:external:jsonviewer:kaptGenerateStubsDebugKotlin FROM-CACHE
Build cache key for task ':library:external:jsonviewer:kaptGenerateStubsDebugKotlin' is 5730bf2aa307fae47819de4b32b9b48a
Task ':library:external:jsonviewer:kaptGenerateStubsDebugKotlin' is not up-to-date because:
  Output property 'classpathSnapshotProperties.classpathSnapshotDir' file /home/codenia/Videos/OZ-Chat_Prod_23_Mar_bgNoti_working/OZ-Chat_Prod/20251125_OZ-Chat_Android_App/OZ-Chat_Android_Dev/library/external/jsonviewer/build/kotlin/kaptGenerateStubsDebugKotlin/classpath-snapshot has been removed.
  Output property 'classpathSnapshotProperties.classpathSnapshotDir' file /home/codenia/Videos/OZ-Chat_Prod_23_Mar_bgNoti_working/OZ-Chat_Prod/20251125_OZ-Chat_Android_App/OZ-Chat_Android_Dev/library/external/jsonviewer/build/kotlin/kaptGenerateStubsDebugKotlin/classpath-snapshot/shrunk-classpath-snapshot.bin has been removed.
  Output property 'destinationDirectory' file /home/codenia/Videos/OZ-Chat_Prod_23_Mar_bgNoti_working/OZ-Chat_Prod/20251125_OZ-Chat_Android_App/OZ-Chat_Android_Dev/library/external/jsonviewer/build/tmp/kapt3/incrementalData/debug has been removed.
  and more...
Loaded cache entry for task ':library:external:jsonviewer:kaptGenerateStubsDebugKotlin' with cache key 5730bf2aa307fae47819de4b32b9b48a
Resolve mutations for :library:external:jsonviewer:kaptDebugKotlin (Thread[#511,Execution worker Thread 11,5,main]) started.
:library:external:jsonviewer:kaptDebugKotlin (Thread[#504,Execution worker Thread 4,5,main]) started.

> Task :library:ui-styles:bundleLibCompileToJarDebug
Caching disabled for task ':library:ui-styles:bundleLibCompileToJarDebug' because:
  Simple merging task
Task ':library:ui-styles:bundleLibCompileToJarDebug' is not up-to-date because:
  Output property 'output' file /home/codenia/Videos/OZ-Chat_Prod_23_Mar_bgNoti_working/OZ-Chat_Prod/20251125_OZ-Chat_Android_App/OZ-Chat_Android_Dev/library/ui-styles/build/intermediates/compile_library_classes_jar/debug/bundleLibCompileToJarDebug/classes.jar has been removed.
work action resolve classes.jar (project :library:ui-styles) (Thread[#505,Execution worker Thread 5,5,main]) started.
Resolve mutations for :library:attachment-viewer:compileDebugKotlin (Thread[#505,Execution worker Thread 5,5,main]) started.
:library:attachment-viewer:compileDebugKotlin (Thread[#505,Execution worker Thread 5,5,main]) started.

> Task :library:external:jsonviewer:kaptDebugKotlin FROM-CACHE
file or directory '/home/codenia/Videos/OZ-Chat_Prod_23_Mar_bgNoti_working/OZ-Chat_Prod/20251125_OZ-Chat_Android_App/OZ-Chat_Android_Dev/library/external/jsonviewer/src/debug/kotlin', not found
file or directory '/home/codenia/Videos/OZ-Chat_Prod_23_Mar_bgNoti_working/OZ-Chat_Prod/20251125_OZ-Chat_Android_App/OZ-Chat_Android_Dev/library/external/jsonviewer/src/debug/java', not found
file or directory '/home/codenia/Videos/OZ-Chat_Prod_23_Mar_bgNoti_working/OZ-Chat_Prod/20251125_OZ-Chat_Android_App/OZ-Chat_Android_Dev/library/external/jsonviewer/src/debug/kotlin', not found
file or directory '/home/codenia/Videos/OZ-Chat_Prod_23_Mar_bgNoti_working/OZ-Chat_Prod/20251125_OZ-Chat_Android_App/OZ-Chat_Android_Dev/library/external/jsonviewer/src/debug/java', not found
file or directory '/home/codenia/Videos/OZ-Chat_Prod_23_Mar_bgNoti_working/OZ-Chat_Prod/20251125_OZ-Chat_Android_App/OZ-Chat_Android_Dev/library/external/jsonviewer/src/debug/kotlin', not found
file or directory '/home/codenia/Videos/OZ-Chat_Prod_23_Mar_bgNoti_working/OZ-Chat_Prod/20251125_OZ-Chat_Android_App/OZ-Chat_Android_Dev/library/external/jsonviewer/src/debug/java', not found
file or directory '/home/codenia/Videos/OZ-Chat_Prod_23_Mar_bgNoti_working/OZ-Chat_Prod/20251125_OZ-Chat_Android_App/OZ-Chat_Android_Dev/library/external/jsonviewer/build/generated/ksp/debug/kotlin', not found
file or directory '/home/codenia/Videos/OZ-Chat_Prod_23_Mar_bgNoti_working/OZ-Chat_Prod/20251125_OZ-Chat_Android_App/OZ-Chat_Android_Dev/library/external/jsonviewer/build/generated/ksp/debug/java', not found
file or directory '/home/codenia/Videos/OZ-Chat_Prod_23_Mar_bgNoti_working/OZ-Chat_Prod/20251125_OZ-Chat_Android_App/OZ-Chat_Android_Dev/library/external/jsonviewer/src/main/kotlin', not found
file or directory '/home/codenia/Videos/OZ-Chat_Prod_23_Mar_bgNoti_working/OZ-Chat_Prod/20251125_OZ-Chat_Android_App/OZ-Chat_Android_Dev/library/external/jsonviewer/src/main/kotlin', not found
file or directory '/home/codenia/Videos/OZ-Chat_Prod_23_Mar_bgNoti_working/OZ-Chat_Prod/20251125_OZ-Chat_Android_App/OZ-Chat_Android_Dev/library/external/jsonviewer/src/main/kotlin', not found
file or directory '/home/codenia/Videos/OZ-Chat_Prod_23_Mar_bgNoti_working/OZ-Chat_Prod/20251125_OZ-Chat_Android_App/OZ-Chat_Android_Dev/library/external/jsonviewer/src/main/kotlin', not found
file or directory '/home/codenia/Videos/OZ-Chat_Prod_23_Mar_bgNoti_working/OZ-Chat_Prod/20251125_OZ-Chat_Android_App/OZ-Chat_Android_Dev/library/external/jsonviewer/src/main/kotlin', not found
file or directory '/home/codenia/Videos/OZ-Chat_Prod_23_Mar_bgNoti_working/OZ-Chat_Prod/20251125_OZ-Chat_Android_App/OZ-Chat_Android_Dev/library/external/jsonviewer/src/main/kotlin', not found
file or directory '/home/codenia/Videos/OZ-Chat_Prod_23_Mar_bgNoti_working/OZ-Chat_Prod/20251125_OZ-Chat_Android_App/OZ-Chat_Android_Dev/library/external/jsonviewer/src/debug/kotlin', not found
file or directory '/home/codenia/Videos/OZ-Chat_Prod_23_Mar_bgNoti_working/OZ-Chat_Prod/20251125_OZ-Chat_Android_App/OZ-Chat_Android_Dev/library/external/jsonviewer/src/debug/java', not found
file or directory '/home/codenia/Videos/OZ-Chat_Prod_23_Mar_bgNoti_working/OZ-Chat_Prod/20251125_OZ-Chat_Android_App/OZ-Chat_Android_Dev/library/external/jsonviewer/src/debug/kotlin', not found
file or directory '/home/codenia/Videos/OZ-Chat_Prod_23_Mar_bgNoti_working/OZ-Chat_Prod/20251125_OZ-Chat_Android_App/OZ-Chat_Android_Dev/library/external/jsonviewer/src/debug/java', not found
file or directory '/home/codenia/Videos/OZ-Chat_Prod_23_Mar_bgNoti_working/OZ-Chat_Prod/20251125_OZ-Chat_Android_App/OZ-Chat_Android_Dev/library/external/jsonviewer/src/debug/kotlin', not found
file or directory '/home/codenia/Videos/OZ-Chat_Prod_23_Mar_bgNoti_working/OZ-Chat_Prod/20251125_OZ-Chat_Android_App/OZ-Chat_Android_Dev/library/external/jsonviewer/src/debug/java', not found
file or directory '/home/codenia/Videos/OZ-Chat_Prod_23_Mar_bgNoti_working/OZ-Chat_Prod/20251125_OZ-Chat_Android_App/OZ-Chat_Android_Dev/library/external/jsonviewer/build/generated/ksp/debug/kotlin', not found
file or directory '/home/codenia/Videos/OZ-Chat_Prod_23_Mar_bgNoti_working/OZ-Chat_Prod/20251125_OZ-Chat_Android_App/OZ-Chat_Android_Dev/library/external/jsonviewer/build/generated/ksp/debug/java', not found
file or directory '/home/codenia/Videos/OZ-Chat_Prod_23_Mar_bgNoti_working/OZ-Chat_Prod/20251125_OZ-Chat_Android_App/OZ-Chat_Android_Dev/library/external/jsonviewer/src/debug/java', not found
Build cache key for task ':library:external:jsonviewer:kaptDebugKotlin' is f7910179c5a01550fcd7b03ff26c121c
Task ':library:external:jsonviewer:kaptDebugKotlin' is not up-to-date because:
  Output property 'classesDir' file /home/codenia/Videos/OZ-Chat_Prod_23_Mar_bgNoti_working/OZ-Chat_Prod/20251125_OZ-Chat_Android_App/OZ-Chat_Android_Dev/library/external/jsonviewer/build/tmp/kapt3/classes/debug has been removed.
  Output property 'destinationDir' file /home/codenia/Videos/OZ-Chat_Prod_23_Mar_bgNoti_working/OZ-Chat_Prod/20251125_OZ-Chat_Android_App/OZ-Chat_Android_Dev/library/external/jsonviewer/build/generated/source/kapt/debug has been removed.
  Output property 'destinationDir' file /home/codenia/Videos/OZ-Chat_Prod_23_Mar_bgNoti_working/OZ-Chat_Prod/20251125_OZ-Chat_Android_App/OZ-Chat_Android_Dev/library/external/jsonviewer/build/generated/source/kapt/debug/org has been removed.
  and more...
Loaded cache entry for task ':library:external:jsonviewer:kaptDebugKotlin' with cache key f7910179c5a01550fcd7b03ff26c121c
Resolve mutations for :library:external:jsonviewer:compileDebugKotlin (Thread[#504,Execution worker Thread 4,5,main]) started.
:library:external:jsonviewer:compileDebugKotlin (Thread[#504,Execution worker Thread 4,5,main]) started.

> Task :library:attachment-viewer:compileDebugKotlin FROM-CACHE
Build cache key for task ':library:attachment-viewer:compileDebugKotlin' is e4dea883ecc60a880728b798af4746f0
Task ':library:attachment-viewer:compileDebugKotlin' is not up-to-date because:
  Output property 'classpathSnapshotProperties.classpathSnapshotDir' file /home/codenia/Videos/OZ-Chat_Prod_23_Mar_bgNoti_working/OZ-Chat_Prod/20251125_OZ-Chat_Android_App/OZ-Chat_Android_Dev/library/attachment-viewer/build/kotlin/compileDebugKotlin/classpath-snapshot has been removed.
  Output property 'classpathSnapshotProperties.classpathSnapshotDir' file /home/codenia/Videos/OZ-Chat_Prod_23_Mar_bgNoti_working/OZ-Chat_Prod/20251125_OZ-Chat_Android_App/OZ-Chat_Android_Dev/library/attachment-viewer/build/kotlin/compileDebugKotlin/classpath-snapshot/shrunk-classpath-snapshot.bin has been removed.
  Output property 'destinationDirectory' file /home/codenia/Videos/OZ-Chat_Prod_23_Mar_bgNoti_working/OZ-Chat_Prod/20251125_OZ-Chat_Android_App/OZ-Chat_Android_Dev/library/attachment-viewer/build/tmp/kotlin-classes/debug has been removed.
  and more...
Loaded cache entry for task ':library:attachment-viewer:compileDebugKotlin' with cache key e4dea883ecc60a880728b798af4746f0
Resolve mutations for :library:attachment-viewer:compileDebugJavaWithJavac (Thread[#505,Execution worker Thread 5,5,main]) started.
:library:attachment-viewer:compileDebugJavaWithJavac (Thread[#505,Execution worker Thread 5,5,main]) started.

> Task :library:attachment-viewer:compileDebugJavaWithJavac FROM-CACHE
Custom actions are attached to task ':library:attachment-viewer:compileDebugJavaWithJavac'.
Build cache key for task ':library:attachment-viewer:compileDebugJavaWithJavac' is a16cc8051fb91b500b10529a2bd93acd
Task ':library:attachment-viewer:compileDebugJavaWithJavac' is not up-to-date because:
  Output property 'destinationDirectory' file /home/codenia/Videos/OZ-Chat_Prod_23_Mar_bgNoti_working/OZ-Chat_Prod/20251125_OZ-Chat_Android_App/OZ-Chat_Android_Dev/library/attachment-viewer/build/intermediates/javac/debug/compileDebugJavaWithJavac/classes has been removed.
  Output property 'destinationDirectory' file /home/codenia/Videos/OZ-Chat_Prod_23_Mar_bgNoti_working/OZ-Chat_Prod/20251125_OZ-Chat_Android_App/OZ-Chat_Android_Dev/library/attachment-viewer/build/intermediates/javac/debug/compileDebugJavaWithJavac/classes/im has been removed.
  Output property 'destinationDirectory' file /home/codenia/Videos/OZ-Chat_Prod_23_Mar_bgNoti_working/OZ-Chat_Prod/20251125_OZ-Chat_Android_App/OZ-Chat_Android_Dev/library/attachment-viewer/build/intermediates/javac/debug/compileDebugJavaWithJavac/classes/im/vector has been removed.
  and more...
Loaded cache entry for task ':library:attachment-viewer:compileDebugJavaWithJavac' with cache key a16cc8051fb91b500b10529a2bd93acd
No compile result for :library:attachment-viewer:compileDebugJavaWithJavac
Resolve mutations for :library:attachment-viewer:bundleLibCompileToJarDebug (Thread[#505,Execution worker Thread 5,5,main]) started.
:library:attachment-viewer:bundleLibCompileToJarDebug (Thread[#505,Execution worker Thread 5,5,main]) started.

> Task :library:attachment-viewer:bundleLibCompileToJarDebug
Caching disabled for task ':library:attachment-viewer:bundleLibCompileToJarDebug' because:
  Simple merging task
Task ':library:attachment-viewer:bundleLibCompileToJarDebug' is not up-to-date because:
  Output property 'output' file /home/codenia/Videos/OZ-Chat_Prod_23_Mar_bgNoti_working/OZ-Chat_Prod/20251125_OZ-Chat_Android_App/OZ-Chat_Android_Dev/library/attachment-viewer/build/intermediates/compile_library_classes_jar/debug/bundleLibCompileToJarDebug/classes.jar has been removed.
work action resolve classes.jar (project :library:attachment-viewer) (Thread[#505,Execution worker Thread 5,5,main]) started.

> Task :library:external:jsonviewer:compileDebugKotlin FROM-CACHE
Build cache key for task ':library:external:jsonviewer:compileDebugKotlin' is 935763d878170a3c11d9aa5cbcdd9293
Task ':library:external:jsonviewer:compileDebugKotlin' is not up-to-date because:
  Output property 'classpathSnapshotProperties.classpathSnapshotDir' file /home/codenia/Videos/OZ-Chat_Prod_23_Mar_bgNoti_working/OZ-Chat_Prod/20251125_OZ-Chat_Android_App/OZ-Chat_Android_Dev/library/external/jsonviewer/build/kotlin/compileDebugKotlin/classpath-snapshot has been removed.
  Output property 'classpathSnapshotProperties.classpathSnapshotDir' file /home/codenia/Videos/OZ-Chat_Prod_23_Mar_bgNoti_working/OZ-Chat_Prod/20251125_OZ-Chat_Android_App/OZ-Chat_Android_Dev/library/external/jsonviewer/build/kotlin/compileDebugKotlin/classpath-snapshot/shrunk-classpath-snapshot.bin has been removed.
  Output property 'destinationDirectory' file /home/codenia/Videos/OZ-Chat_Prod_23_Mar_bgNoti_working/OZ-Chat_Prod/20251125_OZ-Chat_Android_App/OZ-Chat_Android_Dev/library/external/jsonviewer/build/tmp/kotlin-classes/debug has been removed.
  and more...
Loaded cache entry for task ':library:external:jsonviewer:compileDebugKotlin' with cache key 935763d878170a3c11d9aa5cbcdd9293
Resolve mutations for :library:external:jsonviewer:compileDebugJavaWithJavac (Thread[#504,Execution worker Thread 4,5,main]) started.
:library:external:jsonviewer:compileDebugJavaWithJavac (Thread[#504,Execution worker Thread 4,5,main]) started.

> Task :library:external:jsonviewer:compileDebugJavaWithJavac FROM-CACHE
file or directory '/home/codenia/Videos/OZ-Chat_Prod_23_Mar_bgNoti_working/OZ-Chat_Prod/20251125_OZ-Chat_Android_App/OZ-Chat_Android_Dev/library/external/jsonviewer/build/generated/ksp/debug/classes', not found
file or directory '/home/codenia/Videos/OZ-Chat_Prod_23_Mar_bgNoti_working/OZ-Chat_Prod/20251125_OZ-Chat_Android_App/OZ-Chat_Android_Dev/library/external/jsonviewer/build/generated/ksp/debug/classes', not found
Custom actions are attached to task ':library:external:jsonviewer:compileDebugJavaWithJavac'.
Build cache key for task ':library:external:jsonviewer:compileDebugJavaWithJavac' is b77cd47ebd9e584a18002e5852d6f204
Task ':library:external:jsonviewer:compileDebugJavaWithJavac' is not up-to-date because:
  Output property 'destinationDirectory' file /home/codenia/Videos/OZ-Chat_Prod_23_Mar_bgNoti_working/OZ-Chat_Prod/20251125_OZ-Chat_Android_App/OZ-Chat_Android_Dev/library/external/jsonviewer/build/intermediates/javac/debug/compileDebugJavaWithJavac/classes has been removed.
  Output property 'destinationDirectory' file /home/codenia/Videos/OZ-Chat_Prod_23_Mar_bgNoti_working/OZ-Chat_Prod/20251125_OZ-Chat_Android_App/OZ-Chat_Android_Dev/library/external/jsonviewer/build/intermediates/javac/debug/compileDebugJavaWithJavac/classes/org has been removed.
  Output property 'destinationDirectory' file /home/codenia/Videos/OZ-Chat_Prod_23_Mar_bgNoti_working/OZ-Chat_Prod/20251125_OZ-Chat_Android_App/OZ-Chat_Android_Dev/library/external/jsonviewer/build/intermediates/javac/debug/compileDebugJavaWithJavac/classes/org/billcarsonfr has been removed.
  and more...
Loaded cache entry for task ':library:external:jsonviewer:compileDebugJavaWithJavac' with cache key b77cd47ebd9e584a18002e5852d6f204
No compile result for :library:external:jsonviewer:compileDebugJavaWithJavac
Resolve mutations for :library:external:jsonviewer:bundleLibCompileToJarDebug (Thread[#505,Execution worker Thread 5,5,main]) started.
:library:external:jsonviewer:bundleLibCompileToJarDebug (Thread[#505,Execution worker Thread 5,5,main]) started.

> Task :library:external:jsonviewer:bundleLibCompileToJarDebug
Caching disabled for task ':library:external:jsonviewer:bundleLibCompileToJarDebug' because:
  Simple merging task
Task ':library:external:jsonviewer:bundleLibCompileToJarDebug' is not up-to-date because:
  Output property 'output' file /home/codenia/Videos/OZ-Chat_Prod_23_Mar_bgNoti_working/OZ-Chat_Prod/20251125_OZ-Chat_Android_App/OZ-Chat_Android_Dev/library/external/jsonviewer/build/intermediates/compile_library_classes_jar/debug/bundleLibCompileToJarDebug/classes.jar has been removed.
file or directory '/home/codenia/Videos/OZ-Chat_Prod_23_Mar_bgNoti_working/OZ-Chat_Prod/20251125_OZ-Chat_Android_App/OZ-Chat_Android_Dev/library/external/jsonviewer/build/generated/ksp/debug/classes', not found
work action resolve classes.jar (project :library:external:jsonviewer) (Thread[#505,Execution worker Thread 5,5,main]) started.

> Task :matrix-sdk-android:kspDebugKotlin FROM-CACHE
file or directory '/home/codenia/Videos/OZ-Chat_Prod_23_Mar_bgNoti_working/OZ-Chat_Prod/20251125_OZ-Chat_Android_App/OZ-Chat_Android_Dev/matrix-sdk-android/src/debug/kotlin', not found
file or directory '/home/codenia/Videos/OZ-Chat_Prod_23_Mar_bgNoti_working/OZ-Chat_Prod/20251125_OZ-Chat_Android_App/OZ-Chat_Android_Dev/matrix-sdk-android/src/main/kotlin', not found
file or directory '/home/codenia/Videos/OZ-Chat_Prod_23_Mar_bgNoti_working/OZ-Chat_Prod/20251125_OZ-Chat_Android_App/OZ-Chat_Android_Dev/matrix-sdk-android/src/debug/kotlin', not found
file or directory '/home/codenia/Videos/OZ-Chat_Prod_23_Mar_bgNoti_working/OZ-Chat_Prod/20251125_OZ-Chat_Android_App/OZ-Chat_Android_Dev/matrix-sdk-android/src/main/kotlin', not found
Build cache key for task ':matrix-sdk-android:kspDebugKotlin' is eb9d2a9a49138683e19cda8e27a66dfd
Task ':matrix-sdk-android:kspDebugKotlin' is not up-to-date because:
  Output property '$1$1' file /home/codenia/Videos/OZ-Chat_Prod_23_Mar_bgNoti_working/OZ-Chat_Prod/20251125_OZ-Chat_Android_App/OZ-Chat_Android_Dev/matrix-sdk-android/build/generated/ksp/debug/kotlin has been removed.
  Output property '$1$1' file /home/codenia/Videos/OZ-Chat_Prod_23_Mar_bgNoti_working/OZ-Chat_Prod/20251125_OZ-Chat_Android_App/OZ-Chat_Android_Dev/matrix-sdk-android/build/generated/ksp/debug/kotlin/org has been removed.
  Output property '$1$1' file /home/codenia/Videos/OZ-Chat_Prod_23_Mar_bgNoti_working/OZ-Chat_Prod/20251125_OZ-Chat_Android_App/OZ-Chat_Android_Dev/matrix-sdk-android/build/generated/ksp/debug/kotlin/org/matrix has been removed.
  and more...
Loaded cache entry for task ':matrix-sdk-android:kspDebugKotlin' with cache key eb9d2a9a49138683e19cda8e27a66dfd
Resolve mutations for :matrix-sdk-android:kaptGenerateStubsDebugKotlin (Thread[#502,Execution worker Thread 3,5,main]) started.
:matrix-sdk-android:kaptGenerateStubsDebugKotlin (Thread[#502,Execution worker Thread 3,5,main]) started.

> Task :vector:dataBindingMergeDependencyArtifactsGplayModernDebug
Resource missing. [HTTP GET: https://dl.google.com/dl/android/maven2/io/realm/realm-annotations/7.0.0/realm-annotations-7.0.0.pom]
Resource missing. [HTTP GET: https://repo.maven.apache.org/maven2/io/realm/realm-annotations/7.0.0/realm-annotations-7.0.0.pom]
Resource missing. [HTTP GET: https://repo1.maven.org/maven2/io/realm/realm-annotations/7.0.0/realm-annotations-7.0.0.pom]
Resource missing. [HTTP GET: https://oss.sonatype.org/content/repositories/snapshots/io/realm/realm-annotations/7.0.0/realm-annotations-7.0.0.pom]
Resource missing. [HTTP GET: https://dl.google.com/dl/android/maven2/io/realm/realm-android-library/7.0.0/realm-android-library-7.0.0.pom]
Resource missing. [HTTP GET: https://repo.maven.apache.org/maven2/io/realm/realm-android-library/7.0.0/realm-android-library-7.0.0.pom]
Resource missing. [HTTP GET: https://repo1.maven.org/maven2/io/realm/realm-android-library/7.0.0/realm-android-library-7.0.0.pom]
Resource missing. [HTTP GET: https://oss.sonatype.org/content/repositories/snapshots/io/realm/realm-android-library/7.0.0/realm-android-library-7.0.0.pom]
file or directory '/home/codenia/Videos/OZ-Chat_Prod_23_Mar_bgNoti_working/OZ-Chat_Prod/20251125_OZ-Chat_Android_App/OZ-Chat_Android_Dev/library/external/diff-match-patch/libs', not found
file or directory '/home/codenia/Videos/OZ-Chat_Prod_23_Mar_bgNoti_working/OZ-Chat_Prod/20251125_OZ-Chat_Android_App/OZ-Chat_Android_Dev/library/external/diff-match-patch/libs', not found
Caching disabled for task ':vector:dataBindingMergeDependencyArtifactsGplayModernDebug' because:
  Caching has been disabled for the task
Task ':vector:dataBindingMergeDependencyArtifactsGplayModernDebug' is not up-to-date because:
  Output property 'outFolder' file /home/codenia/Videos/OZ-Chat_Prod_23_Mar_bgNoti_working/OZ-Chat_Prod/20251125_OZ-Chat_Android_App/OZ-Chat_Android_Dev/vector/build/intermediates/data_binding_dependency_artifacts/gplayModernDebug/dataBindingMergeDependencyArtifactsGplayModernDebug has been removed.
file or directory '/home/codenia/Videos/OZ-Chat_Prod_23_Mar_bgNoti_working/OZ-Chat_Prod/20251125_OZ-Chat_Android_App/OZ-Chat_Android_Dev/library/external/diff-match-patch/libs', not found

Resolve mutations for :vector:generateGplayModernDebugResources (Thread[#509,Execution worker Thread 9,5,main]) started.
:vector:generateGplayModernDebugResources (Thread[#509,Execution worker Thread 9,5,main]) started.

> Task :vector:generateGplayModernDebugResources FROM-CACHE
Build cache key for task ':vector:generateGplayModernDebugResources' is e16f0eb8f7386b384b7a6b5169e91351
Task ':vector:generateGplayModernDebugResources' is not up-to-date because:
  Output property 'validationReportFile' file /home/codenia/Videos/OZ-Chat_Prod_23_Mar_bgNoti_working/OZ-Chat_Prod/20251125_OZ-Chat_Android_App/OZ-Chat_Android_Dev/vector/build/intermediates/nested_resources_validation_report/gplayModernDebug/generateGplayModernDebugResources/nestedResourcesValidationReport.txt has been removed.
Loaded cache entry for task ':vector:generateGplayModernDebugResources' with cache key e16f0eb8f7386b384b7a6b5169e91351
Resolve mutations for :vector:packageGplayModernDebugResources (Thread[#509,Execution worker Thread 9,5,main]) started.
:vector:packageGplayModernDebugResources (Thread[#509,Execution worker Thread 9,5,main]) started.

> Task :vector:packageGplayModernDebugResources FROM-CACHE
Build cache key for task ':vector:packageGplayModernDebugResources' is 31cd69fa1486332a00199b206324867e
Task ':vector:packageGplayModernDebugResources' is not up-to-date because:
  Output property 'dataBindingLayoutInfoOutFolder' file /home/codenia/Videos/OZ-Chat_Prod_23_Mar_bgNoti_working/OZ-Chat_Prod/20251125_OZ-Chat_Android_App/OZ-Chat_Android_Dev/vector/build/intermediates/data_binding_layout_info_type_package/gplayModernDebug/packageGplayModernDebugResources/out has been removed.
  Output property 'dataBindingLayoutInfoOutFolder' file /home/codenia/Videos/OZ-Chat_Prod_23_Mar_bgNoti_working/OZ-Chat_Prod/20251125_OZ-Chat_Android_App/OZ-Chat_Android_Dev/vector/build/intermediates/data_binding_layout_info_type_package/gplayModernDebug/packageGplayModernDebugResources/out/activity-layout.xml has been removed.
  Output property 'dataBindingLayoutInfoOutFolder' file /home/codenia/Videos/OZ-Chat_Prod_23_Mar_bgNoti_working/OZ-Chat_Prod/20251125_OZ-Chat_Android_App/OZ-Chat_Android_Dev/vector/build/intermediates/data_binding_layout_info_type_package/gplayModernDebug/packageGplayModernDebugResources/out/activity_big_image_viewer-layout.xml has been removed.
  and more...
Loaded cache entry for task ':vector:packageGplayModernDebugResources' with cache key 31cd69fa1486332a00199b206324867e
Resolve mutations for :vector:processGplayModernDebugNavigationResources (Thread[#500,Execution worker,5,main]) started.
:vector:processGplayModernDebugNavigationResources (Thread[#509,Execution worker Thread 9,5,main]) started.

> Task :vector:processGplayModernDebugNavigationResources FROM-CACHE
Build cache key for task ':vector:processGplayModernDebugNavigationResources' is 72c217ccd3efdf04815a12ca6de4bfb0
Task ':vector:processGplayModernDebugNavigationResources' is not up-to-date because:
  Output property 'outputDir' file /home/codenia/Videos/OZ-Chat_Prod_23_Mar_bgNoti_working/OZ-Chat_Prod/20251125_OZ-Chat_Android_App/OZ-Chat_Android_Dev/vector/build/generated/updated_navigation_xml/gplayModernDebug has been removed.
Loaded cache entry for task ':vector:processGplayModernDebugNavigationResources' with cache key 72c217ccd3efdf04815a12ca6de4bfb0
Resolve mutations for :vector:parseGplayModernDebugLocalResources (Thread[#500,Execution worker,5,main]) started.
:vector:parseGplayModernDebugLocalResources (Thread[#509,Execution worker Thread 9,5,main]) started.

> Task :vector:parseGplayModernDebugLocalResources FROM-CACHE
Build cache key for task ':vector:parseGplayModernDebugLocalResources' is 9af7afe0c59c23064506155ddee4b3b9
Task ':vector:parseGplayModernDebugLocalResources' is not up-to-date because:
  Output property 'librarySymbolsFile' file /home/codenia/Videos/OZ-Chat_Prod_23_Mar_bgNoti_working/OZ-Chat_Prod/20251125_OZ-Chat_Android_App/OZ-Chat_Android_Dev/vector/build/intermediates/local_only_symbol_list/gplayModernDebug/parseGplayModernDebugLocalResources/R-def.txt has been removed.
Loaded cache entry for task ':vector:parseGplayModernDebugLocalResources' with cache key 9af7afe0c59c23064506155ddee4b3b9
Resolve mutations for :vector:dataBindingGenBaseClassesGplayModernDebug (Thread[#500,Execution worker,5,main]) started.
:vector:dataBindingGenBaseClassesGplayModernDebug (Thread[#511,Execution worker Thread 11,5,main]) started.

> Task :vector:dataBindingGenBaseClassesGplayModernDebug FROM-CACHE
file or directory '/home/codenia/Videos/OZ-Chat_Prod_23_Mar_bgNoti_working/OZ-Chat_Prod/20251125_OZ-Chat_Android_App/OZ-Chat_Android_Dev/library/external/diff-match-patch/libs', not found
Build cache key for task ':vector:dataBindingGenBaseClassesGplayModernDebug' is d2efcc104a8d5bd73194cc9ec67134bc
Task ':vector:dataBindingGenBaseClassesGplayModernDebug' is not up-to-date because:
  Output property 'classInfoBundleDir' file /home/codenia/Videos/OZ-Chat_Prod_23_Mar_bgNoti_working/OZ-Chat_Prod/20251125_OZ-Chat_Android_App/OZ-Chat_Android_Dev/vector/build/intermediates/data_binding_base_class_log_artifact/gplayModernDebug/dataBindingGenBaseClassesGplayModernDebug/out has been removed.
  Output property 'classInfoBundleDir' file /home/codenia/Videos/OZ-Chat_Prod_23_Mar_bgNoti_working/OZ-Chat_Prod/20251125_OZ-Chat_Android_App/OZ-Chat_Android_Dev/vector/build/intermediates/data_binding_base_class_log_artifact/gplayModernDebug/dataBindingGenBaseClassesGplayModernDebug/out/im.vector.app-binding_classes.json has been removed.
  Output property 'logOutFolder' file /home/codenia/Videos/OZ-Chat_Prod_23_Mar_bgNoti_working/OZ-Chat_Prod/20251125_OZ-Chat_Android_App/OZ-Chat_Android_Dev/vector/build/intermediates/incremental/dataBindingGenBaseClassesGplayModernDebug has been removed.
  and more...
Loaded cache entry for task ':vector:dataBindingGenBaseClassesGplayModernDebug' with cache key d2efcc104a8d5bd73194cc9ec67134bc
Resolve mutations for :vector:generateGplayModernDebugBuildConfig (Thread[#511,Execution worker Thread 11,5,main]) started.
:vector:generateGplayModernDebugBuildConfig (Thread[#511,Execution worker Thread 11,5,main]) started.

> Task :vector:generateGplayModernDebugBuildConfig FROM-CACHE
Build cache key for task ':vector:generateGplayModernDebugBuildConfig' is a0d6032a30248f9d3d7887155d2979a2
Task ':vector:generateGplayModernDebugBuildConfig' is not up-to-date because:
  Output property 'sourceOutputDir' file /home/codenia/Videos/OZ-Chat_Prod_23_Mar_bgNoti_working/OZ-Chat_Prod/20251125_OZ-Chat_Android_App/OZ-Chat_Android_Dev/vector/build/generated/source/buildConfig/gplayModern/debug has been removed.
  Output property 'sourceOutputDir' file /home/codenia/Videos/OZ-Chat_Prod_23_Mar_bgNoti_working/OZ-Chat_Prod/20251125_OZ-Chat_Android_App/OZ-Chat_Android_Dev/vector/build/generated/source/buildConfig/gplayModern/debug/im has been removed.
  Output property 'sourceOutputDir' file /home/codenia/Videos/OZ-Chat_Prod_23_Mar_bgNoti_working/OZ-Chat_Prod/20251125_OZ-Chat_Android_App/OZ-Chat_Android_Dev/vector/build/generated/source/buildConfig/gplayModern/debug/im/vector has been removed.
  and more...
Loaded cache entry for task ':vector:generateGplayModernDebugBuildConfig' with cache key a0d6032a30248f9d3d7887155d2979a2
Resolve mutations for :vector:generateGplayModernDebugRFile (Thread[#511,Execution worker Thread 11,5,main]) started.
:vector:generateGplayModernDebugRFile (Thread[#511,Execution worker Thread 11,5,main]) started.

> Task :vector:generateGplayModernDebugRFile FROM-CACHE
Build cache key for task ':vector:generateGplayModernDebugRFile' is 512dc4c283b58bacb914df31a9d7b4af
Task ':vector:generateGplayModernDebugRFile' is not up-to-date because:
  Output property 'RClassOutputJar' file /home/codenia/Videos/OZ-Chat_Prod_23_Mar_bgNoti_working/OZ-Chat_Prod/20251125_OZ-Chat_Android_App/OZ-Chat_Android_Dev/vector/build/intermediates/compile_r_class_jar/gplayModernDebug/generateGplayModernDebugRFile/R.jar has been removed.
  Output property 'symbolsWithPackageNameOutputFile' file /home/codenia/Videos/OZ-Chat_Prod_23_Mar_bgNoti_working/OZ-Chat_Prod/20251125_OZ-Chat_Android_App/OZ-Chat_Android_Dev/vector/build/intermediates/symbol_list_with_package_name/gplayModernDebug/generateGplayModernDebugRFile/package-aware-r.txt has been removed.
  Output property 'textSymbolOutputFileProperty' file /home/codenia/Videos/OZ-Chat_Prod_23_Mar_bgNoti_working/OZ-Chat_Prod/20251125_OZ-Chat_Android_App/OZ-Chat_Android_Dev/vector/build/intermediates/compile_symbol_list/gplayModernDebug/generateGplayModernDebugRFile/R.txt has been removed.
Loaded cache entry for task ':vector:generateGplayModernDebugRFile' with cache key 512dc4c283b58bacb914df31a9d7b4af

> Task :library:ui-strings:templateStringDebugResourceLocator
Caching disabled for task ':library:ui-strings:templateStringDebugResourceLocator' because:
  Caching has not been enabled for the task
Task ':library:ui-strings:templateStringDebugResourceLocator' is not up-to-date because:
  Output property 'outputDir' file /home/codenia/Videos/OZ-Chat_Prod_23_Mar_bgNoti_working/OZ-Chat_Prod/20251125_OZ-Chat_Android_App/OZ-Chat_Android_Dev/library/ui-strings/build/intermediates/incremental/templateStringDebugResourceLocator has been removed.
  Output property 'outputDir' file /home/codenia/Videos/OZ-Chat_Prod_23_Mar_bgNoti_working/OZ-Chat_Prod/20251125_OZ-Chat_Android_App/OZ-Chat_Android_Dev/library/ui-strings/build/intermediates/incremental/templateStringDebugResourceLocator/resources-ar.json has been removed.
  Output property 'outputDir' file /home/codenia/Videos/OZ-Chat_Prod_23_Mar_bgNoti_working/OZ-Chat_Prod/20251125_OZ-Chat_Android_App/OZ-Chat_Android_Dev/library/ui-strings/build/intermediates/incremental/templateStringDebugResourceLocator/resources-az.json has been removed.
  and more...

> Task :matrix-sdk-android:kaptGenerateStubsDebugKotlin FROM-CACHE
Build cache key for task ':matrix-sdk-android:kaptGenerateStubsDebugKotlin' is 8e294d356a261a92c962df2b1d9434bf
Task ':matrix-sdk-android:kaptGenerateStubsDebugKotlin' is not up-to-date because:
  Output property 'classpathSnapshotProperties.classpathSnapshotDir' file /home/codenia/Videos/OZ-Chat_Prod_23_Mar_bgNoti_working/OZ-Chat_Prod/20251125_OZ-Chat_Android_App/OZ-Chat_Android_Dev/matrix-sdk-android/build/kotlin/kaptGenerateStubsDebugKotlin/classpath-snapshot has been removed.
  Output property 'classpathSnapshotProperties.classpathSnapshotDir' file /home/codenia/Videos/OZ-Chat_Prod_23_Mar_bgNoti_working/OZ-Chat_Prod/20251125_OZ-Chat_Android_App/OZ-Chat_Android_Dev/matrix-sdk-android/build/kotlin/kaptGenerateStubsDebugKotlin/classpath-snapshot/shrunk-classpath-snapshot.bin has been removed.
  Output property 'destinationDirectory' file /home/codenia/Videos/OZ-Chat_Prod_23_Mar_bgNoti_working/OZ-Chat_Prod/20251125_OZ-Chat_Android_App/OZ-Chat_Android_Dev/matrix-sdk-android/build/tmp/kapt3/incrementalData/debug has been removed.
  and more...
Loaded cache entry for task ':matrix-sdk-android:kaptGenerateStubsDebugKotlin' with cache key 8e294d356a261a92c962df2b1d9434bf
Resolve mutations for :matrix-sdk-android:kaptDebugKotlin (Thread[#502,Execution worker Thread 3,5,main]) started.
:matrix-sdk-android:kaptDebugKotlin (Thread[#502,Execution worker Thread 3,5,main]) started.
Resolve mutations for :library:ui-strings:templatesDebugIdentifier (Thread[#506,Execution worker Thread 6,5,main]) started.
:library:ui-strings:templatesDebugIdentifier (Thread[#506,Execution worker Thread 6,5,main]) started.

> Task :library:ui-strings:templatesDebugIdentifier FROM-CACHE
Build cache key for task ':library:ui-strings:templatesDebugIdentifier' is 65bfb30c95726505fae42a43ec823633
Task ':library:ui-strings:templatesDebugIdentifier' is not up-to-date because:
  Output property 'outputFile' file /home/codenia/Videos/OZ-Chat_Prod_23_Mar_bgNoti_working/OZ-Chat_Prod/20251125_OZ-Chat_Android_App/OZ-Chat_Android_Dev/library/ui-strings/build/intermediates/incremental/templatesDebugIdentifier/templateNames has been removed.
Loaded cache entry for task ':library:ui-strings:templatesDebugIdentifier' with cache key 65bfb30c95726505fae42a43ec823633
Resolve mutations for :library:ui-strings:templateProviderDebugGenerateService (Thread[#506,Execution worker Thread 6,5,main]) started.
:library:ui-strings:templateProviderDebugGenerateService (Thread[#506,Execution worker Thread 6,5,main]) started.

> Task :matrix-sdk-android:kaptDebugKotlin FROM-CACHE
file or directory '/home/codenia/Videos/OZ-Chat_Prod_23_Mar_bgNoti_working/OZ-Chat_Prod/20251125_OZ-Chat_Android_App/OZ-Chat_Android_Dev/matrix-sdk-android/src/debug/kotlin', not found
file or directory '/home/codenia/Videos/OZ-Chat_Prod_23_Mar_bgNoti_working/OZ-Chat_Prod/20251125_OZ-Chat_Android_App/OZ-Chat_Android_Dev/matrix-sdk-android/src/debug/kotlin', not found
file or directory '/home/codenia/Videos/OZ-Chat_Prod_23_Mar_bgNoti_working/OZ-Chat_Prod/20251125_OZ-Chat_Android_App/OZ-Chat_Android_Dev/matrix-sdk-android/src/debug/kotlin', not found
file or directory '/home/codenia/Videos/OZ-Chat_Prod_23_Mar_bgNoti_working/OZ-Chat_Prod/20251125_OZ-Chat_Android_App/OZ-Chat_Android_Dev/matrix-sdk-android/build/generated/ksp/debug/java', not found
file or directory '/home/codenia/Videos/OZ-Chat_Prod_23_Mar_bgNoti_working/OZ-Chat_Prod/20251125_OZ-Chat_Android_App/OZ-Chat_Android_Dev/matrix-sdk-android/src/main/kotlin', not found
file or directory '/home/codenia/Videos/OZ-Chat_Prod_23_Mar_bgNoti_working/OZ-Chat_Prod/20251125_OZ-Chat_Android_App/OZ-Chat_Android_Dev/matrix-sdk-android/src/main/kotlin', not found
file or directory '/home/codenia/Videos/OZ-Chat_Prod_23_Mar_bgNoti_working/OZ-Chat_Prod/20251125_OZ-Chat_Android_App/OZ-Chat_Android_Dev/matrix-sdk-android/src/main/kotlin', not found
file or directory '/home/codenia/Videos/OZ-Chat_Prod_23_Mar_bgNoti_working/OZ-Chat_Prod/20251125_OZ-Chat_Android_App/OZ-Chat_Android_Dev/matrix-sdk-android/src/main/kotlin', not found
file or directory '/home/codenia/Videos/OZ-Chat_Prod_23_Mar_bgNoti_working/OZ-Chat_Prod/20251125_OZ-Chat_Android_App/OZ-Chat_Android_Dev/matrix-sdk-android/src/main/kotlin', not found
file or directory '/home/codenia/Videos/OZ-Chat_Prod_23_Mar_bgNoti_working/OZ-Chat_Prod/20251125_OZ-Chat_Android_App/OZ-Chat_Android_Dev/matrix-sdk-android/src/main/kotlin', not found
file or directory '/home/codenia/Videos/OZ-Chat_Prod_23_Mar_bgNoti_working/OZ-Chat_Prod/20251125_OZ-Chat_Android_App/OZ-Chat_Android_Dev/matrix-sdk-android/src/debug/kotlin', not found
file or directory '/home/codenia/Videos/OZ-Chat_Prod_23_Mar_bgNoti_working/OZ-Chat_Prod/20251125_OZ-Chat_Android_App/OZ-Chat_Android_Dev/matrix-sdk-android/src/debug/kotlin', not found
file or directory '/home/codenia/Videos/OZ-Chat_Prod_23_Mar_bgNoti_working/OZ-Chat_Prod/20251125_OZ-Chat_Android_App/OZ-Chat_Android_Dev/matrix-sdk-android/src/debug/kotlin', not found
file or directory '/home/codenia/Videos/OZ-Chat_Prod_23_Mar_bgNoti_working/OZ-Chat_Prod/20251125_OZ-Chat_Android_App/OZ-Chat_Android_Dev/matrix-sdk-android/build/generated/ksp/debug/java', not found
Build cache key for task ':matrix-sdk-android:kaptDebugKotlin' is 0ff0867fb104c41374485b666be93de1
Task ':matrix-sdk-android:kaptDebugKotlin' is not up-to-date because:
  Output property 'classesDir' file /home/codenia/Videos/OZ-Chat_Prod_23_Mar_bgNoti_working/OZ-Chat_Prod/20251125_OZ-Chat_Android_App/OZ-Chat_Android_Dev/matrix-sdk-android/build/tmp/kapt3/classes/debug has been removed.
  Output property 'destinationDir' file /home/codenia/Videos/OZ-Chat_Prod_23_Mar_bgNoti_working/OZ-Chat_Prod/20251125_OZ-Chat_Android_App/OZ-Chat_Android_Dev/matrix-sdk-android/build/generated/source/kapt/debug has been removed.
  Output property 'destinationDir' file /home/codenia/Videos/OZ-Chat_Prod_23_Mar_bgNoti_working/OZ-Chat_Prod/20251125_OZ-Chat_Android_App/OZ-Chat_Android_Dev/matrix-sdk-android/build/generated/source/kapt/debug/io has been removed.
  and more...
Loaded cache entry for task ':matrix-sdk-android:kaptDebugKotlin' with cache key 0ff0867fb104c41374485b666be93de1
Resolve mutations for :matrix-sdk-android:compileDebugKotlin (Thread[#502,Execution worker Thread 3,5,main]) started.
:matrix-sdk-android:compileDebugKotlin (Thread[#502,Execution worker Thread 3,5,main]) started.

> Task :library:ui-strings:templateProviderDebugGenerateService
Caching disabled for task ':library:ui-strings:templateProviderDebugGenerateService' because:
  Caching has not been enabled for the task
Task ':library:ui-strings:templateProviderDebugGenerateService' is not up-to-date because:
  Output property 'outputDir' file /home/codenia/Videos/OZ-Chat_Prod_23_Mar_bgNoti_working/OZ-Chat_Prod/20251125_OZ-Chat_Android_App/OZ-Chat_Android_Dev/library/ui-strings/build/intermediates/classes/debug/templateProviderDebugGenerateService has been removed.
  Output property 'outputDir' file /home/codenia/Videos/OZ-Chat_Prod_23_Mar_bgNoti_working/OZ-Chat_Prod/20251125_OZ-Chat_Android_App/OZ-Chat_Android_Dev/library/ui-strings/build/intermediates/classes/debug/templateProviderDebugGenerateService/com has been removed.
  Output property 'outputDir' file /home/codenia/Videos/OZ-Chat_Prod_23_Mar_bgNoti_working/OZ-Chat_Prod/20251125_OZ-Chat_Android_App/OZ-Chat_Android_Dev/library/ui-strings/build/intermediates/classes/debug/templateProviderDebugGenerateService/com/likethesalad has been removed.
  and more...
Resolve mutations for :library:ui-strings:bundleLibCompileToJarDebug (Thread[#506,Execution worker Thread 6,5,main]) started.
:library:ui-strings:bundleLibCompileToJarDebug (Thread[#506,Execution worker Thread 6,5,main]) started.

> Task :library:ui-strings:bundleLibCompileToJarDebug
Caching disabled for task ':library:ui-strings:bundleLibCompileToJarDebug' because:
  Simple merging task
Task ':library:ui-strings:bundleLibCompileToJarDebug' is not up-to-date because:
  Output property 'output' file /home/codenia/Videos/OZ-Chat_Prod_23_Mar_bgNoti_working/OZ-Chat_Prod/20251125_OZ-Chat_Android_App/OZ-Chat_Android_Dev/library/ui-strings/build/intermediates/compile_library_classes_jar/debug/bundleLibCompileToJarDebug/classes.jar has been removed.
work action resolve classes.jar (project :library:ui-strings) (Thread[#506,Execution worker Thread 6,5,main]) started.

> Task :matrix-sdk-android:compileDebugKotlin FROM-CACHE
Build cache key for task ':matrix-sdk-android:compileDebugKotlin' is 363bf58acb5676260ccfbd876060503c
Task ':matrix-sdk-android:compileDebugKotlin' is not up-to-date because:
  Output property 'classpathSnapshotProperties.classpathSnapshotDir' file /home/codenia/Videos/OZ-Chat_Prod_23_Mar_bgNoti_working/OZ-Chat_Prod/20251125_OZ-Chat_Android_App/OZ-Chat_Android_Dev/matrix-sdk-android/build/kotlin/compileDebugKotlin/classpath-snapshot has been removed.
  Output property 'classpathSnapshotProperties.classpathSnapshotDir' file /home/codenia/Videos/OZ-Chat_Prod_23_Mar_bgNoti_working/OZ-Chat_Prod/20251125_OZ-Chat_Android_App/OZ-Chat_Android_Dev/matrix-sdk-android/build/kotlin/compileDebugKotlin/classpath-snapshot/shrunk-classpath-snapshot.bin has been removed.
  Output property 'destinationDirectory' file /home/codenia/Videos/OZ-Chat_Prod_23_Mar_bgNoti_working/OZ-Chat_Prod/20251125_OZ-Chat_Android_App/OZ-Chat_Android_Dev/matrix-sdk-android/build/tmp/kotlin-classes/debug has been removed.
  and more...
Loaded cache entry for task ':matrix-sdk-android:compileDebugKotlin' with cache key 363bf58acb5676260ccfbd876060503c
Resolve mutations for :matrix-sdk-android:javaPreCompileDebug (Thread[#502,Execution worker Thread 3,5,main]) started.
:matrix-sdk-android:javaPreCompileDebug (Thread[#502,Execution worker Thread 3,5,main]) started.

> Task :matrix-sdk-android:javaPreCompileDebug FROM-CACHE
Build cache key for task ':matrix-sdk-android:javaPreCompileDebug' is fc214588479dfcbb35fbd33951150380
Task ':matrix-sdk-android:javaPreCompileDebug' is not up-to-date because:
  Output property 'annotationProcessorListFile' file /home/codenia/Videos/OZ-Chat_Prod_23_Mar_bgNoti_working/OZ-Chat_Prod/20251125_OZ-Chat_Android_App/OZ-Chat_Android_Dev/matrix-sdk-android/build/intermediates/annotation_processor_list/debug/javaPreCompileDebug/annotationProcessors.json has been removed.
Loaded cache entry for task ':matrix-sdk-android:javaPreCompileDebug' with cache key fc214588479dfcbb35fbd33951150380
Resolve mutations for :matrix-sdk-android:compileDebugJavaWithJavac (Thread[#502,Execution worker Thread 3,5,main]) started.
:matrix-sdk-android:compileDebugJavaWithJavac (Thread[#502,Execution worker Thread 3,5,main]) started.

> Task :matrix-sdk-android:compileDebugJavaWithJavac FROM-CACHE
file or directory '/home/codenia/Videos/OZ-Chat_Prod_23_Mar_bgNoti_working/OZ-Chat_Prod/20251125_OZ-Chat_Android_App/OZ-Chat_Android_Dev/matrix-sdk-android/build/generated/ksp/debug/classes', not found
file or directory '/home/codenia/Videos/OZ-Chat_Prod_23_Mar_bgNoti_working/OZ-Chat_Prod/20251125_OZ-Chat_Android_App/OZ-Chat_Android_Dev/matrix-sdk-android/build/generated/ksp/debug/classes', not found
Custom actions are attached to task ':matrix-sdk-android:compileDebugJavaWithJavac'.
Build cache key for task ':matrix-sdk-android:compileDebugJavaWithJavac' is 97c381560afcf2faee243eca2a155a44
Task ':matrix-sdk-android:compileDebugJavaWithJavac' is not up-to-date because:
  Output property 'destinationDirectory' file /home/codenia/Videos/OZ-Chat_Prod_23_Mar_bgNoti_working/OZ-Chat_Prod/20251125_OZ-Chat_Android_App/OZ-Chat_Android_Dev/matrix-sdk-android/build/intermediates/javac/debug/compileDebugJavaWithJavac/classes has been removed.
  Output property 'destinationDirectory' file /home/codenia/Videos/OZ-Chat_Prod_23_Mar_bgNoti_working/OZ-Chat_Prod/20251125_OZ-Chat_Android_App/OZ-Chat_Android_Dev/matrix-sdk-android/build/intermediates/javac/debug/compileDebugJavaWithJavac/classes/io has been removed.
  Output property 'destinationDirectory' file /home/codenia/Videos/OZ-Chat_Prod_23_Mar_bgNoti_working/OZ-Chat_Prod/20251125_OZ-Chat_Android_App/OZ-Chat_Android_Dev/matrix-sdk-android/build/intermediates/javac/debug/compileDebugJavaWithJavac/classes/io/realm has been removed.
  and more...
Loaded cache entry for task ':matrix-sdk-android:compileDebugJavaWithJavac' with cache key 97c381560afcf2faee243eca2a155a44
No compile result for :matrix-sdk-android:compileDebugJavaWithJavac
Resolve mutations for :matrix-sdk-android:debugRealmAccessorsTransformer (Thread[#502,Execution worker Thread 3,5,main]) started.
:matrix-sdk-android:debugRealmAccessorsTransformer (Thread[#502,Execution worker Thread 3,5,main]) started.

> Task :matrix-sdk-android:debugRealmAccessorsTransformer
file or directory '/home/codenia/Videos/OZ-Chat_Prod_23_Mar_bgNoti_working/OZ-Chat_Prod/20251125_OZ-Chat_Android_App/OZ-Chat_Android_Dev/matrix-sdk-android/build/generated/ksp/debug/classes', not found
file or directory '/home/codenia/Videos/OZ-Chat_Prod_23_Mar_bgNoti_working/OZ-Chat_Prod/20251125_OZ-Chat_Android_App/OZ-Chat_Android_Dev/matrix-sdk-android/build/generated/ksp/debug/classes', not found
Caching disabled for task ':matrix-sdk-android:debugRealmAccessorsTransformer' because:
  Caching has not been enabled for the task
Task ':matrix-sdk-android:debugRealmAccessorsTransformer' is not up-to-date because:
  Output property 'output$1' file /home/codenia/Videos/OZ-Chat_Prod_23_Mar_bgNoti_working/OZ-Chat_Prod/20251125_OZ-Chat_Android_App/OZ-Chat_Android_Dev/matrix-sdk-android/build/intermediates/classes/debug/PROJECT/debugRealmAccessorsTransformer/classes.jar has been removed.
The input changes require a full rebuild for incremental task ':matrix-sdk-android:debugRealmAccessorsTransformer'.
Resolve mutations for :matrix-sdk-android:bundleLibCompileToJarDebug (Thread[#502,Execution worker Thread 3,5,main]) started.
:matrix-sdk-android:bundleLibCompileToJarDebug (Thread[#502,Execution worker Thread 3,5,main]) started.

> Task :matrix-sdk-android:bundleLibCompileToJarDebug
Caching disabled for task ':matrix-sdk-android:bundleLibCompileToJarDebug' because:
  Simple merging task
Task ':matrix-sdk-android:bundleLibCompileToJarDebug' is not up-to-date because:
  Output property 'output' file /home/codenia/Videos/OZ-Chat_Prod_23_Mar_bgNoti_working/OZ-Chat_Prod/20251125_OZ-Chat_Android_App/OZ-Chat_Android_Dev/matrix-sdk-android/build/intermediates/compile_library_classes_jar/debug/bundleLibCompileToJarDebug/classes.jar has been removed.
work action resolve classes.jar (project :matrix-sdk-android) (Thread[#502,Execution worker Thread 3,5,main]) started.
Resolve mutations for :matrix-sdk-android-flow:compileDebugKotlin (Thread[#502,Execution worker Thread 3,5,main]) started.
:matrix-sdk-android-flow:compileDebugKotlin (Thread[#502,Execution worker Thread 3,5,main]) started.

> Task :matrix-sdk-android-flow:compileDebugKotlin FROM-CACHE
Build cache key for task ':matrix-sdk-android-flow:compileDebugKotlin' is 0724b30e8fbf8b39e5653d142d4546dc
Task ':matrix-sdk-android-flow:compileDebugKotlin' is not up-to-date because:
  Output property 'classpathSnapshotProperties.classpathSnapshotDir' file /home/codenia/Videos/OZ-Chat_Prod_23_Mar_bgNoti_working/OZ-Chat_Prod/20251125_OZ-Chat_Android_App/OZ-Chat_Android_Dev/matrix-sdk-android-flow/build/kotlin/compileDebugKotlin/classpath-snapshot has been removed.
  Output property 'classpathSnapshotProperties.classpathSnapshotDir' file /home/codenia/Videos/OZ-Chat_Prod_23_Mar_bgNoti_working/OZ-Chat_Prod/20251125_OZ-Chat_Android_App/OZ-Chat_Android_Dev/matrix-sdk-android-flow/build/kotlin/compileDebugKotlin/classpath-snapshot/shrunk-classpath-snapshot.bin has been removed.
  Output property 'destinationDirectory' file /home/codenia/Videos/OZ-Chat_Prod_23_Mar_bgNoti_working/OZ-Chat_Prod/20251125_OZ-Chat_Android_App/OZ-Chat_Android_Dev/matrix-sdk-android-flow/build/tmp/kotlin-classes/debug has been removed.
  and more...
Loaded cache entry for task ':matrix-sdk-android-flow:compileDebugKotlin' with cache key 0724b30e8fbf8b39e5653d142d4546dc
Resolve mutations for :matrix-sdk-android-flow:compileDebugJavaWithJavac (Thread[#502,Execution worker Thread 3,5,main]) started.
:matrix-sdk-android-flow:compileDebugJavaWithJavac (Thread[#505,Execution worker Thread 5,5,main]) started.

> Task :matrix-sdk-android-flow:compileDebugJavaWithJavac NO-SOURCE
Skipping task ':matrix-sdk-android-flow:compileDebugJavaWithJavac' as it has no source files and no previous output files.
Resolve mutations for :matrix-sdk-android-flow:bundleLibCompileToJarDebug (Thread[#505,Execution worker Thread 5,5,main]) started.
:matrix-sdk-android-flow:bundleLibCompileToJarDebug (Thread[#505,Execution worker Thread 5,5,main]) started.

> Task :matrix-sdk-android-flow:bundleLibCompileToJarDebug
Caching disabled for task ':matrix-sdk-android-flow:bundleLibCompileToJarDebug' because:
  Simple merging task
Task ':matrix-sdk-android-flow:bundleLibCompileToJarDebug' is not up-to-date because:
  Output property 'output' file /home/codenia/Videos/OZ-Chat_Prod_23_Mar_bgNoti_working/OZ-Chat_Prod/20251125_OZ-Chat_Android_App/OZ-Chat_Android_Dev/matrix-sdk-android-flow/build/intermediates/compile_library_classes_jar/debug/bundleLibCompileToJarDebug/classes.jar has been removed.
work action resolve classes.jar (project :matrix-sdk-android-flow) (Thread[#505,Execution worker Thread 5,5,main]) started.
Resolve mutations for :vector:kspGplayModernDebugKotlin (Thread[#500,Execution worker,5,main]) started.
:vector:kspGplayModernDebugKotlin (Thread[#500,Execution worker,5,main]) started.

> Task :vector:kspGplayModernDebugKotlin
file or directory '/home/codenia/Videos/OZ-Chat_Prod_23_Mar_bgNoti_working/OZ-Chat_Prod/20251125_OZ-Chat_Android_App/OZ-Chat_Android_Dev/vector/src/gplayModernDebug/kotlin', not found
file or directory '/home/codenia/Videos/OZ-Chat_Prod_23_Mar_bgNoti_working/OZ-Chat_Prod/20251125_OZ-Chat_Android_App/OZ-Chat_Android_Dev/vector/src/gplayModernDebug/java', not found
file or directory '/home/codenia/Videos/OZ-Chat_Prod_23_Mar_bgNoti_working/OZ-Chat_Prod/20251125_OZ-Chat_Android_App/OZ-Chat_Android_Dev/vector/src/main/kotlin', not found
file or directory '/home/codenia/Videos/OZ-Chat_Prod_23_Mar_bgNoti_working/OZ-Chat_Prod/20251125_OZ-Chat_Android_App/OZ-Chat_Android_Dev/vector/src/modern/kotlin', not found
file or directory '/home/codenia/Videos/OZ-Chat_Prod_23_Mar_bgNoti_working/OZ-Chat_Prod/20251125_OZ-Chat_Android_App/OZ-Chat_Android_Dev/vector/src/modern/java', not found
file or directory '/home/codenia/Videos/OZ-Chat_Prod_23_Mar_bgNoti_working/OZ-Chat_Prod/20251125_OZ-Chat_Android_App/OZ-Chat_Android_Dev/vector/src/gplay/kotlin', not found
file or directory '/home/codenia/Videos/OZ-Chat_Prod_23_Mar_bgNoti_working/OZ-Chat_Prod/20251125_OZ-Chat_Android_App/OZ-Chat_Android_Dev/vector/src/gplay/java', not found
file or directory '/home/codenia/Videos/OZ-Chat_Prod_23_Mar_bgNoti_working/OZ-Chat_Prod/20251125_OZ-Chat_Android_App/OZ-Chat_Android_Dev/vector/src/gplayModern/kotlin', not found
file or directory '/home/codenia/Videos/OZ-Chat_Prod_23_Mar_bgNoti_working/OZ-Chat_Prod/20251125_OZ-Chat_Android_App/OZ-Chat_Android_Dev/vector/src/gplayModern/java', not found
file or directory '/home/codenia/Videos/OZ-Chat_Prod_23_Mar_bgNoti_working/OZ-Chat_Prod/20251125_OZ-Chat_Android_App/OZ-Chat_Android_Dev/vector/src/debug/kotlin', not found
file or directory '/home/codenia/Videos/OZ-Chat_Prod_23_Mar_bgNoti_working/OZ-Chat_Prod/20251125_OZ-Chat_Android_App/OZ-Chat_Android_Dev/vector/src/debug/java', not found
file or directory '/home/codenia/Videos/OZ-Chat_Prod_23_Mar_bgNoti_working/OZ-Chat_Prod/20251125_OZ-Chat_Android_App/OZ-Chat_Android_Dev/vector/src/modern/java', not found
file or directory '/home/codenia/Videos/OZ-Chat_Prod_23_Mar_bgNoti_working/OZ-Chat_Prod/20251125_OZ-Chat_Android_App/OZ-Chat_Android_Dev/vector/src/gplay/java', not found
file or directory '/home/codenia/Videos/OZ-Chat_Prod_23_Mar_bgNoti_working/OZ-Chat_Prod/20251125_OZ-Chat_Android_App/OZ-Chat_Android_Dev/vector/src/gplayModern/java', not found
file or directory '/home/codenia/Videos/OZ-Chat_Prod_23_Mar_bgNoti_working/OZ-Chat_Prod/20251125_OZ-Chat_Android_App/OZ-Chat_Android_Dev/vector/src/debug/java', not found
file or directory '/home/codenia/Videos/OZ-Chat_Prod_23_Mar_bgNoti_working/OZ-Chat_Prod/20251125_OZ-Chat_Android_App/OZ-Chat_Android_Dev/vector/src/gplayModernDebug/java', not found
Build cache key for BuildToolsApiClasspathEntrySnapshotTransform: /home/codenia/Videos/OZ-Chat_Prod_23_Mar_bgNoti_working/OZ-Chat_Prod/20251125_OZ-Chat_Android_App/OZ-Chat_Android_Dev/library/ui-strings/build/intermediates/compile_library_classes_jar/debug/bundleLibCompileToJarDebug/classes.jar is 5a37edcaecec3dba52e129605307088c
Build cache key for BuildToolsApiClasspathEntrySnapshotTransform: /home/codenia/.gradle/caches/8.14.3/transforms/1e402f796cdba45c3092f4886d487f57/transformed/jetified-diff-match-patch.jar is a8a046df6c321f2922e77ecee0e6dae3
Loaded cache entry for BuildToolsApiClasspathEntrySnapshotTransform: /home/codenia/.gradle/caches/8.14.3/transforms/1e402f796cdba45c3092f4886d487f57/transformed/jetified-diff-match-patch.jar with cache key a8a046df6c321f2922e77ecee0e6dae3
Stored cache entry for BuildToolsApiClasspathEntrySnapshotTransform: /home/codenia/Videos/OZ-Chat_Prod_23_Mar_bgNoti_working/OZ-Chat_Prod/20251125_OZ-Chat_Android_App/OZ-Chat_Android_Dev/library/ui-strings/build/intermediates/compile_library_classes_jar/debug/bundleLibCompileToJarDebug/classes.jar with cache key 5a37edcaecec3dba52e129605307088c
Build cache key for StructureTransformAction: /home/codenia/Videos/OZ-Chat_Prod_23_Mar_bgNoti_working/OZ-Chat_Prod/20251125_OZ-Chat_Android_App/OZ-Chat_Android_Dev/library/ui-strings/build/intermediates/compile_library_classes_jar/debug/bundleLibCompileToJarDebug/classes.jar is 0c473cfe2fb62545649e134979ecc425
Build cache key for StructureTransformAction: /home/codenia/.gradle/caches/8.14.3/transforms/1e402f796cdba45c3092f4886d487f57/transformed/jetified-diff-match-patch.jar is 4bfa65cab4c2557bfcc6d28b6cea58a4
Loaded cache entry for StructureTransformAction: /home/codenia/.gradle/caches/8.14.3/transforms/1e402f796cdba45c3092f4886d487f57/transformed/jetified-diff-match-patch.jar with cache key 4bfa65cab4c2557bfcc6d28b6cea58a4
Stored cache entry for StructureTransformAction: /home/codenia/Videos/OZ-Chat_Prod_23_Mar_bgNoti_working/OZ-Chat_Prod/20251125_OZ-Chat_Android_App/OZ-Chat_Android_Dev/library/ui-strings/build/intermediates/compile_library_classes_jar/debug/bundleLibCompileToJarDebug/classes.jar with cache key 0c473cfe2fb62545649e134979ecc425
file or directory '/home/codenia/Videos/OZ-Chat_Prod_23_Mar_bgNoti_working/OZ-Chat_Prod/20251125_OZ-Chat_Android_App/OZ-Chat_Android_Dev/vector/src/gplayModernDebug/kotlin', not found
file or directory '/home/codenia/Videos/OZ-Chat_Prod_23_Mar_bgNoti_working/OZ-Chat_Prod/20251125_OZ-Chat_Android_App/OZ-Chat_Android_Dev/vector/src/gplayModernDebug/java', not found
file or directory '/home/codenia/Videos/OZ-Chat_Prod_23_Mar_bgNoti_working/OZ-Chat_Prod/20251125_OZ-Chat_Android_App/OZ-Chat_Android_Dev/vector/src/main/kotlin', not found
file or directory '/home/codenia/Videos/OZ-Chat_Prod_23_Mar_bgNoti_working/OZ-Chat_Prod/20251125_OZ-Chat_Android_App/OZ-Chat_Android_Dev/vector/src/modern/kotlin', not found
file or directory '/home/codenia/Videos/OZ-Chat_Prod_23_Mar_bgNoti_working/OZ-Chat_Prod/20251125_OZ-Chat_Android_App/OZ-Chat_Android_Dev/vector/src/modern/java', not found
file or directory '/home/codenia/Videos/OZ-Chat_Prod_23_Mar_bgNoti_working/OZ-Chat_Prod/20251125_OZ-Chat_Android_App/OZ-Chat_Android_Dev/vector/src/gplay/kotlin', not found
file or directory '/home/codenia/Videos/OZ-Chat_Prod_23_Mar_bgNoti_working/OZ-Chat_Prod/20251125_OZ-Chat_Android_App/OZ-Chat_Android_Dev/vector/src/gplay/java', not found
file or directory '/home/codenia/Videos/OZ-Chat_Prod_23_Mar_bgNoti_working/OZ-Chat_Prod/20251125_OZ-Chat_Android_App/OZ-Chat_Android_Dev/vector/src/gplayModern/kotlin', not found
file or directory '/home/codenia/Videos/OZ-Chat_Prod_23_Mar_bgNoti_working/OZ-Chat_Prod/20251125_OZ-Chat_Android_App/OZ-Chat_Android_Dev/vector/src/gplayModern/java', not found
file or directory '/home/codenia/Videos/OZ-Chat_Prod_23_Mar_bgNoti_working/OZ-Chat_Prod/20251125_OZ-Chat_Android_App/OZ-Chat_Android_Dev/vector/src/debug/kotlin', not found
file or directory '/home/codenia/Videos/OZ-Chat_Prod_23_Mar_bgNoti_working/OZ-Chat_Prod/20251125_OZ-Chat_Android_App/OZ-Chat_Android_Dev/vector/src/debug/java', not found
file or directory '/home/codenia/Videos/OZ-Chat_Prod_23_Mar_bgNoti_working/OZ-Chat_Prod/20251125_OZ-Chat_Android_App/OZ-Chat_Android_Dev/vector/src/modern/java', not found
file or directory '/home/codenia/Videos/OZ-Chat_Prod_23_Mar_bgNoti_working/OZ-Chat_Prod/20251125_OZ-Chat_Android_App/OZ-Chat_Android_Dev/vector/src/gplay/java', not found
file or directory '/home/codenia/Videos/OZ-Chat_Prod_23_Mar_bgNoti_working/OZ-Chat_Prod/20251125_OZ-Chat_Android_App/OZ-Chat_Android_Dev/vector/src/gplayModern/java', not found
file or directory '/home/codenia/Videos/OZ-Chat_Prod_23_Mar_bgNoti_working/OZ-Chat_Prod/20251125_OZ-Chat_Android_App/OZ-Chat_Android_Dev/vector/src/debug/java', not found
file or directory '/home/codenia/Videos/OZ-Chat_Prod_23_Mar_bgNoti_working/OZ-Chat_Prod/20251125_OZ-Chat_Android_App/OZ-Chat_Android_Dev/vector/src/gplayModernDebug/java', not found
Build cache key for task ':vector:kspGplayModernDebugKotlin' is bf92362642eaa3721ab71c3cb4044437
Task ':vector:kspGplayModernDebugKotlin' is not up-to-date because:
  Output property '$1$1' file /home/codenia/Videos/OZ-Chat_Prod_23_Mar_bgNoti_working/OZ-Chat_Prod/20251125_OZ-Chat_Android_App/OZ-Chat_Android_Dev/vector/build/generated/ksp/gplayModernDebug/kotlin has been removed.
  Output property '$1$1' file /home/codenia/Videos/OZ-Chat_Prod_23_Mar_bgNoti_working/OZ-Chat_Prod/20251125_OZ-Chat_Android_App/OZ-Chat_Android_Dev/vector/build/generated/ksp/gplayModernDebug/kotlin/im has been removed.
  Output property '$1$1' file /home/codenia/Videos/OZ-Chat_Prod_23_Mar_bgNoti_working/OZ-Chat_Prod/20251125_OZ-Chat_Android_App/OZ-Chat_Android_Dev/vector/build/generated/ksp/gplayModernDebug/kotlin/im/vector has been removed.
  and more...
The input changes require a full rebuild for incremental task ':vector:kspGplayModernDebugKotlin'.
file or directory '/home/codenia/Videos/OZ-Chat_Prod_23_Mar_bgNoti_working/OZ-Chat_Prod/20251125_OZ-Chat_Android_App/OZ-Chat_Android_Dev/vector/src/gplayModernDebug/kotlin', not found
file or directory '/home/codenia/Videos/OZ-Chat_Prod_23_Mar_bgNoti_working/OZ-Chat_Prod/20251125_OZ-Chat_Android_App/OZ-Chat_Android_Dev/vector/src/gplayModernDebug/java', not found
file or directory '/home/codenia/Videos/OZ-Chat_Prod_23_Mar_bgNoti_working/OZ-Chat_Prod/20251125_OZ-Chat_Android_App/OZ-Chat_Android_Dev/vector/src/main/kotlin', not found
file or directory '/home/codenia/Videos/OZ-Chat_Prod_23_Mar_bgNoti_working/OZ-Chat_Prod/20251125_OZ-Chat_Android_App/OZ-Chat_Android_Dev/vector/src/modern/kotlin', not found
file or directory '/home/codenia/Videos/OZ-Chat_Prod_23_Mar_bgNoti_working/OZ-Chat_Prod/20251125_OZ-Chat_Android_App/OZ-Chat_Android_Dev/vector/src/modern/java', not found
file or directory '/home/codenia/Videos/OZ-Chat_Prod_23_Mar_bgNoti_working/OZ-Chat_Prod/20251125_OZ-Chat_Android_App/OZ-Chat_Android_Dev/vector/src/gplay/kotlin', not found
file or directory '/home/codenia/Videos/OZ-Chat_Prod_23_Mar_bgNoti_working/OZ-Chat_Prod/20251125_OZ-Chat_Android_App/OZ-Chat_Android_Dev/vector/src/gplay/java', not found
file or directory '/home/codenia/Videos/OZ-Chat_Prod_23_Mar_bgNoti_working/OZ-Chat_Prod/20251125_OZ-Chat_Android_App/OZ-Chat_Android_Dev/vector/src/gplayModern/kotlin', not found
file or directory '/home/codenia/Videos/OZ-Chat_Prod_23_Mar_bgNoti_working/OZ-Chat_Prod/20251125_OZ-Chat_Android_App/OZ-Chat_Android_Dev/vector/src/gplayModern/java', not found
file or directory '/home/codenia/Videos/OZ-Chat_Prod_23_Mar_bgNoti_working/OZ-Chat_Prod/20251125_OZ-Chat_Android_App/OZ-Chat_Android_Dev/vector/src/debug/kotlin', not found
file or directory '/home/codenia/Videos/OZ-Chat_Prod_23_Mar_bgNoti_working/OZ-Chat_Prod/20251125_OZ-Chat_Android_App/OZ-Chat_Android_Dev/vector/src/debug/java', not found
file or directory '/home/codenia/Videos/OZ-Chat_Prod_23_Mar_bgNoti_working/OZ-Chat_Prod/20251125_OZ-Chat_Android_App/OZ-Chat_Android_Dev/vector/src/modern/java', not found
file or directory '/home/codenia/Videos/OZ-Chat_Prod_23_Mar_bgNoti_working/OZ-Chat_Prod/20251125_OZ-Chat_Android_App/OZ-Chat_Android_Dev/vector/src/gplay/java', not found
file or directory '/home/codenia/Videos/OZ-Chat_Prod_23_Mar_bgNoti_working/OZ-Chat_Prod/20251125_OZ-Chat_Android_App/OZ-Chat_Android_Dev/vector/src/gplayModern/java', not found
file or directory '/home/codenia/Videos/OZ-Chat_Prod_23_Mar_bgNoti_working/OZ-Chat_Prod/20251125_OZ-Chat_Android_App/OZ-Chat_Android_Dev/vector/src/debug/java', not found
file or directory '/home/codenia/Videos/OZ-Chat_Prod_23_Mar_bgNoti_working/OZ-Chat_Prod/20251125_OZ-Chat_Android_App/OZ-Chat_Android_Dev/vector/src/gplayModernDebug/java', not found
file or directory '/home/codenia/Videos/OZ-Chat_Prod_23_Mar_bgNoti_working/OZ-Chat_Prod/20251125_OZ-Chat_Android_App/OZ-Chat_Android_Dev/vector/src/gplayModernDebug/kotlin', not found
file or directory '/home/codenia/Videos/OZ-Chat_Prod_23_Mar_bgNoti_working/OZ-Chat_Prod/20251125_OZ-Chat_Android_App/OZ-Chat_Android_Dev/vector/src/gplayModernDebug/java', not found
file or directory '/home/codenia/Videos/OZ-Chat_Prod_23_Mar_bgNoti_working/OZ-Chat_Prod/20251125_OZ-Chat_Android_App/OZ-Chat_Android_Dev/vector/src/main/kotlin', not found
file or directory '/home/codenia/Videos/OZ-Chat_Prod_23_Mar_bgNoti_working/OZ-Chat_Prod/20251125_OZ-Chat_Android_App/OZ-Chat_Android_Dev/vector/src/gplayModernDebug/kotlin', not found
file or directory '/home/codenia/Videos/OZ-Chat_Prod_23_Mar_bgNoti_working/OZ-Chat_Prod/20251125_OZ-Chat_Android_App/OZ-Chat_Android_Dev/vector/src/gplayModernDebug/java', not found
file or directory '/home/codenia/Videos/OZ-Chat_Prod_23_Mar_bgNoti_working/OZ-Chat_Prod/20251125_OZ-Chat_Android_App/OZ-Chat_Android_Dev/vector/src/main/kotlin', not found
file or directory '/home/codenia/Videos/OZ-Chat_Prod_23_Mar_bgNoti_working/OZ-Chat_Prod/20251125_OZ-Chat_Android_App/OZ-Chat_Android_Dev/vector/src/modern/kotlin', not found
file or directory '/home/codenia/Videos/OZ-Chat_Prod_23_Mar_bgNoti_working/OZ-Chat_Prod/20251125_OZ-Chat_Android_App/OZ-Chat_Android_Dev/vector/src/modern/java', not found
file or directory '/home/codenia/Videos/OZ-Chat_Prod_23_Mar_bgNoti_working/OZ-Chat_Prod/20251125_OZ-Chat_Android_App/OZ-Chat_Android_Dev/vector/src/gplay/kotlin', not found
file or directory '/home/codenia/Videos/OZ-Chat_Prod_23_Mar_bgNoti_working/OZ-Chat_Prod/20251125_OZ-Chat_Android_App/OZ-Chat_Android_Dev/vector/src/gplay/java', not found
file or directory '/home/codenia/Videos/OZ-Chat_Prod_23_Mar_bgNoti_working/OZ-Chat_Prod/20251125_OZ-Chat_Android_App/OZ-Chat_Android_Dev/vector/src/gplayModern/kotlin', not found
file or directory '/home/codenia/Videos/OZ-Chat_Prod_23_Mar_bgNoti_working/OZ-Chat_Prod/20251125_OZ-Chat_Android_App/OZ-Chat_Android_Dev/vector/src/gplayModern/java', not found
file or directory '/home/codenia/Videos/OZ-Chat_Prod_23_Mar_bgNoti_working/OZ-Chat_Prod/20251125_OZ-Chat_Android_App/OZ-Chat_Android_Dev/vector/src/debug/kotlin', not found
file or directory '/home/codenia/Videos/OZ-Chat_Prod_23_Mar_bgNoti_working/OZ-Chat_Prod/20251125_OZ-Chat_Android_App/OZ-Chat_Android_Dev/vector/src/debug/java', not found
file or directory '/home/codenia/Videos/OZ-Chat_Prod_23_Mar_bgNoti_working/OZ-Chat_Prod/20251125_OZ-Chat_Android_App/OZ-Chat_Android_Dev/vector/src/modern/java', not found
file or directory '/home/codenia/Videos/OZ-Chat_Prod_23_Mar_bgNoti_working/OZ-Chat_Prod/20251125_OZ-Chat_Android_App/OZ-Chat_Android_Dev/vector/src/gplay/java', not found
file or directory '/home/codenia/Videos/OZ-Chat_Prod_23_Mar_bgNoti_working/OZ-Chat_Prod/20251125_OZ-Chat_Android_App/OZ-Chat_Android_Dev/vector/src/gplayModern/java', not found
file or directory '/home/codenia/Videos/OZ-Chat_Prod_23_Mar_bgNoti_working/OZ-Chat_Prod/20251125_OZ-Chat_Android_App/OZ-Chat_Android_Dev/vector/src/debug/java', not found
file or directory '/home/codenia/Videos/OZ-Chat_Prod_23_Mar_bgNoti_working/OZ-Chat_Prod/20251125_OZ-Chat_Android_App/OZ-Chat_Android_Dev/vector/src/gplayModernDebug/java', not found
file or directory '/home/codenia/Videos/OZ-Chat_Prod_23_Mar_bgNoti_working/OZ-Chat_Prod/20251125_OZ-Chat_Android_App/OZ-Chat_Android_Dev/vector/src/gplayModernDebug/kotlin', not found
file or directory '/home/codenia/Videos/OZ-Chat_Prod_23_Mar_bgNoti_working/OZ-Chat_Prod/20251125_OZ-Chat_Android_App/OZ-Chat_Android_Dev/vector/src/gplayModernDebug/java', not found
file or directory '/home/codenia/Videos/OZ-Chat_Prod_23_Mar_bgNoti_working/OZ-Chat_Prod/20251125_OZ-Chat_Android_App/OZ-Chat_Android_Dev/vector/src/main/kotlin', not found
file or directory '/home/codenia/Videos/OZ-Chat_Prod_23_Mar_bgNoti_working/OZ-Chat_Prod/20251125_OZ-Chat_Android_App/OZ-Chat_Android_Dev/vector/src/modern/kotlin', not found
file or directory '/home/codenia/Videos/OZ-Chat_Prod_23_Mar_bgNoti_working/OZ-Chat_Prod/20251125_OZ-Chat_Android_App/OZ-Chat_Android_Dev/vector/src/modern/java', not found
file or directory '/home/codenia/Videos/OZ-Chat_Prod_23_Mar_bgNoti_working/OZ-Chat_Prod/20251125_OZ-Chat_Android_App/OZ-Chat_Android_Dev/vector/src/gplay/kotlin', not found
file or directory '/home/codenia/Videos/OZ-Chat_Prod_23_Mar_bgNoti_working/OZ-Chat_Prod/20251125_OZ-Chat_Android_App/OZ-Chat_Android_Dev/vector/src/gplay/java', not found
file or directory '/home/codenia/Videos/OZ-Chat_Prod_23_Mar_bgNoti_working/OZ-Chat_Prod/20251125_OZ-Chat_Android_App/OZ-Chat_Android_Dev/vector/src/gplayModern/kotlin', not found
file or directory '/home/codenia/Videos/OZ-Chat_Prod_23_Mar_bgNoti_working/OZ-Chat_Prod/20251125_OZ-Chat_Android_App/OZ-Chat_Android_Dev/vector/src/gplayModern/java', not found
file or directory '/home/codenia/Videos/OZ-Chat_Prod_23_Mar_bgNoti_working/OZ-Chat_Prod/20251125_OZ-Chat_Android_App/OZ-Chat_Android_Dev/vector/src/debug/kotlin', not found
file or directory '/home/codenia/Videos/OZ-Chat_Prod_23_Mar_bgNoti_working/OZ-Chat_Prod/20251125_OZ-Chat_Android_App/OZ-Chat_Android_Dev/vector/src/debug/java', not found
file or directory '/home/codenia/Videos/OZ-Chat_Prod_23_Mar_bgNoti_working/OZ-Chat_Prod/20251125_OZ-Chat_Android_App/OZ-Chat_Android_Dev/vector/src/modern/java', not found
file or directory '/home/codenia/Videos/OZ-Chat_Prod_23_Mar_bgNoti_working/OZ-Chat_Prod/20251125_OZ-Chat_Android_App/OZ-Chat_Android_Dev/vector/src/gplay/java', not found
file or directory '/home/codenia/Videos/OZ-Chat_Prod_23_Mar_bgNoti_working/OZ-Chat_Prod/20251125_OZ-Chat_Android_App/OZ-Chat_Android_Dev/vector/src/gplayModern/java', not found
file or directory '/home/codenia/Videos/OZ-Chat_Prod_23_Mar_bgNoti_working/OZ-Chat_Prod/20251125_OZ-Chat_Android_App/OZ-Chat_Android_Dev/vector/src/debug/java', not found
file or directory '/home/codenia/Videos/OZ-Chat_Prod_23_Mar_bgNoti_working/OZ-Chat_Prod/20251125_OZ-Chat_Android_App/OZ-Chat_Android_Dev/vector/src/gplayModernDebug/java', not found
file or directory '/home/codenia/Videos/OZ-Chat_Prod_23_Mar_bgNoti_working/OZ-Chat_Prod/20251125_OZ-Chat_Android_App/OZ-Chat_Android_Dev/vector/src/gplayModernDebug/kotlin', not found
file or directory '/home/codenia/Videos/OZ-Chat_Prod_23_Mar_bgNoti_working/OZ-Chat_Prod/20251125_OZ-Chat_Android_App/OZ-Chat_Android_Dev/vector/src/gplayModernDebug/java', not found
file or directory '/home/codenia/Videos/OZ-Chat_Prod_23_Mar_bgNoti_working/OZ-Chat_Prod/20251125_OZ-Chat_Android_App/OZ-Chat_Android_Dev/vector/src/main/kotlin', not found
file or directory '/home/codenia/Videos/OZ-Chat_Prod_23_Mar_bgNoti_working/OZ-Chat_Prod/20251125_OZ-Chat_Android_App/OZ-Chat_Android_Dev/vector/src/modern/kotlin', not found
file or directory '/home/codenia/Videos/OZ-Chat_Prod_23_Mar_bgNoti_working/OZ-Chat_Prod/20251125_OZ-Chat_Android_App/OZ-Chat_Android_Dev/vector/src/modern/java', not found
file or directory '/home/codenia/Videos/OZ-Chat_Prod_23_Mar_bgNoti_working/OZ-Chat_Prod/20251125_OZ-Chat_Android_App/OZ-Chat_Android_Dev/vector/src/gplay/kotlin', not found
file or directory '/home/codenia/Videos/OZ-Chat_Prod_23_Mar_bgNoti_working/OZ-Chat_Prod/20251125_OZ-Chat_Android_App/OZ-Chat_Android_Dev/vector/src/gplay/java', not found
file or directory '/home/codenia/Videos/OZ-Chat_Prod_23_Mar_bgNoti_working/OZ-Chat_Prod/20251125_OZ-Chat_Android_App/OZ-Chat_Android_Dev/vector/src/gplayModern/kotlin', not found
file or directory '/home/codenia/Videos/OZ-Chat_Prod_23_Mar_bgNoti_working/OZ-Chat_Prod/20251125_OZ-Chat_Android_App/OZ-Chat_Android_Dev/vector/src/gplayModern/java', not found
file or directory '/home/codenia/Videos/OZ-Chat_Prod_23_Mar_bgNoti_working/OZ-Chat_Prod/20251125_OZ-Chat_Android_App/OZ-Chat_Android_Dev/vector/src/debug/kotlin', not found
file or directory '/home/codenia/Videos/OZ-Chat_Prod_23_Mar_bgNoti_working/OZ-Chat_Prod/20251125_OZ-Chat_Android_App/OZ-Chat_Android_Dev/vector/src/debug/java', not found
file or directory '/home/codenia/Videos/OZ-Chat_Prod_23_Mar_bgNoti_working/OZ-Chat_Prod/20251125_OZ-Chat_Android_App/OZ-Chat_Android_Dev/vector/src/modern/java', not found
file or directory '/home/codenia/Videos/OZ-Chat_Prod_23_Mar_bgNoti_working/OZ-Chat_Prod/20251125_OZ-Chat_Android_App/OZ-Chat_Android_Dev/vector/src/gplay/java', not found
file or directory '/home/codenia/Videos/OZ-Chat_Prod_23_Mar_bgNoti_working/OZ-Chat_Prod/20251125_OZ-Chat_Android_App/OZ-Chat_Android_Dev/vector/src/gplayModern/java', not found
file or directory '/home/codenia/Videos/OZ-Chat_Prod_23_Mar_bgNoti_working/OZ-Chat_Prod/20251125_OZ-Chat_Android_App/OZ-Chat_Android_Dev/vector/src/debug/java', not found
file or directory '/home/codenia/Videos/OZ-Chat_Prod_23_Mar_bgNoti_working/OZ-Chat_Prod/20251125_OZ-Chat_Android_App/OZ-Chat_Android_Dev/vector/src/gplayModernDebug/java', not found
Kotlin source files: /home/codenia/Videos/OZ-Chat_Prod_23_Mar_bgNoti_working/OZ-Chat_Prod/20251125_OZ-Chat_Android_App/OZ-Chat_Android_Dev/vector/src/main/java/im/vector/app/features/redaction/CheckIfEventIsRedactedUseCase.kt, /home/codenia/Videos/OZ-Chat_Prod_23_Mar_bgNoti_working/OZ-Chat_Prod/20251125_OZ-Chat_Android_App/OZ-Chat_Android_Dev/vector/src/main/java/im/vector/app/features/widgets/WidgetArgsBuilder.kt, /home/codenia/Videos/OZ-Chat_Prod_23_Mar_bgNoti_working/OZ-Chat_Prod/20251125_OZ-Chat_Android_App/OZ-Chat_Android_Dev/vector/src/main/java/im/vector/app/features/widgets/WidgetViewModel.kt, /home/codenia/Videos/OZ-Chat_Prod_23_Mar_bgNoti_working/OZ-Chat_Prod/20251125_OZ-Chat_Android_App/OZ-Chat_Android_Dev/vector/src/main/java/im/vector/app/features/widgets/WidgetPostAPIHandler.kt, /home/codenia/Videos/OZ-Chat_Prod_23_Mar_bgNoti_working/OZ-Chat_Prod/20251125_OZ-Chat_Android_App/OZ-Chat_Android_Dev/vector/src/main/java/im/vector/app/features/widgets/permissions/RoomWidgetPermissionViewModel.kt, /home/codenia/Videos/OZ-Chat_Prod_23_Mar_bgNoti_working/OZ-Chat_Prod/20251125_OZ-Chat_Android_App/OZ-Chat_Android_Dev/vector/src/main/java/im/vector/app/features/widgets/permissions/RoomWidgetPermissionViewState.kt, /home/codenia/Videos/OZ-Chat_Prod_23_Mar_bgNoti_working/OZ-Chat_Prod/20251125_OZ-Chat_Android_App/OZ-Chat_Android_Dev/vector/src/main/java/im/vector/app/features/widgets/permissions/RoomWidgetPermissionBottomSheet.kt, /home/codenia/Videos/OZ-Chat_Prod_23_Mar_bgNoti_working/OZ-Chat_Prod/20251125_OZ-Chat_Android_App/OZ-Chat_Android_Dev/vector/src/main/java/im/vector/app/features/widgets/permissions/RoomWidgetPermissionActions.kt, /home/codenia/Videos/OZ-Chat_Prod_23_Mar_bgNoti_working/OZ-Chat_Prod/20251125_OZ-Chat_Android_App/OZ-Chat_Android_Dev/vector/src/main/java/im/vector/app/features/widgets/permissions/WidgetPermissionsHelper.kt, /home/codenia/Videos/OZ-Chat_Prod_23_Mar_bgNoti_working/OZ-Chat_Prod/20251125_OZ-Chat_Android_App/OZ-Chat_Android_Dev/vector/src/main/java/im/vector/app/features/widgets/permissions/RoomWidgetPermissionViewEvents.kt, /home/codenia/Videos/OZ-Chat_Prod_23_Mar_bgNoti_working/OZ-Chat_Prod/20251125_OZ-Chat_Android_App/OZ-Chat_Android_Dev/vector/src/main/java/im/vector/app/features/widgets/WidgetFragment.kt, /home/codenia/Videos/OZ-Chat_Prod_23_Mar_bgNoti_working/OZ-Chat_Prod/20251125_OZ-Chat_Android_App/OZ-Chat_Android_Dev/vector/src/main/java/im/vector/app/features/widgets/webview/WebviewPermissionUtils.kt, /home/codenia/Videos/OZ-Chat_Prod_23_Mar_bgNoti_working/OZ-Chat_Prod/20251125_OZ-Chat_Android_App/OZ-Chat_Android_Dev/vector/src/main/java/im/vector/app/features/widgets/webview/WidgetWebView.kt, /home/codenia/Videos/OZ-Chat_Prod_23_Mar_bgNoti_working/OZ-Chat_Prod/20251125_OZ-Chat_Android_App/OZ-Chat_Android_Dev/vector/src/main/java/im/vector/app/features/widgets/WidgetViewEvents.kt, /home/codenia/Videos/OZ-Chat_Prod_23_Mar_bgNoti_working/OZ-Chat_Prod/20251125_OZ-Chat_Android_App/OZ-Chat_Android_Dev/vector/src/main/java/im/vector/app/features/widgets/WidgetAction.kt, /home/codenia/Videos/OZ-Chat_Prod_23_Mar_bgNoti_working/OZ-Chat_Prod/20251125_OZ-Chat_Android_App/OZ-Chat_Android_Dev/vector/src/main/java/im/vector/app/features/widgets/WidgetViewState.kt, /home/codenia/Videos/OZ-Chat_Prod_23_Mar_bgNoti_working/OZ-Chat_Prod/20251125_OZ-Chat_Android_App/OZ-Chat_Android_Dev/vector/src/main/java/im/vector/app/features/widgets/WidgetActivity.kt, /home/codenia/Videos/OZ-Chat_Prod_23_Mar_bgNoti_working/OZ-Chat_Prod/20251125_OZ-Chat_Android_App/OZ-Chat_Android_Dev/vector/src/main/java/im/vector/app/features/location/LocationTargetChangeListener.kt, /home/codenia/Videos/OZ-Chat_Prod_23_Mar_bgNoti_working/OZ-Chat_Prod/20251125_OZ-Chat_Android_App/OZ-Chat_Android_Dev/vector/src/main/java/im/vector/app/features/location/LocationTracker.kt, /home/codenia/Videos/OZ-Chat_Prod_23_Mar_bgNoti_working/OZ-Chat_Prod/20251125_OZ-Chat_Android_App/OZ-Chat_Android_Dev/vector/src/main/java/im/vector/app/features/location/MapTilerMapView.kt, /home/codenia/Videos/OZ-Chat_Prod_23_Mar_bgNoti_working/OZ-Chat_Prod/20251125_OZ-Chat_Android_App/OZ-Chat_Android_Dev/vector/src/main/java/im/vector/app/features/location/LocationSharingViewState.kt, /home/codenia/Videos/OZ-Chat_Prod_23_Mar_bgNoti_working/OZ-Chat_Prod/20251125_OZ-Chat_Android_App/OZ-Chat_Android_Dev/vector/src/main/java/im/vector/app/features/location/domain/usecase/CompareLocationsUseCase.kt, /home/codenia/Videos/OZ-Chat_Prod_23_Mar_bgNoti_working/OZ-Chat_Prod/20251125_OZ-Chat_Android_App/OZ-Chat_Android_Dev/vector/src/main/java/im/vector/app/features/location/LocationSharingAction.kt, /home/codenia/Videos/OZ-Chat_Prod_23_Mar_bgNoti_working/OZ-Chat_Prod/20251125_OZ-Chat_Android_App/OZ-Chat_Android_Dev/vector/src/main/java/im/vector/app/features/location/MapLoadingErrorViewState.kt, /home/codenia/Videos/OZ-Chat_Prod_23_Mar_bgNoti_working/OZ-Chat_Prod/20251125_OZ-Chat_Android_App/OZ-Chat_Android_Dev/vector/src/main/java/im/vector/app/features/location/LocationSharingFragment.kt, /home/codenia/Videos/OZ-Chat_Prod_23_Mar_bgNoti_working/OZ-Chat_Prod/20251125_OZ-Chat_Android_App/OZ-Chat_Android_Dev/vector/src/main/java/im/vector/app/features/location/DefaultLocationSharingNavigator.kt, /home/codenia/Videos/OZ-Chat_Prod_23_Mar_bgNoti_working/OZ-Chat_Prod/20251125_OZ-Chat_Android_App/OZ-Chat_Android_Dev/vector/src/main/java/im/vector/app/features/location/Config.kt, /home/codenia/Videos/OZ-Chat_Prod_23_Mar_bgNoti_working/OZ-Chat_Prod/20251125_OZ-Chat_Android_App/OZ-Chat_Android_Dev/vector/src/main/java/im/vector/app/features/location/preview/LocationPreviewViewEvents.kt, /home/codenia/Videos/OZ-Chat_Prod_23_Mar_bgNoti_working/OZ-Chat_Prod/20251125_OZ-Chat_Android_App/OZ-Chat_Android_Dev/vector/src/main/java/im/vector/app/features/location/preview/LocationPreviewFragment.kt, /home/codenia/Videos/OZ-Chat_Prod_23_Mar_bgNoti_working/OZ-Chat_Prod/20251125_OZ-Chat_Android_App/OZ-Chat_Android_Dev/vector/src/main/java/im/vector/app/features/location/preview/LocationPreviewAction.kt, /home/codenia/Videos/OZ-Chat_Prod_23_Mar_bgNoti_working/OZ-Chat_Prod/20251125_OZ-Chat_Android_App/OZ-Chat_Android_Dev/vector/src/main/java/im/vector/app/features/location/preview/LocationPreviewViewState.kt, /home/codenia/Videos/OZ-Chat_Prod_23_Mar_bgNoti_working/OZ-Chat_Prod/20251125_OZ-Chat_Android_App/OZ-Chat_Android_Dev/vector/src/main/java/im/vector/app/features/location/preview/LocationPreviewViewModel.kt, /home/codenia/Videos/OZ-Chat_Prod_23_Mar_bgNoti_working/OZ-Chat_Prod/20251125_OZ-Chat_Android_App/OZ-Chat_Android_Dev/vector/src/main/java/im/vector/app/features/location/LocationSharingViewModel.kt, /home/codenia/Videos/OZ-Chat_Prod_23_Mar_bgNoti_working/OZ-Chat_Prod/20251125_OZ-Chat_Android_App/OZ-Chat_Android_Dev/vector/src/main/java/im/vector/app/features/location/LocationSharingConfig.kt, /home/codenia/Videos/OZ-Chat_Prod_23_Mar_bgNoti_working/OZ-Chat_Prod/20251125_OZ-Chat_Android_App/OZ-Chat_Android_Dev/vector/src/main/java/im/vector/app/features/location/MapBoxMapExt.kt, /home/codenia/Videos/OZ-Chat_Prod_23_Mar_bgNoti_working/OZ-Chat_Prod/20251125_OZ-Chat_Android_App/OZ-Chat_Android_Dev/vector/src/main/java/im/vector/app/features/location/LocationData.kt, /home/codenia/Videos/OZ-Chat_Prod_23_Mar_bgNoti_working/OZ-Chat_Prod/20251125_OZ-Chat_Android_App/OZ-Chat_Android_Dev/vector/src/main/java/im/vector/app/features/location/UrlMapProvider.kt, /home/codenia/Videos/OZ-Chat_Prod_23_Mar_bgNoti_working/OZ-Chat_Prod/20251125_OZ-Chat_Android_App/OZ-Chat_Android_Dev/vector/src/main/java/im/vector/app/features/location/option/LocationSharingOption.kt, /home/codenia/Videos/OZ-Chat_Prod_23_Mar_bgNoti_working/OZ-Chat_Prod/20251125_OZ-Chat_Android_App/OZ-Chat_Android_Dev/vector/src/main/java/im/vector/app/features/location/option/LocationSharingOptionView.kt, /home/codenia/Videos/OZ-Chat_Prod_23_Mar_bgNoti_working/OZ-Chat_Prod/20251125_OZ-Chat_Android_App/OZ-Chat_Android_Dev/vector/src/main/java/im/vector/app/features/location/option/LocationSharingOptionPickerView.kt, /home/codenia/Videos/OZ-Chat_Prod_23_Mar_bgNoti_working/OZ-Chat_Prod/20251125_OZ-Chat_Android_App/OZ-Chat_Android_Dev/vector/src/main/java/im/vector/app/features/location/LocationSharingActivity.kt, /home/codenia/Videos/OZ-Chat_Prod_23_Mar_bgNoti_working/OZ-Chat_Prod/20251125_OZ-Chat_Android_App/OZ-Chat_Android_Dev/vector/src/main/java/im/vector/app/features/location/LocationSharingNavigator.kt, /home/codenia/Videos/OZ-Chat_Prod_23_Mar_bgNoti_working/OZ-Chat_Prod/20251125_OZ-Chat_Android_App/OZ-Chat_Android_Dev/vector/src/main/java/im/vector/app/features/location/live/tracking/LocationSharingServiceConnection.kt, /home/codenia/Videos/OZ-Chat_Prod_23_Mar_bgNoti_working/OZ-Chat_Prod/20251125_OZ-Chat_Android_App/OZ-Chat_Android_Dev/vector/src/main/java/im/vector/app/features/location/live/tracking/LiveLocationNotificationBuilder.kt, /home/codenia/Videos/OZ-Chat_Prod_23_Mar_bgNoti_working/OZ-Chat_Prod/20251125_OZ-Chat_Android_App/OZ-Chat_Android_Dev/vector/src/main/java/im/vector/app/features/location/live/tracking/LocationSharingAndroidService.kt, /home/codenia/Videos/OZ-Chat_Prod_23_Mar_bgNoti_working/OZ-Chat_Prod/20251125_OZ-Chat_Android_App/OZ-Chat_Android_Dev/vector/src/main/java/im/vector/app/features/location/live/tracking/LocationSharingAndroidServiceBinder.kt, /home/codenia/Videos/OZ-Chat_Prod_23_Mar_bgNoti_working/OZ-Chat_Prod/20251125_OZ-Chat_Android_App/OZ-Chat_Android_Dev/vector/src/main/java/im/vector/app/features/location/live/LiveLocationEndedBannerView.kt, /home/codenia/Videos/OZ-Chat_Prod_23_Mar_bgNoti_working/OZ-Chat_Prod/20251125_OZ-Chat_Android_App/OZ-Chat_Android_Dev/vector/src/main/java/im/vector/app/features/location/live/LiveLocationRunningBannerView.kt, /home/codenia/Videos/OZ-Chat_Prod_23_Mar_bgNoti_working/OZ-Chat_Prod/20251125_OZ-Chat_Android_App/OZ-Chat_Android_Dev/vector/src/main/java/im/vector/app/features/location/live/LiveLocationMessageBannerViewState.kt, /home/codenia/Videos/OZ-Chat_Prod_23_Mar_bgNoti_working/OZ-Chat_Prod/20251125_OZ-Chat_Android_App/OZ-Chat_Android_Dev/vector/src/main/java/im/vector/app/features/location/live/map/UserLiveLocationViewStateMapper.kt, /home/codenia/Videos/OZ-Chat_Prod_23_Mar_bgNoti_working/OZ-Chat_Prod/20251125_OZ-Chat_Android_App/OZ-Chat_Android_Dev/vector/src/main/java/im/vector/app/features/location/live/map/LiveLocationMapViewFragment.kt, /home/codenia/Videos/OZ-Chat_Prod_23_Mar_bgNoti_working/OZ-Chat_Prod/20251125_OZ-Chat_Android_App/OZ-Chat_Android_Dev/vector/src/main/java/im/vector/app/features/location/live/map/LiveLocationMapAction.kt, /home/codenia/Videos/OZ-Chat_Prod_23_Mar_bgNoti_working/OZ-Chat_Prod/20251125_OZ-Chat_Android_App/OZ-Chat_Android_Dev/vector/src/main/java/im/vector/app/features/location/live/map/LiveLocationUserItem.kt, /home/codenia/Videos/OZ-Chat_Prod_23_Mar_bgNoti_working/OZ-Chat_Prod/20251125_OZ-Chat_Android_App/OZ-Chat_Android_Dev/vector/src/main/java/im/vector/app/features/location/live/map/LiveLocationMapViewModel.kt, /home/codenia/Videos/OZ-Chat_Prod_23_Mar_bgNoti_working/OZ-Chat_Prod/20251125_OZ-Chat_Android_App/OZ-Chat_Android_Dev/vector/src/main/java/im/vector/app/features/location/live/map/GetListOfUserLiveLocationUseCase.kt, /home/codenia/Videos/OZ-Chat_Prod_23_Mar_bgNoti_working/OZ-Chat_Prod/20251125_OZ-Chat_Android_App/OZ-Chat_Android_Dev/vector/src/main/java/im/vector/app/features/location/live/map/LiveLocationMapViewEvents.kt, /home/codenia/Videos/OZ-Chat_Prod_23_Mar_bgNoti_working/OZ-Chat_Prod/20251125_OZ-Chat_Android_App/OZ-Chat_Android_Dev/vector/src/main/java/im/vector/app/features/location/live/map/LiveLocationBottomSheetController.kt, /home/codenia/Videos/OZ-Chat_Prod_23_Mar_bgNoti_working/OZ-Chat_Prod/20251125_OZ-Chat_Android_App/OZ-Chat_Android_Dev/vector/src/main/java/im/vector/app/features/location/live/map/LiveLocationMapViewState.kt, /home/codenia/Videos/OZ-Chat_Prod_23_Mar_bgNoti_working/OZ-Chat_Prod/20251125_OZ-Chat_Android_App/OZ-Chat_Android_Dev/vector/src/main/java/im/vector/app/features/location/live/map/LiveLocationMapViewActivity.kt, /home/codenia/Videos/OZ-Chat_Prod_23_Mar_bgNoti_working/OZ-Chat_Prod/20251125_OZ-Chat_Android_App/OZ-Chat_Android_Dev/vector/src/main/java/im/vector/app/features/location/live/map/LiveLocationMapMarkerOptionsDialog.kt, /home/codenia/Videos/OZ-Chat_Prod_23_Mar_bgNoti_working/OZ-Chat_Prod/20251125_OZ-Chat_Android_App/OZ-Chat_Android_Dev/vector/src/main/java/im/vector/app/features/location/live/LiveLocationLabsFlagPromotionBottomSheet.kt, /home/codenia/Videos/OZ-Chat_Prod_23_Mar_bgNoti_working/OZ-Chat_Prod/20251125_OZ-Chat_Android_App/OZ-Chat_Android_Dev/vector/src/main/java/im/vector/app/features/location/live/LiveLocationStatusView.kt, /home/codenia/Videos/OZ-Chat_Prod_23_Mar_bgNoti_working/OZ-Chat_Prod/20251125_OZ-Chat_Android_App/OZ-Chat_Android_Dev/vector/src/main/java/im/vector/app/features/location/live/duration/ChooseLiveDurationBottomSheet.kt, /home/codenia/Videos/OZ-Chat_Prod_23_Mar_bgNoti_working/OZ-Chat_Prod/20251125_OZ-Chat_Android_App/OZ-Chat_Android_Dev/vector/src/main/java/im/vector/app/features/location/live/StopLiveLocationShareUseCase.kt, /home/codenia/Videos/OZ-Chat_Prod_23_Mar_bgNoti_working/OZ-Chat_Prod/20251125_OZ-Chat_Android_App/OZ-Chat_Android_Dev/vector/src/main/java/im/vector/app/features/location/live/GetLiveLocationShareSummaryUseCase.kt, /home/codenia/Videos/OZ-Chat_Prod_23_Mar_bgNoti_working/OZ-Chat_Prod/20251125_OZ-Chat_Android_App/OZ-Chat_Android_Dev/vector/src/main/java/im/vector/app/features/location/LocationSharingViewEvents.kt, /home/codenia/Videos/OZ-Chat_Prod_23_Mar_bgNoti_working/OZ-Chat_Prod/20251125_OZ-Chat_Android_App/OZ-Chat_Android_Dev/vector/src/main/java/im/vector/app/features/location/MapState.kt, /home/codenia/Videos/OZ-Chat_Prod_23_Mar_bgNoti_working/OZ-Chat_Prod/20251125_OZ-Chat_Android_App/OZ-Chat_Android_Dev/vector/src/main/java/im/vector/app/features/location/MapLoadingErrorView.kt, /home/codenia/Videos/OZ-Chat_Prod_23_Mar_bgNoti_working/OZ-Chat_Prod/20251125_OZ-Chat_Android_App/OZ-Chat_Android_Dev/vector/src/main/java/im/vector/app/features/location/LocationDialog.kt, /home/codenia/Videos/OZ-Chat_Prod_23_Mar_bgNoti_working/OZ-Chat_Prod/20251125_OZ-Chat_Android_App/OZ-Chat_Android_Dev/vector/src/main/java/im/vector/app/features/viewmodel/RoomUserViewModel.kt, /home/codenia/Videos/OZ-Chat_Prod_23_Mar_bgNoti_working/OZ-Chat_Prod/20251125_OZ-Chat_Android_App/OZ-Chat_Android_Dev/vector/src/main/java/im/vector/app/features/attachments/ContactAttachment.kt, /home/codenia/Videos/OZ-Chat_Prod_23_Mar_bgNoti_working/OZ-Chat_Prod/20251125_OZ-Chat_Android_App/OZ-Chat_Android_Dev/vector/src/main/java/im/vector/app/features/attachments/AttachmentTypeSelectorView.kt, /home/codenia/Videos/OZ-Chat_Prod_23_Mar_bgNoti_working/OZ-Chat_Prod/20251125_OZ-Chat_Android_App/OZ-Chat_Android_Dev/vector/src/main/java/im/vector/app/features/attachments/AttachmentTypeSelectorBottomSheet.kt, /home/codenia/Videos/OZ-Chat_Prod_23_Mar_bgNoti_working/OZ-Chat_Prod/20251125_OZ-Chat_Android_App/OZ-Chat_Android_Dev/vector/src/main/java/im/vector/app/features/attachments/preview/AttachmentsPreviewFragment.kt, /home/codenia/Videos/OZ-Chat_Prod_23_Mar_bgNoti_working/OZ-Chat_Prod/20251125_OZ-Chat_Android_App/OZ-Chat_Android_Dev/vector/src/main/java/im/vector/app/features/attachments/preview/AttachmentsPreviewViewState.kt, /home/codenia/Videos/OZ-Chat_Prod_23_Mar_bgNoti_working/OZ-Chat_Prod/20251125_OZ-Chat_Android_App/OZ-Chat_Android_Dev/vector/src/main/java/im/vector/app/features/attachments/preview/AttachmentPreviewItems.kt, /home/codenia/Videos/OZ-Chat_Prod_23_Mar_bgNoti_working/OZ-Chat_Prod/20251125_OZ-Chat_Android_App/OZ-Chat_Android_Dev/vector/src/main/java/im/vector/app/features/attachments/preview/AttachmentPreviewControllers.kt, /home/codenia/Videos/OZ-Chat_Prod_23_Mar_bgNoti_working/OZ-Chat_Prod/20251125_OZ-Chat_Android_App/OZ-Chat_Android_Dev/vector/src/main/java/im/vector/app/features/attachments/preview/AttachmentsPreviewViewModel.kt, /home/codenia/Videos/OZ-Chat_Prod_23_Mar_bgNoti_working/OZ-Chat_Prod/20251125_OZ-Chat_Android_App/OZ-Chat_Android_Dev/vector/src/main/java/im/vector/app/features/attachments/preview/AttachmentsPreviewActivity.kt, /home/codenia/Videos/OZ-Chat_Prod_23_Mar_bgNoti_working/OZ-Chat_Prod/20251125_OZ-Chat_Android_App/OZ-Chat_Android_Dev/vector/src/main/java/im/vector/app/features/attachments/preview/AttachmentsPreviewViewEvents.kt, /home/codenia/Videos/OZ-Chat_Prod_23_Mar_bgNoti_working/OZ-Chat_Prod/20251125_OZ-Chat_Android_App/OZ-Chat_Android_Dev/vector/src/main/java/im/vector/app/features/attachments/preview/Extensions.kt, /home/codenia/Videos/OZ-Chat_Prod_23_Mar_bgNoti_working/OZ-Chat_Prod/20251125_OZ-Chat_Android_App/OZ-Chat_Android_Dev/vector/src/main/java/im/vector/app/features/attachments/preview/AttachmentsPreviewAction.kt, /home/codenia/Videos/OZ-Chat_Prod_23_Mar_bgNoti_working/OZ-Chat_Prod/20251125_OZ-Chat_Android_App/OZ-Chat_Android_Dev/vector/src/main/java/im/vector/app/features/attachments/ShareIntentHandler.kt, /home/codenia/Videos/OZ-Chat_Prod_23_Mar_bgNoti_working/OZ-Chat_Prod/20251125_OZ-Chat_Android_App/OZ-Chat_Android_Dev/vector/src/main/java/im/vector/app/features/attachments/AttachmentsMapper.kt, /home/codenia/Videos/OZ-Chat_Prod_23_Mar_bgNoti_working/OZ-Chat_Prod/20251125_OZ-Chat_Android_App/OZ-Chat_Android_Dev/vector/src/main/java/im/vector/app/features/attachments/MultiPickerIncomingFiles.kt, /home/codenia/Videos/OZ-Chat_Prod_23_Mar_bgNoti_working/OZ-Chat_Prod/20251125_OZ-Chat_Android_App/OZ-Chat_Android_Dev/vector/src/main/java/im/vector/app/features/attachments/AttachmentTypeSelectorSharedActionViewModel.kt, /home/codenia/Videos/OZ-Chat_Prod_23_Mar_bgNoti_working/OZ-Chat_Prod/20251125_OZ-Chat_Android_App/OZ-Chat_Android_Dev/vector/src/main/java/im/vector/app/features/attachments/AttachmentsHelper.kt, /home/codenia/Videos/OZ-Chat_Prod_23_Mar_bgNoti_working/OZ-Chat_Prod/20251125_OZ-Chat_Android_App/OZ-Chat_Android_Dev/vector/src/main/java/im/vector/app/features/attachments/ContentAttachmentData.kt, /home/codenia/Videos/OZ-Chat_Prod_23_Mar_bgNoti_working/OZ-Chat_Prod/20251125_OZ-Chat_Android_App/OZ-Chat_Android_Dev/vector/src/main/java/im/vector/app/features/attachments/AttachmentType.kt, /home/codenia/Videos/OZ-Chat_Prod_23_Mar_bgNoti_working/OZ-Chat_Prod/20251125_OZ-Chat_Android_App/OZ-Chat_Android_Dev/vector/src/main/java/im/vector/app/features/attachments/AttachmentTypeSelectorViewModel.kt, /home/codenia/Videos/OZ-Chat_Prod_23_Mar_bgNoti_working/OZ-Chat_Prod/20251125_OZ-Chat_Android_App/OZ-Chat_Android_Dev/vector/src/main/java/im/vector/app/features/DefaultVectorOverrides.kt, /home/codenia/Videos/OZ-Chat_Prod_23_Mar_bgNoti_working/OZ-Chat_Prod/20251125_OZ-Chat_Android_App/OZ-Chat_Android_Dev/vector/src/main/java/im/vector/app/features/pin/UnlockedActivity.kt, /home/codenia/Videos/OZ-Chat_Prod_23_Mar_bgNoti_working/OZ-Chat_Prod/20251125_OZ-Chat_Android_App/OZ-Chat_Android_Dev/vector/src/main/java/im/vector/app/features/pin/PinActivity.kt, /home/codenia/Videos/OZ-Chat_Prod_23_Mar_bgNoti_working/OZ-Chat_Prod/20251125_OZ-Chat_Android_App/OZ-Chat_Android_Dev/vector/src/main/java/im/vector/app/features/pin/PinFragment.kt, /home/codenia/Videos/OZ-Chat_Prod_23_Mar_bgNoti_working/OZ-Chat_Prod/20251125_OZ-Chat_Android_App/OZ-Chat_Android_Dev/vector/src/main/java/im/vector/app/features/pin/PinLocker.kt, /home/codenia/Videos/OZ-Chat_Prod_23_Mar_bgNoti_working/OZ-Chat_Prod/20251125_OZ-Chat_Android_App/OZ-Chat_Android_Dev/vector/src/main/java/im/vector/app/features/pin/lockscreen/views/LockScreenCodeView.kt, /home/codenia/Videos/OZ-Chat_Prod_23_Mar_bgNoti_working/OZ-Chat_Prod/20251125_OZ-Chat_Android_App/OZ-Chat_Android_Dev/vector/src/main/java/im/vector/app/features/pin/lockscreen/biometrics/BiometricAuthError.kt, /home/codenia/Videos/OZ-Chat_Prod_23_Mar_bgNoti_working/OZ-Chat_Prod/20251125_OZ-Chat_Android_App/OZ-Chat_Android_Dev/vector/src/main/java/im/vector/app/features/pin/lockscreen/biometrics/BiometricHelper.kt, /home/codenia/Videos/OZ-Chat_Prod_23_Mar_bgNoti_working/OZ-Chat_Prod/20251125_OZ-Chat_Android_App/OZ-Chat_Android_Dev/vector/src/main/java/im/vector/app/features/pin/lockscreen/configuration/LockScreenMode.kt, /home/codenia/Videos/OZ-Chat_Prod_23_Mar_bgNoti_working/OZ-Chat_Prod/20251125_OZ-Chat_Android_App/OZ-Chat_Android_Dev/vector/src/main/java/im/vector/app/features/pin/lockscreen/configuration/LockScreenConfiguration.kt, /home/codenia/Videos/OZ-Chat_Prod_23_Mar_bgNoti_working/OZ-Chat_Prod/20251125_OZ-Chat_Android_App/OZ-Chat_Android_Dev/vector/src/main/java/im/vector/app/features/pin/lockscreen/di/LockScreenQualifiers.kt, /home/codenia/Videos/OZ-Chat_Prod_23_Mar_bgNoti_working/OZ-Chat_Prod/20251125_OZ-Chat_Android_App/OZ-Chat_Android_Dev/vector/src/main/java/im/vector/app/features/pin/lockscreen/di/LockScreenModule.kt, /home/codenia/Videos/OZ-Chat_Prod_23_Mar_bgNoti_working/OZ-Chat_Prod/20251125_OZ-Chat_Android_App/OZ-Chat_Android_Dev/vector/src/main/java/im/vector/app/features/pin/lockscreen/utils/FlagExtensions.kt, /home/codenia/Videos/OZ-Chat_Prod_23_Mar_bgNoti_working/OZ-Chat_Prod/20251125_OZ-Chat_Android_App/OZ-Chat_Android_Dev/vector/src/main/java/im/vector/app/features/pin/lockscreen/utils/DevicePromptCheck.kt, /home/codenia/Videos/OZ-Chat_Prod_23_Mar_bgNoti_working/OZ-Chat_Prod/20251125_OZ-Chat_Android_App/OZ-Chat_Android_Dev/vector/src/main/java/im/vector/app/features/pin/lockscreen/crypto/migrations/MissingSystemKeyMigrator.kt, /home/codenia/Videos/OZ-Chat_Prod_23_Mar_bgNoti_working/OZ-Chat_Prod/20251125_OZ-Chat_Android_App/OZ-Chat_Android_Dev/vector/src/main/java/im/vector/app/features/pin/lockscreen/crypto/migrations/SystemKeyV1Migrator.kt, /home/codenia/Videos/OZ-Chat_Prod_23_Mar_bgNoti_working/OZ-Chat_Prod/20251125_OZ-Chat_Android_App/OZ-Chat_Android_Dev/vector/src/main/java/im/vector/app/features/pin/lockscreen/crypto/migrations/LegacyPinCodeMigrator.kt, /home/codenia/Videos/OZ-Chat_Prod_23_Mar_bgNoti_working/OZ-Chat_Prod/20251125_OZ-Chat_Android_App/OZ-Chat_Android_Dev/vector/src/main/java/im/vector/app/features/pin/lockscreen/crypto/KeyStoreCrypto.kt, /home/codenia/Videos/OZ-Chat_Prod_23_Mar_bgNoti_working/OZ-Chat_Prod/20251125_OZ-Chat_Android_App/OZ-Chat_Android_Dev/vector/src/main/java/im/vector/app/features/pin/lockscreen/crypto/LockScreenKeysMigrator.kt, /home/codenia/Videos/OZ-Chat_Prod_23_Mar_bgNoti_working/OZ-Chat_Prod/20251125_OZ-Chat_Android_App/OZ-Chat_Android_Dev/vector/src/main/java/im/vector/app/features/pin/lockscreen/crypto/LockScreenCryptoConstants.kt, /home/codenia/Videos/OZ-Chat_Prod_23_Mar_bgNoti_working/OZ-Chat_Prod/20251125_OZ-Chat_Android_App/OZ-Chat_Android_Dev/vector/src/main/java/im/vector/app/features/pin/lockscreen/crypto/LockScreenKeyRepository.kt, /home/codenia/Videos/OZ-Chat_Prod_23_Mar_bgNoti_working/OZ-Chat_Prod/20251125_OZ-Chat_Android_App/OZ-Chat_Android_Dev/vector/src/main/java/im/vector/app/features/pin/lockscreen/ui/LockScreenViewModel.kt, /home/codenia/Videos/OZ-Chat_Prod_23_Mar_bgNoti_working/OZ-Chat_Prod/20251125_OZ-Chat_Android_App/OZ-Chat_Android_Dev/vector/src/main/java/im/vector/app/features/pin/lockscreen/ui/LockScreenViewEvent.kt, /home/codenia/Videos/OZ-Chat_Prod_23_Mar_bgNoti_working/OZ-Chat_Prod/20251125_OZ-Chat_Android_App/OZ-Chat_Android_Dev/vector/src/main/java/im/vector/app/features/pin/lockscreen/ui/LockScreenAction.kt, /home/codenia/Videos/OZ-Chat_Prod_23_Mar_bgNoti_working/OZ-Chat_Prod/20251125_OZ-Chat_Android_App/OZ-Chat_Android_Dev/vector/src/main/java/im/vector/app/features/pin/lockscreen/ui/LockScreenListener.kt, /home/codenia/Videos/OZ-Chat_Prod_23_Mar_bgNoti_working/OZ-Chat_Prod/20251125_OZ-Chat_Android_App/OZ-Chat_Android_Dev/vector/src/main/java/im/vector/app/features/pin/lockscreen/ui/fallbackprompt/FallbackBiometricDialogFragment.kt, /home/codenia/Videos/OZ-Chat_Prod_23_Mar_bgNoti_working/OZ-Chat_Prod/20251125_OZ-Chat_Android_App/OZ-Chat_Android_Dev/vector/src/main/java/im/vector/app/features/pin/lockscreen/ui/LockScreenViewState.kt, /home/codenia/Videos/OZ-Chat_Prod_23_Mar_bgNoti_working/OZ-Chat_Prod/20251125_OZ-Chat_Android_App/OZ-Chat_Android_Dev/vector/src/main/java/im/vector/app/features/pin/lockscreen/ui/LockScreenFragment.kt, /home/codenia/Videos/OZ-Chat_Prod_23_Mar_bgNoti_working/OZ-Chat_Prod/20251125_OZ-Chat_Android_App/OZ-Chat_Android_Dev/vector/src/main/java/im/vector/app/features/pin/lockscreen/pincode/PinCodeHelper.kt, /home/codenia/Videos/OZ-Chat_Prod_23_Mar_bgNoti_working/OZ-Chat_Prod/20251125_OZ-Chat_Android_App/OZ-Chat_Android_Dev/vector/src/main/java/im/vector/app/features/pin/lockscreen/pincode/EncryptedPinCodeStorage.kt, /home/codenia/Videos/OZ-Chat_Prod_23_Mar_bgNoti_working/OZ-Chat_Prod/20251125_OZ-Chat_Android_App/OZ-Chat_Android_Dev/vector/src/main/java/im/vector/app/features/pin/PinCodeStore.kt, /home/codenia/Videos/OZ-Chat_Prod_23_Mar_bgNoti_working/OZ-Chat_Prod/20251125_OZ-Chat_Android_App/OZ-Chat_Android_Dev/vector/src/main/java/im/vector/app/features/pin/PinMode.kt, /home/codenia/Videos/OZ-Chat_Prod_23_Mar_bgNoti_working/OZ-Chat_Prod/20251125_OZ-Chat_Android_App/OZ-Chat_Android_Dev/vector/src/main/java/im/vector/app/features/media/BaseAttachmentProvider.kt, /home/codenia/Videos/OZ-Chat_Prod_23_Mar_bgNoti_working/OZ-Chat_Prod/20251125_OZ-Chat_Android_App/OZ-Chat_Android_Dev/vector/src/main/java/im/vector/app/features/media/VideoContentRenderer.kt, /home/codenia/Videos/OZ-Chat_Prod_23_Mar_bgNoti_working/OZ-Chat_Prod/20251125_OZ-Chat_Android_App/OZ-Chat_Android_Dev/vector/src/main/java/im/vector/app/features/media/DefaultImageLoaderCallback.kt, /home/codenia/Videos/OZ-Chat_Prod_23_Mar_bgNoti_working/OZ-Chat_Prod/20251125_OZ-Chat_Android_App/OZ-Chat_Android_Dev/vector/src/main/java/im/vector/app/features/media/VectorAttachmentViewerAction.kt, /home/codenia/Videos/OZ-Chat_Prod_23_Mar_bgNoti_working/OZ-Chat_Prod/20251125_OZ-Chat_Android_App/OZ-Chat_Android_Dev/vector/src/main/java/im/vector/app/features/media/domain/usecase/DownloadMediaUseCase.kt, /home/codenia/Videos/OZ-Chat_Prod_23_Mar_bgNoti_working/OZ-Chat_Prod/20251125_OZ-Chat_Android_App/OZ-Chat_Android_Dev/vector/src/main/java/im/vector/app/features/media/ImageContentRenderer.kt, /home/codenia/Videos/OZ-Chat_Prod_23_Mar_bgNoti_working/OZ-Chat_Prod/20251125_OZ-Chat_Android_App/OZ-Chat_Android_Dev/vector/src/main/java/im/vector/app/features/media/VectorAttachmentViewerActivity.kt, /home/codenia/Videos/OZ-Chat_Prod_23_Mar_bgNoti_working/OZ-Chat_Prod/20251125_OZ-Chat_Android_App/OZ-Chat_Android_Dev/vector/src/main/java/im/vector/app/features/media/AttachmentInteractionListener.kt, /home/codenia/Videos/OZ-Chat_Prod_23_Mar_bgNoti_working/OZ-Chat_Prod/20251125_OZ-Chat_Android_App/OZ-Chat_Android_Dev/vector/src/main/java/im/vector/app/features/media/AttachmentOverlayView.kt, /home/codenia/Videos/OZ-Chat_Prod_23_Mar_bgNoti_working/OZ-Chat_Prod/20251125_OZ-Chat_Android_App/OZ-Chat_Android_Dev/vector/src/main/java/im/vector/app/features/media/RoomEventsAttachmentProvider.kt, /home/codenia/Videos/OZ-Chat_Prod_23_Mar_bgNoti_working/OZ-Chat_Prod/20251125_OZ-Chat_Android_App/OZ-Chat_Android_Dev/vector/src/main/java/im/vector/app/features/media/VectorAttachmentViewerViewModel.kt, /home/codenia/Videos/OZ-Chat_Prod_23_Mar_bgNoti_working/OZ-Chat_Prod/20251125_OZ-Chat_Android_App/OZ-Chat_Android_Dev/vector/src/main/java/im/vector/app/features/media/BigImageViewerActivity.kt, /home/codenia/Videos/OZ-Chat_Prod_23_Mar_bgNoti_working/OZ-Chat_Prod/20251125_OZ-Chat_Android_App/OZ-Chat_Android_Dev/vector/src/main/java/im/vector/app/features/media/ImageBrandingUtils.kt, /home/codenia/Videos/OZ-Chat_Prod_23_Mar_bgNoti_working/OZ-Chat_Prod/20251125_OZ-Chat_Android_App/OZ-Chat_Android_Dev/vector/src/main/java/im/vector/app/features/media/VectorAttachmentViewerViewEvents.kt, /home/codenia/Videos/OZ-Chat_Prod_23_Mar_bgNoti_working/OZ-Chat_Prod/20251125_OZ-Chat_Android_App/OZ-Chat_Android_Dev/vector/src/main/java/im/vector/app/features/media/DataAttachmentRoomProvider.kt, /home/codenia/Videos/OZ-Chat_Prod_23_Mar_bgNoti_working/OZ-Chat_Prod/20251125_OZ-Chat_Android_App/OZ-Chat_Android_Dev/vector/src/main/java/im/vector/app/features/media/UCropHelper.kt, /home/codenia/Videos/OZ-Chat_Prod_23_Mar_bgNoti_working/OZ-Chat_Prod/20251125_OZ-Chat_Android_App/OZ-Chat_Android_Dev/vector/src/main/java/im/vector/app/features/media/AttachmentProviderFactory.kt, /home/codenia/Videos/OZ-Chat_Prod_23_Mar_bgNoti_working/OZ-Chat_Prod/20251125_OZ-Chat_Android_App/OZ-Chat_Android_Dev/vector/src/main/java/im/vector/app/features/configuration/VectorConfiguration.kt, /home/codenia/Videos/OZ-Chat_Prod_23_Mar_bgNoti_working/OZ-Chat_Prod/20251125_OZ-Chat_Android_App/OZ-Chat_Android_Dev/vector/src/main/java/im/vector/app/features/configuration/VectorCustomEventTypesProvider.kt, /home/codenia/Videos/OZ-Chat_Prod_23_Mar_bgNoti_working/OZ-Chat_Prod/20251125_OZ-Chat_Android_App/OZ-Chat_Android_Dev/vector/src/main/java/im/vector/app/features/settings/VectorSettingsBaseFragment.kt, /home/codenia/Videos/OZ-Chat_Prod_23_Mar_bgNoti_working/OZ-Chat_Prod/20251125_OZ-Chat_Android_App/OZ-Chat_Android_Dev/vector/src/main/java/im/vector/app/features/settings/BackgroundSyncModeChooserDialog.kt, /home/codenia/Videos/OZ-Chat_Prod_23_Mar_bgNoti_working/OZ-Chat_Prod/20251125_OZ-Chat_Android_App/OZ-Chat_Android_Dev/vector/src/main/java/im/vector/app/features/settings/VectorSettingsActivity.kt, /home/codenia/Videos/OZ-Chat_Prod_23_Mar_bgNoti_working/OZ-Chat_Prod/20251125_OZ-Chat_Android_App/OZ-Chat_Android_Dev/vector/src/main/java/im/vector/app/features/settings/font/FontScaleSettingFragment.kt, /home/codenia/Videos/OZ-Chat_Prod_23_Mar_bgNoti_working/OZ-Chat_Prod/20251125_OZ-Chat_Android_App/OZ-Chat_Android_Dev/vector/src/main/java/im/vector/app/features/settings/font/FontScaleSettingController.kt, /home/codenia/Videos/OZ-Chat_Prod_23_Mar_bgNoti_working/OZ-Chat_Prod/20251125_OZ-Chat_Android_App/OZ-Chat_Android_Dev/vector/src/main/java/im/vector/app/features/settings/font/FontScaleSettingAction.kt, /home/codenia/Videos/OZ-Chat_Prod_23_Mar_bgNoti_working/OZ-Chat_Prod/20251125_OZ-Chat_Android_App/OZ-Chat_Android_Dev/vector/src/main/java/im/vector/app/features/settings/font/FontScaleSettingViewModel.kt, /home/codenia/Videos/OZ-Chat_Prod_23_Mar_bgNoti_working/OZ-Chat_Prod/20251125_OZ-Chat_Android_App/OZ-Chat_Android_Dev/vector/src/main/java/im/vector/app/features/settings/font/FontScaleSettingViewEvents.kt, /home/codenia/Videos/OZ-Chat_Prod_23_Mar_bgNoti_working/OZ-Chat_Prod/20251125_OZ-Chat_Android_App/OZ-Chat_Android_Dev/vector/src/main/java/im/vector/app/features/settings/font/FontScaleSettingViewState.kt, /home/codenia/Videos/OZ-Chat_Prod_23_Mar_bgNoti_working/OZ-Chat_Prod/20251125_OZ-Chat_Android_App/OZ-Chat_Android_Dev/vector/src/main/java/im/vector/app/features/settings/font/FontScaleSettingActivity.kt, /home/codenia/Videos/OZ-Chat_Prod_23_Mar_bgNoti_working/OZ-Chat_Prod/20251125_OZ-Chat_Android_App/OZ-Chat_Android_Dev/vector/src/main/java/im/vector/app/features/settings/VectorLocaleProvider.kt, /home/codenia/Videos/OZ-Chat_Prod_23_Mar_bgNoti_working/OZ-Chat_Prod/20251125_OZ-Chat_Android_App/OZ-Chat_Android_Dev/vector/src/main/java/im/vector/app/features/settings/labs/VectorSettingsLabsViewState.kt, /home/codenia/Videos/OZ-Chat_Prod_23_Mar_bgNoti_working/OZ-Chat_Prod/20251125_OZ-Chat_Android_App/OZ-Chat_Android_Dev/vector/src/main/java/im/vector/app/features/settings/labs/VectorSettingsLabsViewModel.kt, /home/codenia/Videos/OZ-Chat_Prod_23_Mar_bgNoti_working/OZ-Chat_Prod/20251125_OZ-Chat_Android_App/OZ-Chat_Android_Dev/vector/src/main/java/im/vector/app/features/settings/labs/VectorSettingsLabsFragment.kt, /home/codenia/Videos/OZ-Chat_Prod_23_Mar_bgNoti_working/OZ-Chat_Prod/20251125_OZ-Chat_Android_App/OZ-Chat_Android_Dev/vector/src/main/java/im/vector/app/features/settings/labs/VectorSettingsLabsAction.kt, /home/codenia/Videos/OZ-Chat_Prod_23_Mar_bgNoti_working/OZ-Chat_Prod/20251125_OZ-Chat_Android_App/OZ-Chat_Android_Dev/vector/src/main/java/im/vector/app/features/settings/homeserver/HomeserverSettingsFragment.kt, /home/codenia/Videos/OZ-Chat_Prod_23_Mar_bgNoti_working/OZ-Chat_Prod/20251125_OZ-Chat_Android_App/OZ-Chat_Android_Dev/vector/src/main/java/im/vector/app/features/settings/homeserver/HomeserverSettingsAction.kt, /home/codenia/Videos/OZ-Chat_Prod_23_Mar_bgNoti_working/OZ-Chat_Prod/20251125_OZ-Chat_Android_App/OZ-Chat_Android_Dev/vector/src/main/java/im/vector/app/features/settings/homeserver/HomeserverSettingsViewModel.kt, /home/codenia/Videos/OZ-Chat_Prod_23_Mar_bgNoti_working/OZ-Chat_Prod/20251125_OZ-Chat_Android_App/OZ-Chat_Android_Dev/vector/src/main/java/im/vector/app/features/settings/homeserver/HomeServerSettingsViewState.kt, /home/codenia/Videos/OZ-Chat_Prod_23_Mar_bgNoti_working/OZ-Chat_Prod/20251125_OZ-Chat_Android_App/OZ-Chat_Android_Dev/vector/src/main/java/im/vector/app/features/settings/homeserver/HomeserverSettingsController.kt, /home/codenia/Videos/OZ-Chat_Prod_23_Mar_bgNoti_working/OZ-Chat_Prod/20251125_OZ-Chat_Android_App/OZ-Chat_Android_Dev/vector/src/main/java/im/vector/app/features/settings/troubleshoot/TroubleshootTest.kt, /home/codenia/Videos/OZ-Chat_Prod_23_Mar_bgNoti_working/OZ-Chat_Prod/20251125_OZ-Chat_Android_App/OZ-Chat_Android_Dev/vector/src/main/java/im/vector/app/features/settings/troubleshoot/TestCurrentUnifiedPushDistributor.kt, /home/codenia/Videos/OZ-Chat_Prod_23_Mar_bgNoti_working/OZ-Chat_Prod/20251125_OZ-Chat_Android_App/OZ-Chat_Android_Dev/vector/src/main/java/im/vector/app/features/settings/troubleshoot/TestNotificationReceiver.kt, /home/codenia/Videos/OZ-Chat_Prod_23_Mar_bgNoti_working/OZ-Chat_Prod/20251125_OZ-Chat_Android_App/OZ-Chat_Android_Dev/vector/src/main/java/im/vector/app/features/settings/troubleshoot/TestSystemSettings.kt, /home/codenia/Videos/OZ-Chat_Prod_23_Mar_bgNoti_working/OZ-Chat_Prod/20251125_OZ-Chat_Android_App/OZ-Chat_Android_Dev/vector/src/main/java/im/vector/app/features/settings/troubleshoot/TestUnifiedPushGateway.kt, /home/codenia/Videos/OZ-Chat_Prod_23_Mar_bgNoti_working/OZ-Chat_Prod/20251125_OZ-Chat_Android_App/OZ-Chat_Android_Dev/vector/src/main/java/im/vector/app/features/settings/troubleshoot/TestAccountSettings.kt, /home/codenia/Videos/OZ-Chat_Prod_23_Mar_bgNoti_working/OZ-Chat_Prod/20251125_OZ-Chat_Android_App/OZ-Chat_Android_Dev/vector/src/main/java/im/vector/app/features/settings/troubleshoot/TestAvailableUnifiedPushDistributors.kt, /home/codenia/Videos/OZ-Chat_Prod_23_Mar_bgNoti_working/OZ-Chat_Prod/20251125_OZ-Chat_Android_App/OZ-Chat_Android_Dev/vector/src/main/java/im/vector/app/features/settings/troubleshoot/TestEndpointAsTokenRegistration.kt, /home/codenia/Videos/OZ-Chat_Prod_23_Mar_bgNoti_working/OZ-Chat_Prod/20251125_OZ-Chat_Android_App/OZ-Chat_Android_Dev/vector/src/main/java/im/vector/app/features/settings/troubleshoot/TestUnifiedPushEndpoint.kt, /home/codenia/Videos/OZ-Chat_Prod_23_Mar_bgNoti_working/OZ-Chat_Prod/20251125_OZ-Chat_Android_App/OZ-Chat_Android_Dev/vector/src/main/java/im/vector/app/features/settings/troubleshoot/TestPushFromPushGateway.kt, /home/codenia/Videos/OZ-Chat_Prod_23_Mar_bgNoti_working/OZ-Chat_Prod/20251125_OZ-Chat_Android_App/OZ-Chat_Android_Dev/vector/src/main/java/im/vector/app/features/settings/troubleshoot/NotificationTroubleshootTestManager.kt, /home/codenia/Videos/OZ-Chat_Prod_23_Mar_bgNoti_working/OZ-Chat_Prod/20251125_OZ-Chat_Android_App/OZ-Chat_Android_Dev/vector/src/main/java/im/vector/app/features/settings/troubleshoot/TestPushRulesSettings.kt, /home/codenia/Videos/OZ-Chat_Prod_23_Mar_bgNoti_working/OZ-Chat_Prod/20251125_OZ-Chat_Android_App/OZ-Chat_Android_Dev/vector/src/main/java/im/vector/app/features/settings/troubleshoot/TestDeviceSettings.kt, /home/codenia/Videos/OZ-Chat_Prod_23_Mar_bgNoti_working/OZ-Chat_Prod/20251125_OZ-Chat_Android_App/OZ-Chat_Android_Dev/vector/src/main/java/im/vector/app/features/settings/troubleshoot/NotificationTroubleshootRecyclerViewAdapter.kt, /home/codenia/Videos/OZ-Chat_Prod_23_Mar_bgNoti_working/OZ-Chat_Prod/20251125_OZ-Chat_Android_App/OZ-Chat_Android_Dev/vector/src/main/java/im/vector/app/features/settings/troubleshoot/TestNotification.kt, /home/codenia/Videos/OZ-Chat_Prod_23_Mar_bgNoti_working/OZ-Chat_Prod/20251125_OZ-Chat_Android_App/OZ-Chat_Android_Dev/vector/src/main/java/im/vector/app/features/settings/ignored/IgnoredUsersViewModel.kt, /home/codenia/Videos/OZ-Chat_Prod_23_Mar_bgNoti_working/OZ-Chat_Prod/20251125_OZ-Chat_Android_App/OZ-Chat_Android_Dev/vector/src/main/java/im/vector/app/features/settings/ignored/IgnoredUsersController.kt, /home/codenia/Videos/OZ-Chat_Prod_23_Mar_bgNoti_working/OZ-Chat_Prod/20251125_OZ-Chat_Android_App/OZ-Chat_Android_Dev/vector/src/main/java/im/vector/app/features/settings/ignored/IgnoredUsersViewEvents.kt, /home/codenia/Videos/OZ-Chat_Prod_23_Mar_bgNoti_working/OZ-Chat_Prod/20251125_OZ-Chat_Android_App/OZ-Chat_Android_Dev/vector/src/main/java/im/vector/app/features/settings/ignored/UserItem.kt, /home/codenia/Videos/OZ-Chat_Prod_23_Mar_bgNoti_working/OZ-Chat_Prod/20251125_OZ-Chat_Android_App/OZ-Chat_Android_Dev/vector/src/main/java/im/vector/app/features/settings/ignored/VectorSettingsIgnoredUsersFragment.kt, /home/codenia/Videos/OZ-Chat_Prod_23_Mar_bgNoti_working/OZ-Chat_Prod/20251125_OZ-Chat_Android_App/OZ-Chat_Android_Dev/vector/src/main/java/im/vector/app/features/settings/ignored/IgnoredUsersViewState.kt, /home/codenia/Videos/OZ-Chat_Prod_23_Mar_bgNoti_working/OZ-Chat_Prod/20251125_OZ-Chat_Android_App/OZ-Chat_Android_Dev/vector/src/main/java/im/vector/app/features/settings/ignored/IgnoredUsersAction.kt, /home/codenia/Videos/OZ-Chat_Prod_23_Mar_bgNoti_working/OZ-Chat_Prod/20251125_OZ-Chat_Android_App/OZ-Chat_Android_Dev/vector/src/main/java/im/vector/app/features/settings/notifications/troubleshoot/VectorSettingsNotificationsTroubleshootFragment.kt, /home/codenia/Videos/OZ-Chat_Prod_23_Mar_bgNoti_working/OZ-Chat_Prod/20251125_OZ-Chat_Android_App/OZ-Chat_Android_Dev/vector/src/main/java/im/vector/app/features/settings/notifications/VectorSettingsPushRuleNotificationViewAction.kt, /home/codenia/Videos/OZ-Chat_Prod_23_Mar_bgNoti_working/OZ-Chat_Prod/20251125_OZ-Chat_Android_App/OZ-Chat_Android_Dev/vector/src/main/java/im/vector/app/features/settings/notifications/StandardActions.kt, /home/codenia/Videos/OZ-Chat_Prod_23_Mar_bgNoti_working/OZ-Chat_Prod/20251125_OZ-Chat_Android_App/OZ-Chat_Android_Dev/vector/src/main/java/im/vector/app/features/settings/notifications/VectorSettingsPushRuleNotificationViewModel.kt, /home/codenia/Videos/OZ-Chat_Prod_23_Mar_bgNoti_working/OZ-Chat_Prod/20251125_OZ-Chat_Android_App/OZ-Chat_Android_Dev/vector/src/main/java/im/vector/app/features/settings/notifications/VectorSettingsNotificationViewModel.kt, /home/codenia/Videos/OZ-Chat_Prod_23_Mar_bgNoti_working/OZ-Chat_Prod/20251125_OZ-Chat_Android_App/OZ-Chat_Android_Dev/vector/src/main/java/im/vector/app/features/settings/notifications/defaults/VectorSettingsDefaultNotificationFragment.kt, /home/codenia/Videos/OZ-Chat_Prod_23_Mar_bgNoti_working/OZ-Chat_Prod/20251125_OZ-Chat_Android_App/OZ-Chat_Android_Dev/vector/src/main/java/im/vector/app/features/settings/notifications/usecase/ToggleNotificationsForCurrentSessionUseCase.kt, /home/codenia/Videos/OZ-Chat_Prod_23_Mar_bgNoti_working/OZ-Chat_Prod/20251125_OZ-Chat_Android_App/OZ-Chat_Android_Dev/vector/src/main/java/im/vector/app/features/settings/notifications/usecase/DisableNotificationsForCurrentSessionUseCase.kt, /home/codenia/Videos/OZ-Chat_Prod_23_Mar_bgNoti_working/OZ-Chat_Prod/20251125_OZ-Chat_Android_App/OZ-Chat_Android_Dev/vector/src/main/java/im/vector/app/features/settings/notifications/usecase/EnableNotificationsForCurrentSessionUseCase.kt, /home/codenia/Videos/OZ-Chat_Prod_23_Mar_bgNoti_working/OZ-Chat_Prod/20251125_OZ-Chat_Android_App/OZ-Chat_Android_Dev/vector/src/main/java/im/vector/app/features/settings/notifications/usecase/GetPushRulesOnInvalidStateUseCase.kt, /home/codenia/Videos/OZ-Chat_Prod_23_Mar_bgNoti_working/OZ-Chat_Prod/20251125_OZ-Chat_Android_App/OZ-Chat_Android_Dev/vector/src/main/java/im/vector/app/features/settings/notifications/usecase/UpdatePushRulesIfNeededUseCase.kt, /home/codenia/Videos/OZ-Chat_Prod_23_Mar_bgNoti_working/OZ-Chat_Prod/20251125_OZ-Chat_Android_App/OZ-Chat_Android_Dev/vector/src/main/java/im/vector/app/features/settings/notifications/NotificationIndex.kt, /home/codenia/Videos/OZ-Chat_Prod_23_Mar_bgNoti_working/OZ-Chat_Prod/20251125_OZ-Chat_Android_App/OZ-Chat_Android_Dev/vector/src/main/java/im/vector/app/features/settings/notifications/VectorSettingsNotificationViewEvent.kt, /home/codenia/Videos/OZ-Chat_Prod_23_Mar_bgNoti_working/OZ-Chat_Prod/20251125_OZ-Chat_Android_App/OZ-Chat_Android_Dev/vector/src/main/java/im/vector/app/features/settings/notifications/VectorSettingsNotificationViewAction.kt, /home/codenia/Videos/OZ-Chat_Prod_23_Mar_bgNoti_working/OZ-Chat_Prod/20251125_OZ-Chat_Android_App/OZ-Chat_Android_Dev/vector/src/main/java/im/vector/app/features/settings/notifications/advanced/VectorSettingsAdvancedNotificationPreferenceFragment.kt, /home/codenia/Videos/OZ-Chat_Prod_23_Mar_bgNoti_working/OZ-Chat_Prod/20251125_OZ-Chat_Android_App/OZ-Chat_Android_Dev/vector/src/main/java/im/vector/app/features/settings/notifications/PushRuleDefinitions.kt, /home/codenia/Videos/OZ-Chat_Prod_23_Mar_bgNoti_working/OZ-Chat_Prod/20251125_OZ-Chat_Android_App/OZ-Chat_Android_Dev/vector/src/main/java/im/vector/app/features/settings/notifications/keywordandmentions/VectorSettingsKeywordAndMentionsNotificationFragment.kt, /home/codenia/Videos/OZ-Chat_Prod_23_Mar_bgNoti_working/OZ-Chat_Prod/20251125_OZ-Chat_Android_App/OZ-Chat_Android_Dev/vector/src/main/java/im/vector/app/features/settings/notifications/VectorSettingsPushRuleNotificationViewState.kt, /home/codenia/Videos/OZ-Chat_Prod_23_Mar_bgNoti_working/OZ-Chat_Prod/20251125_OZ-Chat_Android_App/OZ-Chat_Android_Dev/vector/src/main/java/im/vector/app/features/settings/notifications/other/VectorSettingsOtherNotificationFragment.kt, /home/codenia/Videos/OZ-Chat_Prod_23_Mar_bgNoti_working/OZ-Chat_Prod/20251125_OZ-Chat_Android_App/OZ-Chat_Android_Dev/vector/src/main/java/im/vector/app/features/settings/notifications/VectorSettingsPushRuleNotificationViewEvent.kt, /home/codenia/Videos/OZ-Chat_Prod_23_Mar_bgNoti_working/OZ-Chat_Prod/20251125_OZ-Chat_Android_App/OZ-Chat_Android_Dev/vector/src/main/java/im/vector/app/features/settings/notifications/RuleIdsExt.kt, /home/codenia/Videos/OZ-Chat_Prod_23_Mar_bgNoti_working/OZ-Chat_Prod/20251125_OZ-Chat_Android_App/OZ-Chat_Android_Dev/vector/src/main/java/im/vector/app/features/settings/notifications/VectorSettingsPushRuleNotificationFragment.kt, /home/codenia/Videos/OZ-Chat_Prod_23_Mar_bgNoti_working/OZ-Chat_Prod/20251125_OZ-Chat_Android_App/OZ-Chat_Android_Dev/vector/src/main/java/im/vector/app/features/settings/notifications/VectorSettingsNotificationFragment.kt, /home/codenia/Videos/OZ-Chat_Prod_23_Mar_bgNoti_working/OZ-Chat_Prod/20251125_OZ-Chat_Android_App/OZ-Chat_Android_Dev/vector/src/main/java/im/vector/app/features/settings/VectorSettingsGeneralFragment.kt, /home/codenia/Videos/OZ-Chat_Prod_23_Mar_bgNoti_working/OZ-Chat_Prod/20251125_OZ-Chat_Android_App/OZ-Chat_Android_Dev/vector/src/main/java/im/vector/app/features/settings/account/deactivation/DeactivateAccountViewEvents.kt, /home/codenia/Videos/OZ-Chat_Prod_23_Mar_bgNoti_working/OZ-Chat_Prod/20251125_OZ-Chat_Android_App/OZ-Chat_Android_Dev/vector/src/main/java/im/vector/app/features/settings/account/deactivation/DeactivateAccountFragment.kt, /home/codenia/Videos/OZ-Chat_Prod_23_Mar_bgNoti_working/OZ-Chat_Prod/20251125_OZ-Chat_Android_App/OZ-Chat_Android_Dev/vector/src/main/java/im/vector/app/features/settings/account/deactivation/DeactivateAccountAction.kt, /home/codenia/Videos/OZ-Chat_Prod_23_Mar_bgNoti_working/OZ-Chat_Prod/20251125_OZ-Chat_Android_App/OZ-Chat_Android_Dev/vector/src/main/java/im/vector/app/features/settings/account/deactivation/DeactivateAccountViewModel.kt, /home/codenia/Videos/OZ-Chat_Prod_23_Mar_bgNoti_working/OZ-Chat_Prod/20251125_OZ-Chat_Android_App/OZ-Chat_Android_Dev/vector/src/main/java/im/vector/app/features/settings/devices/DeviceItem.kt, /home/codenia/Videos/OZ-Chat_Prod_23_Mar_bgNoti_working/OZ-Chat_Prod/20251125_OZ-Chat_Android_App/OZ-Chat_Android_Dev/vector/src/main/java/im/vector/app/features/settings/devices/DeviceVerificationInfoBottomSheetController.kt, /home/codenia/Videos/OZ-Chat_Prod_23_Mar_bgNoti_working/OZ-Chat_Prod/20251125_OZ-Chat_Android_App/OZ-Chat_Android_Dev/vector/src/main/java/im/vector/app/features/settings/devices/VectorSettingsDevicesFragment.kt, /home/codenia/Videos/OZ-Chat_Prod_23_Mar_bgNoti_working/OZ-Chat_Prod/20251125_OZ-Chat_Android_App/OZ-Chat_Android_Dev/vector/src/main/java/im/vector/app/features/settings/devices/DevicesController.kt, /home/codenia/Videos/OZ-Chat_Prod_23_Mar_bgNoti_working/OZ-Chat_Prod/20251125_OZ-Chat_Android_App/OZ-Chat_Android_Dev/vector/src/main/java/im/vector/app/features/settings/devices/GetCurrentSessionCrossSigningInfoUseCase.kt, /home/codenia/Videos/OZ-Chat_Prod_23_Mar_bgNoti_working/OZ-Chat_Prod/20251125_OZ-Chat_Android_App/OZ-Chat_Android_Dev/vector/src/main/java/im/vector/app/features/settings/devices/DeviceVerificationInfoBottomSheet.kt, /home/codenia/Videos/OZ-Chat_Prod_23_Mar_bgNoti_working/OZ-Chat_Prod/20251125_OZ-Chat_Android_App/OZ-Chat_Android_Dev/vector/src/main/java/im/vector/app/features/settings/devices/DevicesViewModel.kt, /home/codenia/Videos/OZ-Chat_Prod_23_Mar_bgNoti_working/OZ-Chat_Prod/20251125_OZ-Chat_Android_App/OZ-Chat_Android_Dev/vector/src/main/java/im/vector/app/features/settings/devices/v2/DeviceFullInfo.kt, /home/codenia/Videos/OZ-Chat_Prod_23_Mar_bgNoti_working/OZ-Chat_Prod/20251125_OZ-Chat_Android_App/OZ-Chat_Android_Dev/vector/src/main/java/im/vector/app/features/settings/devices/v2/VectorSettingsDevicesViewNavigator.kt, /home/codenia/Videos/OZ-Chat_Prod_23_Mar_bgNoti_working/OZ-Chat_Prod/20251125_OZ-Chat_Android_App/OZ-Chat_Android_Dev/vector/src/main/java/im/vector/app/features/settings/devices/v2/RefreshDevicesUseCase.kt, /home/codenia/Videos/OZ-Chat_Prod_23_Mar_bgNoti_working/OZ-Chat_Prod/20251125_OZ-Chat_Android_App/OZ-Chat_Android_Dev/vector/src/main/java/im/vector/app/features/settings/devices/v2/verification/CurrentSessionCrossSigningInfo.kt, /home/codenia/Videos/OZ-Chat_Prod_23_Mar_bgNoti_working/OZ-Chat_Prod/20251125_OZ-Chat_Android_App/OZ-Chat_Android_Dev/vector/src/main/java/im/vector/app/features/settings/devices/v2/verification/GetCurrentSessionCrossSigningInfoUseCase.kt, /home/codenia/Videos/OZ-Chat_Prod_23_Mar_bgNoti_working/OZ-Chat_Prod/20251125_OZ-Chat_Android_App/OZ-Chat_Android_Dev/vector/src/main/java/im/vector/app/features/settings/devices/v2/verification/GetEncryptionTrustLevelForOtherDeviceUseCase.kt, /home/codenia/Videos/OZ-Chat_Prod_23_Mar_bgNoti_working/OZ-Chat_Prod/20251125_OZ-Chat_Android_App/OZ-Chat_Android_Dev/vector/src/main/java/im/vector/app/features/settings/devices/v2/verification/CheckIfCurrentSessionCanBeVerifiedUseCase.kt, /home/codenia/Videos/OZ-Chat_Prod_23_Mar_bgNoti_working/OZ-Chat_Prod/20251125_OZ-Chat_Android_App/OZ-Chat_Android_Dev/vector/src/main/java/im/vector/app/features/settings/devices/v2/verification/GetEncryptionTrustLevelForCurrentDeviceUseCase.kt, /home/codenia/Videos/OZ-Chat_Prod_23_Mar_bgNoti_working/OZ-Chat_Prod/20251125_OZ-Chat_Android_App/OZ-Chat_Android_Dev/vector/src/main/java/im/vector/app/features/settings/devices/v2/verification/GetEncryptionTrustLevelForDeviceUseCase.kt, /home/codenia/Videos/OZ-Chat_Prod_23_Mar_bgNoti_working/OZ-Chat_Prod/20251125_OZ-Chat_Android_App/OZ-Chat_Android_Dev/vector/src/main/java/im/vector/app/features/settings/devices/v2/overview/SessionOverviewViewNavigator.kt, /home/codenia/Videos/OZ-Chat_Prod_23_Mar_bgNoti_working/OZ-Chat_Prod/20251125_OZ-Chat_Android_App/OZ-Chat_Android_Dev/vector/src/main/java/im/vector/app/features/settings/devices/v2/overview/GetDeviceFullInfoUseCase.kt, /home/codenia/Videos/OZ-Chat_Prod_23_Mar_bgNoti_working/OZ-Chat_Prod/20251125_OZ-Chat_Android_App/OZ-Chat_Android_Dev/vector/src/main/java/im/vector/app/features/settings/devices/v2/overview/SessionOverviewViewEvent.kt, /home/codenia/Videos/OZ-Chat_Prod_23_Mar_bgNoti_working/OZ-Chat_Prod/20251125_OZ-Chat_Android_App/OZ-Chat_Android_Dev/vector/src/main/java/im/vector/app/features/settings/devices/v2/overview/SessionOverviewViewModel.kt, /home/codenia/Videos/OZ-Chat_Prod_23_Mar_bgNoti_working/OZ-Chat_Prod/20251125_OZ-Chat_Android_App/OZ-Chat_Android_Dev/vector/src/main/java/im/vector/app/features/settings/devices/v2/overview/SessionOverviewEntrySwitchView.kt, /home/codenia/Videos/OZ-Chat_Prod_23_Mar_bgNoti_working/OZ-Chat_Prod/20251125_OZ-Chat_Android_App/OZ-Chat_Android_Dev/vector/src/main/java/im/vector/app/features/settings/devices/v2/overview/SessionOverviewEntryView.kt, /home/codenia/Videos/OZ-Chat_Prod_23_Mar_bgNoti_working/OZ-Chat_Prod/20251125_OZ-Chat_Android_App/OZ-Chat_Android_Dev/vector/src/main/java/im/vector/app/features/settings/devices/v2/overview/SessionOverviewAction.kt, /home/codenia/Videos/OZ-Chat_Prod_23_Mar_bgNoti_working/OZ-Chat_Prod/20251125_OZ-Chat_Android_App/OZ-Chat_Android_Dev/vector/src/main/java/im/vector/app/features/settings/devices/v2/overview/SessionOverviewActivity.kt, /home/codenia/Videos/OZ-Chat_Prod_23_Mar_bgNoti_working/OZ-Chat_Prod/20251125_OZ-Chat_Android_App/OZ-Chat_Android_Dev/vector/src/main/java/im/vector/app/features/settings/devices/v2/overview/SessionOverviewFragment.kt, /home/codenia/Videos/OZ-Chat_Prod_23_Mar_bgNoti_working/OZ-Chat_Prod/20251125_OZ-Chat_Android_App/OZ-Chat_Android_Dev/vector/src/main/java/im/vector/app/features/settings/devices/v2/overview/SessionOverviewArgs.kt, /home/codenia/Videos/OZ-Chat_Prod_23_Mar_bgNoti_working/OZ-Chat_Prod/20251125_OZ-Chat_Android_App/OZ-Chat_Android_Dev/vector/src/main/java/im/vector/app/features/settings/devices/v2/overview/SessionOverviewViewState.kt, /home/codenia/Videos/OZ-Chat_Prod_23_Mar_bgNoti_working/OZ-Chat_Prod/20251125_OZ-Chat_Android_App/OZ-Chat_Android_Dev/vector/src/main/java/im/vector/app/features/settings/devices/v2/VectorSessionsListViewModel.kt, /home/codenia/Videos/OZ-Chat_Prod_23_Mar_bgNoti_working/OZ-Chat_Prod/20251125_OZ-Chat_Android_App/OZ-Chat_Android_Dev/vector/src/main/java/im/vector/app/features/settings/devices/v2/SessionWarningInfoView.kt, /home/codenia/Videos/OZ-Chat_Prod_23_Mar_bgNoti_working/OZ-Chat_Prod/20251125_OZ-Chat_Android_App/OZ-Chat_Android_Dev/vector/src/main/java/im/vector/app/features/settings/devices/v2/RefreshDevicesOnCryptoDevicesChangeUseCase.kt, /home/codenia/Videos/OZ-Chat_Prod_23_Mar_bgNoti_working/OZ-Chat_Prod/20251125_OZ-Chat_Android_App/OZ-Chat_Android_Dev/vector/src/main/java/im/vector/app/features/settings/devices/v2/rename/RenameSessionViewModel.kt, /home/codenia/Videos/OZ-Chat_Prod_23_Mar_bgNoti_working/OZ-Chat_Prod/20251125_OZ-Chat_Android_App/OZ-Chat_Android_Dev/vector/src/main/java/im/vector/app/features/settings/devices/v2/rename/RenameSessionActivity.kt, /home/codenia/Videos/OZ-Chat_Prod_23_Mar_bgNoti_working/OZ-Chat_Prod/20251125_OZ-Chat_Android_App/OZ-Chat_Android_Dev/vector/src/main/java/im/vector/app/features/settings/devices/v2/rename/RenameSessionAction.kt, /home/codenia/Videos/OZ-Chat_Prod_23_Mar_bgNoti_working/OZ-Chat_Prod/20251125_OZ-Chat_Android_App/OZ-Chat_Android_Dev/vector/src/main/java/im/vector/app/features/settings/devices/v2/rename/RenameSessionViewNavigator.kt, /home/codenia/Videos/OZ-Chat_Prod_23_Mar_bgNoti_working/OZ-Chat_Prod/20251125_OZ-Chat_Android_App/OZ-Chat_Android_Dev/vector/src/main/java/im/vector/app/features/settings/devices/v2/rename/RenameSessionViewState.kt, /home/codenia/Videos/OZ-Chat_Prod_23_Mar_bgNoti_working/OZ-Chat_Prod/20251125_OZ-Chat_Android_App/OZ-Chat_Android_Dev/vector/src/main/java/im/vector/app/features/settings/devices/v2/rename/RenameSessionFragment.kt, /home/codenia/Videos/OZ-Chat_Prod_23_Mar_bgNoti_working/OZ-Chat_Prod/20251125_OZ-Chat_Android_App/OZ-Chat_Android_Dev/vector/src/main/java/im/vector/app/features/settings/devices/v2/rename/RenameSessionArgs.kt, /home/codenia/Videos/OZ-Chat_Prod_23_Mar_bgNoti_working/OZ-Chat_Prod/20251125_OZ-Chat_Android_App/OZ-Chat_Android_Dev/vector/src/main/java/im/vector/app/features/settings/devices/v2/rename/RenameSessionViewEvent.kt, /home/codenia/Videos/OZ-Chat_Prod_23_Mar_bgNoti_working/OZ-Chat_Prod/20251125_OZ-Chat_Android_App/OZ-Chat_Android_Dev/vector/src/main/java/im/vector/app/features/settings/devices/v2/rename/RenameSessionUseCase.kt, /home/codenia/Videos/OZ-Chat_Prod_23_Mar_bgNoti_working/OZ-Chat_Prod/20251125_OZ-Chat_Android_App/OZ-Chat_Android_Dev/vector/src/main/java/im/vector/app/features/settings/devices/v2/more/SessionLearnMoreViewModel.kt, /home/codenia/Videos/OZ-Chat_Prod_23_Mar_bgNoti_working/OZ-Chat_Prod/20251125_OZ-Chat_Android_App/OZ-Chat_Android_Dev/vector/src/main/java/im/vector/app/features/settings/devices/v2/more/SessionLearnMoreViewState.kt, /home/codenia/Videos/OZ-Chat_Prod_23_Mar_bgNoti_working/OZ-Chat_Prod/20251125_OZ-Chat_Android_App/OZ-Chat_Android_Dev/vector/src/main/java/im/vector/app/features/settings/devices/v2/more/SessionLearnMoreBottomSheet.kt, /home/codenia/Videos/OZ-Chat_Prod_23_Mar_bgNoti_working/OZ-Chat_Prod/20251125_OZ-Chat_Android_App/OZ-Chat_Android_Dev/vector/src/main/java/im/vector/app/features/settings/devices/v2/DevicesViewModel.kt, /home/codenia/Videos/OZ-Chat_Prod_23_Mar_bgNoti_working/OZ-Chat_Prod/20251125_OZ-Chat_Android_App/OZ-Chat_Android_Dev/vector/src/main/java/im/vector/app/features/settings/devices/v2/notification/GetNotificationSettingsAccountDataUseCase.kt, /home/codenia/Videos/OZ-Chat_Prod_23_Mar_bgNoti_working/OZ-Chat_Prod/20251125_OZ-Chat_Android_App/OZ-Chat_Android_Dev/vector/src/main/java/im/vector/app/features/settings/devices/v2/notification/CheckIfCanToggleNotificationsViaAccountDataUseCase.kt, /home/codenia/Videos/OZ-Chat_Prod_23_Mar_bgNoti_working/OZ-Chat_Prod/20251125_OZ-Chat_Android_App/OZ-Chat_Android_Dev/vector/src/main/java/im/vector/app/features/settings/devices/v2/notification/CanToggleNotificationsViaPusherUseCase.kt, /home/codenia/Videos/OZ-Chat_Prod_23_Mar_bgNoti_working/OZ-Chat_Prod/20251125_OZ-Chat_Android_App/OZ-Chat_Android_Dev/vector/src/main/java/im/vector/app/features/settings/devices/v2/notification/GetNotificationsStatusUseCase.kt, /home/codenia/Videos/OZ-Chat_Prod_23_Mar_bgNoti_working/OZ-Chat_Prod/20251125_OZ-Chat_Android_App/OZ-Chat_Android_Dev/vector/src/main/java/im/vector/app/features/settings/devices/v2/notification/SetNotificationSettingsAccountDataUseCase.kt, /home/codenia/Videos/OZ-Chat_Prod_23_Mar_bgNoti_working/OZ-Chat_Prod/20251125_OZ-Chat_Android_App/OZ-Chat_Android_Dev/vector/src/main/java/im/vector/app/features/settings/devices/v2/notification/DeleteNotificationSettingsAccountDataUseCase.kt, /home/codenia/Videos/OZ-Chat_Prod_23_Mar_bgNoti_working/OZ-Chat_Prod/20251125_OZ-Chat_Android_App/OZ-Chat_Android_Dev/vector/src/main/java/im/vector/app/features/settings/devices/v2/notification/CanToggleNotificationsViaAccountDataUseCase.kt, /home/codenia/Videos/OZ-Chat_Prod_23_Mar_bgNoti_working/OZ-Chat_Prod/20251125_OZ-Chat_Android_App/OZ-Chat_Android_Dev/vector/src/main/java/im/vector/app/features/settings/devices/v2/notification/NotificationsStatus.kt, /home/codenia/Videos/OZ-Chat_Prod_23_Mar_bgNoti_working/OZ-Chat_Prod/20251125_OZ-Chat_Android_App/OZ-Chat_Android_Dev/vector/src/main/java/im/vector/app/features/settings/devices/v2/notification/UpdateNotificationSettingsAccountDataUseCase.kt, /home/codenia/Videos/OZ-Chat_Prod_23_Mar_bgNoti_working/OZ-Chat_Prod/20251125_OZ-Chat_Android_App/OZ-Chat_Android_Dev/vector/src/main/java/im/vector/app/features/settings/devices/v2/notification/ToggleNotificationsUseCase.kt, /home/codenia/Videos/OZ-Chat_Prod_23_Mar_bgNoti_working/OZ-Chat_Prod/20251125_OZ-Chat_Android_App/OZ-Chat_Android_Dev/vector/src/main/java/im/vector/app/features/settings/devices/v2/notification/GetNotificationSettingsAccountDataUpdatesUseCase.kt, /home/codenia/Videos/OZ-Chat_Prod_23_Mar_bgNoti_working/OZ-Chat_Prod/20251125_OZ-Chat_Android_App/OZ-Chat_Android_Dev/vector/src/main/java/im/vector/app/features/settings/devices/v2/notification/CheckIfCanToggleNotificationsViaPusherUseCase.kt, /home/codenia/Videos/OZ-Chat_Prod_23_Mar_bgNoti_working/OZ-Chat_Prod/20251125_OZ-Chat_Android_App/OZ-Chat_Android_Dev/vector/src/main/java/im/vector/app/features/settings/devices/v2/details/SessionDetailsHeaderItem.kt, /home/codenia/Videos/OZ-Chat_Prod_23_Mar_bgNoti_working/OZ-Chat_Prod/20251125_OZ-Chat_Android_App/OZ-Chat_Android_Dev/vector/src/main/java/im/vector/app/features/settings/devices/v2/details/SessionDetailsViewEvent.kt, /home/codenia/Videos/OZ-Chat_Prod_23_Mar_bgNoti_working/OZ-Chat_Prod/20251125_OZ-Chat_Android_App/OZ-Chat_Android_Dev/vector/src/main/java/im/vector/app/features/settings/devices/v2/details/SessionDetailsActivity.kt, /home/codenia/Videos/OZ-Chat_Prod_23_Mar_bgNoti_working/OZ-Chat_Prod/20251125_OZ-Chat_Android_App/OZ-Chat_Android_Dev/vector/src/main/java/im/vector/app/features/settings/devices/v2/details/SessionDetailsContentItem.kt, /home/codenia/Videos/OZ-Chat_Prod_23_Mar_bgNoti_working/OZ-Chat_Prod/20251125_OZ-Chat_Android_App/OZ-Chat_Android_Dev/vector/src/main/java/im/vector/app/features/settings/devices/v2/details/SessionDetailsArgs.kt, /home/codenia/Videos/OZ-Chat_Prod_23_Mar_bgNoti_working/OZ-Chat_Prod/20251125_OZ-Chat_Android_App/OZ-Chat_Android_Dev/vector/src/main/java/im/vector/app/features/settings/devices/v2/details/SessionDetailsFragment.kt, /home/codenia/Videos/OZ-Chat_Prod_23_Mar_bgNoti_working/OZ-Chat_Prod/20251125_OZ-Chat_Android_App/OZ-Chat_Android_Dev/vector/src/main/java/im/vector/app/features/settings/devices/v2/details/CheckIfSectionApplicationIsVisibleUseCase.kt, /home/codenia/Videos/OZ-Chat_Prod_23_Mar_bgNoti_working/OZ-Chat_Prod/20251125_OZ-Chat_Android_App/OZ-Chat_Android_Dev/vector/src/main/java/im/vector/app/features/settings/devices/v2/details/SessionDetailsController.kt, /home/codenia/Videos/OZ-Chat_Prod_23_Mar_bgNoti_working/OZ-Chat_Prod/20251125_OZ-Chat_Android_App/OZ-Chat_Android_Dev/vector/src/main/java/im/vector/app/features/settings/devices/v2/details/SessionDetailsViewState.kt, /home/codenia/Videos/OZ-Chat_Prod_23_Mar_bgNoti_working/OZ-Chat_Prod/20251125_OZ-Chat_Android_App/OZ-Chat_Android_Dev/vector/src/main/java/im/vector/app/features/settings/devices/v2/details/extended/DeviceExtendedInfo.kt, /home/codenia/Videos/OZ-Chat_Prod_23_Mar_bgNoti_working/OZ-Chat_Prod/20251125_OZ-Chat_Android_App/OZ-Chat_Android_Dev/vector/src/main/java/im/vector/app/features/settings/devices/v2/details/CheckIfSectionDeviceIsVisibleUseCase.kt, /home/codenia/Videos/OZ-Chat_Prod_23_Mar_bgNoti_working/OZ-Chat_Prod/20251125_OZ-Chat_Android_App/OZ-Chat_Android_Dev/vector/src/main/java/im/vector/app/features/settings/devices/v2/details/SessionDetailsAction.kt, /home/codenia/Videos/OZ-Chat_Prod_23_Mar_bgNoti_working/OZ-Chat_Prod/20251125_OZ-Chat_Android_App/OZ-Chat_Android_Dev/vector/src/main/java/im/vector/app/features/settings/devices/v2/details/CheckIfSectionSessionIsVisibleUseCase.kt, /home/codenia/Videos/OZ-Chat_Prod_23_Mar_bgNoti_working/OZ-Chat_Prod/20251125_OZ-Chat_Android_App/OZ-Chat_Android_Dev/vector/src/main/java/im/vector/app/features/settings/devices/v2/details/SessionDetailsViewModel.kt, /home/codenia/Videos/OZ-Chat_Prod_23_Mar_bgNoti_working/OZ-Chat_Prod/20251125_OZ-Chat_Android_App/OZ-Chat_Android_Dev/vector/src/main/java/im/vector/app/features/settings/devices/v2/DevicesViewEvent.kt, /home/codenia/Videos/OZ-Chat_Prod_23_Mar_bgNoti_working/OZ-Chat_Prod/20251125_OZ-Chat_Android_App/OZ-Chat_Android_Dev/vector/src/main/java/im/vector/app/features/settings/devices/v2/GetDeviceFullInfoListUseCase.kt, /home/codenia/Videos/OZ-Chat_Prod_23_Mar_bgNoti_working/OZ-Chat_Prod/20251125_OZ-Chat_Android_App/OZ-Chat_Android_Dev/vector/src/main/java/im/vector/app/features/settings/devices/v2/ParseDeviceUserAgentUseCase.kt, /home/codenia/Videos/OZ-Chat_Prod_23_Mar_bgNoti_working/OZ-Chat_Prod/20251125_OZ-Chat_Android_App/OZ-Chat_Android_Dev/vector/src/main/java/im/vector/app/features/settings/devices/v2/ToggleIpAddressVisibilityUseCase.kt, /home/codenia/Videos/OZ-Chat_Prod_23_Mar_bgNoti_working/OZ-Chat_Prod/20251125_OZ-Chat_Android_App/OZ-Chat_Android_Dev/vector/src/main/java/im/vector/app/features/settings/devices/v2/DevicesViewState.kt, /home/codenia/Videos/OZ-Chat_Prod_23_Mar_bgNoti_working/OZ-Chat_Prod/20251125_OZ-Chat_Android_App/OZ-Chat_Android_Dev/vector/src/main/java/im/vector/app/features/settings/devices/v2/signout/SignoutSessionsUseCase.kt, /home/codenia/Videos/OZ-Chat_Prod_23_Mar_bgNoti_working/OZ-Chat_Prod/20251125_OZ-Chat_Android_App/OZ-Chat_Android_Dev/vector/src/main/java/im/vector/app/features/settings/devices/v2/signout/InterceptSignoutFlowResponseUseCase.kt, /home/codenia/Videos/OZ-Chat_Prod_23_Mar_bgNoti_working/OZ-Chat_Prod/20251125_OZ-Chat_Android_App/OZ-Chat_Android_Dev/vector/src/main/java/im/vector/app/features/settings/devices/v2/signout/SignoutSessionsReAuthNeeded.kt, /home/codenia/Videos/OZ-Chat_Prod_23_Mar_bgNoti_working/OZ-Chat_Prod/20251125_OZ-Chat_Android_App/OZ-Chat_Android_Dev/vector/src/main/java/im/vector/app/features/settings/devices/v2/signout/BuildConfirmSignoutDialogUseCase.kt, /home/codenia/Videos/OZ-Chat_Prod_23_Mar_bgNoti_working/OZ-Chat_Prod/20251125_OZ-Chat_Android_App/OZ-Chat_Android_Dev/vector/src/main/java/im/vector/app/features/settings/devices/v2/DevicesAction.kt, /home/codenia/Videos/OZ-Chat_Prod_23_Mar_bgNoti_working/OZ-Chat_Prod/20251125_OZ-Chat_Android_App/OZ-Chat_Android_Dev/vector/src/main/java/im/vector/app/features/settings/devices/v2/filter/DeviceManagerFilterType.kt, /home/codenia/Videos/OZ-Chat_Prod_23_Mar_bgNoti_working/OZ-Chat_Prod/20251125_OZ-Chat_Android_App/OZ-Chat_Android_Dev/vector/src/main/java/im/vector/app/features/settings/devices/v2/filter/DeviceManagerFilterBottomSheet.kt, /home/codenia/Videos/OZ-Chat_Prod_23_Mar_bgNoti_working/OZ-Chat_Prod/20251125_OZ-Chat_Android_App/OZ-Chat_Android_Dev/vector/src/main/java/im/vector/app/features/settings/devices/v2/filter/FilterDevicesUseCase.kt, /home/codenia/Videos/OZ-Chat_Prod_23_Mar_bgNoti_working/OZ-Chat_Prod/20251125_OZ-Chat_Android_App/OZ-Chat_Android_Dev/vector/src/main/java/im/vector/app/features/settings/devices/v2/othersessions/OtherSessionsArgs.kt, /home/codenia/Videos/OZ-Chat_Prod_23_Mar_bgNoti_working/OZ-Chat_Prod/20251125_OZ-Chat_Android_App/OZ-Chat_Android_Dev/vector/src/main/java/im/vector/app/features/settings/devices/v2/othersessions/OtherSessionsViewState.kt, /home/codenia/Videos/OZ-Chat_Prod_23_Mar_bgNoti_working/OZ-Chat_Prod/20251125_OZ-Chat_Android_App/OZ-Chat_Android_Dev/vector/src/main/java/im/vector/app/features/settings/devices/v2/othersessions/OtherSessionsActivity.kt, /home/codenia/Videos/OZ-Chat_Prod_23_Mar_bgNoti_working/OZ-Chat_Prod/20251125_OZ-Chat_Android_App/OZ-Chat_Android_Dev/vector/src/main/java/im/vector/app/features/settings/devices/v2/othersessions/OtherSessionsViewNavigator.kt, /home/codenia/Videos/OZ-Chat_Prod_23_Mar_bgNoti_working/OZ-Chat_Prod/20251125_OZ-Chat_Android_App/OZ-Chat_Android_Dev/vector/src/main/java/im/vector/app/features/settings/devices/v2/othersessions/OtherSessionsAction.kt, /home/codenia/Videos/OZ-Chat_Prod_23_Mar_bgNoti_working/OZ-Chat_Prod/20251125_OZ-Chat_Android_App/OZ-Chat_Android_Dev/vector/src/main/java/im/vector/app/features/settings/devices/v2/othersessions/OtherSessionsSecurityRecommendationViewState.kt, /home/codenia/Videos/OZ-Chat_Prod_23_Mar_bgNoti_working/OZ-Chat_Prod/20251125_OZ-Chat_Android_App/OZ-Chat_Android_Dev/vector/src/main/java/im/vector/app/features/settings/devices/v2/othersessions/OtherSessionsViewModel.kt, /home/codenia/Videos/OZ-Chat_Prod_23_Mar_bgNoti_working/OZ-Chat_Prod/20251125_OZ-Chat_Android_App/OZ-Chat_Android_Dev/vector/src/main/java/im/vector/app/features/settings/devices/v2/othersessions/OtherSessionsFragment.kt, /home/codenia/Videos/OZ-Chat_Prod_23_Mar_bgNoti_working/OZ-Chat_Prod/20251125_OZ-Chat_Android_App/OZ-Chat_Android_Dev/vector/src/main/java/im/vector/app/features/settings/devices/v2/othersessions/OtherSessionsViewEvents.kt, /home/codenia/Videos/OZ-Chat_Prod_23_Mar_bgNoti_working/OZ-Chat_Prod/20251125_OZ-Chat_Android_App/OZ-Chat_Android_Dev/vector/src/main/java/im/vector/app/features/settings/devices/v2/othersessions/OtherSessionsSecurityRecommendationView.kt, /home/codenia/Videos/OZ-Chat_Prod_23_Mar_bgNoti_working/OZ-Chat_Prod/20251125_OZ-Chat_Android_App/OZ-Chat_Android_Dev/vector/src/main/java/im/vector/app/features/settings/devices/v2/list/SessionListConstants.kt, /home/codenia/Videos/OZ-Chat_Prod_23_Mar_bgNoti_working/OZ-Chat_Prod/20251125_OZ-Chat_Android_App/OZ-Chat_Android_Dev/vector/src/main/java/im/vector/app/features/settings/devices/v2/list/SessionInfoView.kt, /home/codenia/Videos/OZ-Chat_Prod_23_Mar_bgNoti_working/OZ-Chat_Prod/20251125_OZ-Chat_Android_App/OZ-Chat_Android_Dev/vector/src/main/java/im/vector/app/features/settings/devices/v2/list/OtherSessionsView.kt, /home/codenia/Videos/OZ-Chat_Prod_23_Mar_bgNoti_working/OZ-Chat_Prod/20251125_OZ-Chat_Android_App/OZ-Chat_Android_Dev/vector/src/main/java/im/vector/app/features/settings/devices/v2/list/OtherSessionsController.kt, /home/codenia/Videos/OZ-Chat_Prod_23_Mar_bgNoti_working/OZ-Chat_Prod/20251125_OZ-Chat_Android_App/OZ-Chat_Android_Dev/vector/src/main/java/im/vector/app/features/settings/devices/v2/list/SessionsListHeaderView.kt, /home/codenia/Videos/OZ-Chat_Prod_23_Mar_bgNoti_working/OZ-Chat_Prod/20251125_OZ-Chat_Android_App/OZ-Chat_Android_Dev/vector/src/main/java/im/vector/app/features/settings/devices/v2/list/SessionInfoViewState.kt, /home/codenia/Videos/OZ-Chat_Prod_23_Mar_bgNoti_working/OZ-Chat_Prod/20251125_OZ-Chat_Android_App/OZ-Chat_Android_Dev/vector/src/main/java/im/vector/app/features/settings/devices/v2/list/OtherSessionItem.kt, /home/codenia/Videos/OZ-Chat_Prod_23_Mar_bgNoti_working/OZ-Chat_Prod/20251125_OZ-Chat_Android_App/OZ-Chat_Android_Dev/vector/src/main/java/im/vector/app/features/settings/devices/v2/list/SetDeviceTypeIconUseCase.kt, /home/codenia/Videos/OZ-Chat_Prod_23_Mar_bgNoti_working/OZ-Chat_Prod/20251125_OZ-Chat_Android_App/OZ-Chat_Android_Dev/vector/src/main/java/im/vector/app/features/settings/devices/v2/list/SecurityRecommendationViewState.kt, /home/codenia/Videos/OZ-Chat_Prod_23_Mar_bgNoti_working/OZ-Chat_Prod/20251125_OZ-Chat_Android_App/OZ-Chat_Android_Dev/vector/src/main/java/im/vector/app/features/settings/devices/v2/list/CheckIfSessionIsInactiveUseCase.kt, /home/codenia/Videos/OZ-Chat_Prod_23_Mar_bgNoti_working/OZ-Chat_Prod/20251125_OZ-Chat_Android_App/OZ-Chat_Android_Dev/vector/src/main/java/im/vector/app/features/settings/devices/v2/list/SecurityRecommendationView.kt, /home/codenia/Videos/OZ-Chat_Prod_23_Mar_bgNoti_working/OZ-Chat_Prod/20251125_OZ-Chat_Android_App/OZ-Chat_Android_Dev/vector/src/main/java/im/vector/app/features/settings/devices/v2/list/DeviceType.kt, /home/codenia/Videos/OZ-Chat_Prod_23_Mar_bgNoti_working/OZ-Chat_Prod/20251125_OZ-Chat_Android_App/OZ-Chat_Android_Dev/vector/src/main/java/im/vector/app/features/settings/devices/DeviceVerificationInfoBottomSheetViewModel.kt, /home/codenia/Videos/OZ-Chat_Prod_23_Mar_bgNoti_working/OZ-Chat_Prod/20251125_OZ-Chat_Android_App/OZ-Chat_Android_Dev/vector/src/main/java/im/vector/app/features/settings/devices/DevicesViewEvents.kt, /home/codenia/Videos/OZ-Chat_Prod_23_Mar_bgNoti_working/OZ-Chat_Prod/20251125_OZ-Chat_Android_App/OZ-Chat_Android_Dev/vector/src/main/java/im/vector/app/features/settings/devices/DevicesAction.kt, /home/codenia/Videos/OZ-Chat_Prod_23_Mar_bgNoti_working/OZ-Chat_Prod/20251125_OZ-Chat_Android_App/OZ-Chat_Android_Dev/vector/src/main/java/im/vector/app/features/settings/devices/DeviceVerificationInfoBottomSheetViewState.kt, /home/codenia/Videos/OZ-Chat_Prod_23_Mar_bgNoti_working/OZ-Chat_Prod/20251125_OZ-Chat_Android_App/OZ-Chat_Android_Dev/vector/src/main/java/im/vector/app/features/settings/devices/TrustUtils.kt, /home/codenia/Videos/OZ-Chat_Prod_23_Mar_bgNoti_working/OZ-Chat_Prod/20251125_OZ-Chat_Android_App/OZ-Chat_Android_Dev/vector/src/main/java/im/vector/app/features/settings/devtools/GossipingEventsSerializer.kt, /home/codenia/Videos/OZ-Chat_Prod_23_Mar_bgNoti_working/OZ-Chat_Prod/20251125_OZ-Chat_Android_App/OZ-Chat_Android_Dev/vector/src/main/java/im/vector/app/features/settings/devtools/IncomingKeyRequestListFragment.kt, /home/codenia/Videos/OZ-Chat_Prod_23_Mar_bgNoti_working/OZ-Chat_Prod/20251125_OZ-Chat_Android_App/OZ-Chat_Android_Dev/vector/src/main/java/im/vector/app/features/settings/devtools/AccountDataEpoxyController.kt, /home/codenia/Videos/OZ-Chat_Prod_23_Mar_bgNoti_working/OZ-Chat_Prod/20251125_OZ-Chat_Android_App/OZ-Chat_Android_Dev/vector/src/main/java/im/vector/app/features/settings/devtools/KeyRequestListViewModel.kt, /home/codenia/Videos/OZ-Chat_Prod_23_Mar_bgNoti_working/OZ-Chat_Prod/20251125_OZ-Chat_Android_App/OZ-Chat_Android_Dev/vector/src/main/java/im/vector/app/features/settings/devtools/AccountDataFragment.kt, /home/codenia/Videos/OZ-Chat_Prod_23_Mar_bgNoti_working/OZ-Chat_Prod/20251125_OZ-Chat_Android_App/OZ-Chat_Android_Dev/vector/src/main/java/im/vector/app/features/settings/devtools/OutgoingKeyRequestPagedController.kt, /home/codenia/Videos/OZ-Chat_Prod_23_Mar_bgNoti_working/OZ-Chat_Prod/20251125_OZ-Chat_Android_App/OZ-Chat_Android_Dev/vector/src/main/java/im/vector/app/features/settings/devtools/KeyRequestViewModel.kt, /home/codenia/Videos/OZ-Chat_Prod_23_Mar_bgNoti_working/OZ-Chat_Prod/20251125_OZ-Chat_Android_App/OZ-Chat_Android_Dev/vector/src/main/java/im/vector/app/features/settings/devtools/IncomingKeyRequestPagedController.kt, /home/codenia/Videos/OZ-Chat_Prod_23_Mar_bgNoti_working/OZ-Chat_Prod/20251125_OZ-Chat_Android_App/OZ-Chat_Android_Dev/vector/src/main/java/im/vector/app/features/settings/devtools/KeyRequestsFragment.kt, /home/codenia/Videos/OZ-Chat_Prod_23_Mar_bgNoti_working/OZ-Chat_Prod/20251125_OZ-Chat_Android_App/OZ-Chat_Android_Dev/vector/src/main/java/im/vector/app/features/settings/devtools/AccountDataViewModel.kt, /home/codenia/Videos/OZ-Chat_Prod_23_Mar_bgNoti_working/OZ-Chat_Prod/20251125_OZ-Chat_Android_App/OZ-Chat_Android_Dev/vector/src/main/java/im/vector/app/features/settings/devtools/OutgoingKeyRequestListFragment.kt, /home/codenia/Videos/OZ-Chat_Prod_23_Mar_bgNoti_working/OZ-Chat_Prod/20251125_OZ-Chat_Android_App/OZ-Chat_Android_Dev/vector/src/main/java/im/vector/app/features/settings/devtools/GossipingEventsPaperTrailFragment.kt, /home/codenia/Videos/OZ-Chat_Prod_23_Mar_bgNoti_working/OZ-Chat_Prod/20251125_OZ-Chat_Android_App/OZ-Chat_Android_Dev/vector/src/main/java/im/vector/app/features/settings/devtools/GossipingEventsPaperTrailViewModel.kt, /home/codenia/Videos/OZ-Chat_Prod_23_Mar_bgNoti_working/OZ-Chat_Prod/20251125_OZ-Chat_Android_App/OZ-Chat_Android_Dev/vector/src/main/java/im/vector/app/features/settings/devtools/AccountDataAction.kt, /home/codenia/Videos/OZ-Chat_Prod_23_Mar_bgNoti_working/OZ-Chat_Prod/20251125_OZ-Chat_Android_App/OZ-Chat_Android_Dev/vector/src/main/java/im/vector/app/features/settings/devtools/GossipingTrailPagedEpoxyController.kt, /home/codenia/Videos/OZ-Chat_Prod_23_Mar_bgNoti_working/OZ-Chat_Prod/20251125_OZ-Chat_Android_App/OZ-Chat_Android_Dev/vector/src/main/java/im/vector/app/features/settings/VectorDataStore.kt, /home/codenia/Videos/OZ-Chat_Prod_23_Mar_bgNoti_working/OZ-Chat_Prod/20251125_OZ-Chat_Android_App/OZ-Chat_Android_Dev/vector/src/main/java/im/vector/app/features/settings/push/PushGatewayViewEvents.kt, /home/codenia/Videos/OZ-Chat_Prod_23_Mar_bgNoti_working/OZ-Chat_Prod/20251125_OZ-Chat_Android_App/OZ-Chat_Android_Dev/vector/src/main/java/im/vector/app/features/settings/push/PushGateWayController.kt, /home/codenia/Videos/OZ-Chat_Prod_23_Mar_bgNoti_working/OZ-Chat_Prod/20251125_OZ-Chat_Android_App/OZ-Chat_Android_Dev/vector/src/main/java/im/vector/app/features/settings/push/PushGatewayItem.kt, /home/codenia/Videos/OZ-Chat_Prod_23_Mar_bgNoti_working/OZ-Chat_Prod/20251125_OZ-Chat_Android_App/OZ-Chat_Android_Dev/vector/src/main/java/im/vector/app/features/settings/push/PushGatewayAction.kt, /home/codenia/Videos/OZ-Chat_Prod_23_Mar_bgNoti_working/OZ-Chat_Prod/20251125_OZ-Chat_Android_App/OZ-Chat_Android_Dev/vector/src/main/java/im/vector/app/features/settings/push/PushRulesController.kt, /home/codenia/Videos/OZ-Chat_Prod_23_Mar_bgNoti_working/OZ-Chat_Prod/20251125_OZ-Chat_Android_App/OZ-Chat_Android_Dev/vector/src/main/java/im/vector/app/features/settings/push/PushRuleItem.kt, /home/codenia/Videos/OZ-Chat_Prod_23_Mar_bgNoti_working/OZ-Chat_Prod/20251125_OZ-Chat_Android_App/OZ-Chat_Android_Dev/vector/src/main/java/im/vector/app/features/settings/push/PushRulesFragment.kt, /home/codenia/Videos/OZ-Chat_Prod_23_Mar_bgNoti_working/OZ-Chat_Prod/20251125_OZ-Chat_Android_App/OZ-Chat_Android_Dev/vector/src/main/java/im/vector/app/features/settings/push/PushRulesViewModel.kt, /home/codenia/Videos/OZ-Chat_Prod_23_Mar_bgNoti_working/OZ-Chat_Prod/20251125_OZ-Chat_Android_App/OZ-Chat_Android_Dev/vector/src/main/java/im/vector/app/features/settings/push/PushGatewaysViewModel.kt, /home/codenia/Videos/OZ-Chat_Prod_23_Mar_bgNoti_working/OZ-Chat_Prod/20251125_OZ-Chat_Android_App/OZ-Chat_Android_Dev/vector/src/main/java/im/vector/app/features/settings/push/PushGatewaysFragment.kt, /home/codenia/Videos/OZ-Chat_Prod_23_Mar_bgNoti_working/OZ-Chat_Prod/20251125_OZ-Chat_Android_App/OZ-Chat_Android_Dev/vector/src/main/java/im/vector/app/features/settings/BackgroundSyncMode.kt, /home/codenia/Videos/OZ-Chat_Prod_23_Mar_bgNoti_working/OZ-Chat_Prod/20251125_OZ-Chat_Android_App/OZ-Chat_Android_Dev/vector/src/main/java/im/vector/app/features/settings/threepids/ThreePidsSettingsUiState.kt, /home/codenia/Videos/OZ-Chat_Prod_23_Mar_bgNoti_working/OZ-Chat_Prod/20251125_OZ-Chat_Android_App/OZ-Chat_Android_Dev/vector/src/main/java/im/vector/app/features/settings/threepids/ThreePidsSettingsAction.kt, /home/codenia/Videos/OZ-Chat_Prod_23_Mar_bgNoti_working/OZ-Chat_Prod/20251125_OZ-Chat_Android_App/OZ-Chat_Android_Dev/vector/src/main/java/im/vector/app/features/settings/threepids/ThreePidsSettingsViewState.kt, /home/codenia/Videos/OZ-Chat_Prod_23_Mar_bgNoti_working/OZ-Chat_Prod/20251125_OZ-Chat_Android_App/OZ-Chat_Android_Dev/vector/src/main/java/im/vector/app/features/settings/threepids/ThreePidsSettingsController.kt, /home/codenia/Videos/OZ-Chat_Prod_23_Mar_bgNoti_working/OZ-Chat_Prod/20251125_OZ-Chat_Android_App/OZ-Chat_Android_Dev/vector/src/main/java/im/vector/app/features/settings/threepids/ThreePidsSettingsViewEvents.kt, /home/codenia/Videos/OZ-Chat_Prod_23_Mar_bgNoti_working/OZ-Chat_Prod/20251125_OZ-Chat_Android_App/OZ-Chat_Android_Dev/vector/src/main/java/im/vector/app/features/settings/threepids/ThreePidsSettingsFragment.kt, /home/codenia/Videos/OZ-Chat_Prod_23_Mar_bgNoti_working/OZ-Chat_Prod/20251125_OZ-Chat_Android_App/OZ-Chat_Android_Dev/vector/src/main/java/im/vector/app/features/settings/threepids/ThreePidItem.kt, /home/codenia/Videos/OZ-Chat_Prod_23_Mar_bgNoti_working/OZ-Chat_Prod/20251125_OZ-Chat_Android_App/OZ-Chat_Android_Dev/vector/src/main/java/im/vector/app/features/settings/threepids/ThreePidsSettingsViewModel.kt, /home/codenia/Videos/OZ-Chat_Prod_23_Mar_bgNoti_working/OZ-Chat_Prod/20251125_OZ-Chat_Android_App/OZ-Chat_Android_Dev/vector/src/main/java/im/vector/app/features/settings/locale/LocaleItem.kt, /home/codenia/Videos/OZ-Chat_Prod_23_Mar_bgNoti_working/OZ-Chat_Prod/20251125_OZ-Chat_Android_App/OZ-Chat_Android_Dev/vector/src/main/java/im/vector/app/features/settings/locale/LocalePickerViewState.kt, /home/codenia/Videos/OZ-Chat_Prod_23_Mar_bgNoti_working/OZ-Chat_Prod/20251125_OZ-Chat_Android_App/OZ-Chat_Android_Dev/vector/src/main/java/im/vector/app/features/settings/locale/SystemLocaleProvider.kt, /home/codenia/Videos/OZ-Chat_Prod_23_Mar_bgNoti_working/OZ-Chat_Prod/20251125_OZ-Chat_Android_App/OZ-Chat_Android_Dev/vector/src/main/java/im/vector/app/features/settings/locale/LocalePickerFragment.kt, /home/codenia/Videos/OZ-Chat_Prod_23_Mar_bgNoti_working/OZ-Chat_Prod/20251125_OZ-Chat_Android_App/OZ-Chat_Android_Dev/vector/src/main/java/im/vector/app/features/settings/locale/LocalePickerAction.kt, /home/codenia/Videos/OZ-Chat_Prod_23_Mar_bgNoti_working/OZ-Chat_Prod/20251125_OZ-Chat_Android_App/OZ-Chat_Android_Dev/vector/src/main/java/im/vector/app/features/settings/locale/LocalePickerController.kt, /home/codenia/Videos/OZ-Chat_Prod_23_Mar_bgNoti_working/OZ-Chat_Prod/20251125_OZ-Chat_Android_App/OZ-Chat_Android_Dev/vector/src/main/java/im/vector/app/features/settings/locale/LocalePickerViewEvents.kt, /home/codenia/Videos/OZ-Chat_Prod_23_Mar_bgNoti_working/OZ-Chat_Prod/20251125_OZ-Chat_Android_App/OZ-Chat_Android_Dev/vector/src/main/java/im/vector/app/features/settings/locale/LocalePickerViewModel.kt, /home/codenia/Videos/OZ-Chat_Prod_23_Mar_bgNoti_working/OZ-Chat_Prod/20251125_OZ-Chat_Android_App/OZ-Chat_Android_Dev/vector/src/main/java/im/vector/app/features/settings/SecretsSynchronisationInfo.kt, /home/codenia/Videos/OZ-Chat_Prod_23_Mar_bgNoti_working/OZ-Chat_Prod/20251125_OZ-Chat_Android_App/OZ-Chat_Android_Dev/vector/src/main/java/im/vector/app/features/settings/VectorSettingsHelpAboutFragment.kt, /home/codenia/Videos/OZ-Chat_Prod_23_Mar_bgNoti_working/OZ-Chat_Prod/20251125_OZ-Chat_Android_App/OZ-Chat_Android_Dev/vector/src/main/java/im/vector/app/features/settings/FontScalePreferences.kt, /home/codenia/Videos/OZ-Chat_Prod_23_Mar_bgNoti_working/OZ-Chat_Prod/20251125_OZ-Chat_Android_App/OZ-Chat_Android_Dev/vector/src/main/java/im/vector/app/features/settings/VectorSettingsUrls.kt, /home/codenia/Videos/OZ-Chat_Prod_23_Mar_bgNoti_working/OZ-Chat_Prod/20251125_OZ-Chat_Android_App/OZ-Chat_Android_Dev/vector/src/main/java/im/vector/app/features/settings/legals/FlavorLegals.kt, /home/codenia/Videos/OZ-Chat_Prod_23_Mar_bgNoti_working/OZ-Chat_Prod/20251125_OZ-Chat_Android_App/OZ-Chat_Android_Dev/vector/src/main/java/im/vector/app/features/settings/legals/ElementLegals.kt, /home/codenia/Videos/OZ-Chat_Prod_23_Mar_bgNoti_working/OZ-Chat_Prod/20251125_OZ-Chat_Android_App/OZ-Chat_Android_Dev/vector/src/main/java/im/vector/app/features/settings/legals/LegalsFragment.kt, /home/codenia/Videos/OZ-Chat_Prod_23_Mar_bgNoti_working/OZ-Chat_Prod/20251125_OZ-Chat_Android_App/OZ-Chat_Android_Dev/vector/src/main/java/im/vector/app/features/settings/legals/LegalsAction.kt, /home/codenia/Videos/OZ-Chat_Prod_23_Mar_bgNoti_working/OZ-Chat_Prod/20251125_OZ-Chat_Android_App/OZ-Chat_Android_Dev/vector/src/main/java/im/vector/app/features/settings/legals/LegalsState.kt, /home/codenia/Videos/OZ-Chat_Prod_23_Mar_bgNoti_working/OZ-Chat_Prod/20251125_OZ-Chat_Android_App/OZ-Chat_Android_Dev/vector/src/main/java/im/vector/app/features/settings/legals/LegalsViewModel.kt, /home/codenia/Videos/OZ-Chat_Prod_23_Mar_bgNoti_working/OZ-Chat_Prod/20251125_OZ-Chat_Android_App/OZ-Chat_Android_Dev/vector/src/main/java/im/vector/app/features/settings/legals/LegalsController.kt, /home/codenia/Videos/OZ-Chat_Prod_23_Mar_bgNoti_working/OZ-Chat_Prod/20251125_OZ-Chat_Android_App/OZ-Chat_Android_Dev/vector/src/main/java/im/vector/app/features/settings/VectorSettingsVoiceVideoFragment.kt, /home/codenia/Videos/OZ-Chat_Prod_23_Mar_bgNoti_working/OZ-Chat_Prod/20251125_OZ-Chat_Android_App/OZ-Chat_Android_Dev/vector/src/main/java/im/vector/app/features/settings/VectorSettingsRootFragment.kt, /home/codenia/Videos/OZ-Chat_Prod_23_Mar_bgNoti_working/OZ-Chat_Prod/20251125_OZ-Chat_Android_App/OZ-Chat_Android_Dev/vector/src/main/java/im/vector/app/features/settings/VectorPreferences.kt, /home/codenia/Videos/OZ-Chat_Prod_23_Mar_bgNoti_working/OZ-Chat_Prod/20251125_OZ-Chat_Android_App/OZ-Chat_Android_Dev/vector/src/main/java/im/vector/app/features/settings/VectorSettingsFragmentInteractionListener.kt, /home/codenia/Videos/OZ-Chat_Prod_23_Mar_bgNoti_working/OZ-Chat_Prod/20251125_OZ-Chat_Android_App/OZ-Chat_Android_Dev/vector/src/main/java/im/vector/app/features/settings/VectorLocale.kt, /home/codenia/Videos/OZ-Chat_Prod_23_Mar_bgNoti_working/OZ-Chat_Prod/20251125_OZ-Chat_Android_App/OZ-Chat_Android_Dev/vector/src/main/java/im/vector/app/features/settings/VectorSettingsPreferencesFragment.kt, /home/codenia/Videos/OZ-Chat_Prod_23_Mar_bgNoti_working/OZ-Chat_Prod/20251125_OZ-Chat_Android_App/OZ-Chat_Android_Dev/vector/src/main/java/im/vector/app/features/settings/crosssigning/CrossSigningSettingsAction.kt, /home/codenia/Videos/OZ-Chat_Prod_23_Mar_bgNoti_working/OZ-Chat_Prod/20251125_OZ-Chat_Android_App/OZ-Chat_Android_Dev/vector/src/main/java/im/vector/app/features/settings/crosssigning/CrossSigningSettingsFragment.kt, /home/codenia/Videos/OZ-Chat_Prod_23_Mar_bgNoti_working/OZ-Chat_Prod/20251125_OZ-Chat_Android_App/OZ-Chat_Android_Dev/vector/src/main/java/im/vector/app/features/settings/crosssigning/CrossSigningSettingsViewState.kt, /home/codenia/Videos/OZ-Chat_Prod_23_Mar_bgNoti_working/OZ-Chat_Prod/20251125_OZ-Chat_Android_App/OZ-Chat_Android_Dev/vector/src/main/java/im/vector/app/features/settings/crosssigning/CrossSigningSettingsViewEvents.kt, /home/codenia/Videos/OZ-Chat_Prod_23_Mar_bgNoti_working/OZ-Chat_Prod/20251125_OZ-Chat_Android_App/OZ-Chat_Android_Dev/vector/src/main/java/im/vector/app/features/settings/crosssigning/CrossSigningSettingsController.kt, /home/codenia/Videos/OZ-Chat_Prod_23_Mar_bgNoti_working/OZ-Chat_Prod/20251125_OZ-Chat_Android_App/OZ-Chat_Android_Dev/vector/src/main/java/im/vector/app/features/settings/crosssigning/CrossSigningSettingsViewModel.kt, /home/codenia/Videos/OZ-Chat_Prod_23_Mar_bgNoti_working/OZ-Chat_Prod/20251125_OZ-Chat_Android_App/OZ-Chat_Android_Dev/vector/src/main/java/im/vector/app/features/settings/VectorSettingsPinFragment.kt, /home/codenia/Videos/OZ-Chat_Prod_23_Mar_bgNoti_working/OZ-Chat_Prod/20251125_OZ-Chat_Android_App/OZ-Chat_Android_Dev/vector/src/main/java/im/vector/app/features/command/CommandParser.kt, /home/codenia/Videos/OZ-Chat_Prod_23_Mar_bgNoti_working/OZ-Chat_Prod/20251125_OZ-Chat_Android_App/OZ-Chat_Android_Dev/vector/src/main/java/im/vector/app/features/command/Command.kt, /home/codenia/Videos/OZ-Chat_Prod_23_Mar_bgNoti_working/OZ-Chat_Prod/20251125_OZ-Chat_Android_App/OZ-Chat_Android_Dev/vector/src/main/java/im/vector/app/features/command/ParsedCommand.kt, /home/codenia/Videos/OZ-Chat_Prod_23_Mar_bgNoti_working/OZ-Chat_Prod/20251125_OZ-Chat_Android_App/OZ-Chat_Android_Dev/vector/src/main/java/im/vector/app/features/usercode/ShowUserCodeFragment.kt, /home/codenia/Videos/OZ-Chat_Prod_23_Mar_bgNoti_working/OZ-Chat_Prod/20251125_OZ-Chat_Android_App/OZ-Chat_Android_Dev/vector/src/main/java/im/vector/app/features/usercode/UserCodeSharedViewModel.kt, /home/codenia/Videos/OZ-Chat_Prod_23_Mar_bgNoti_working/OZ-Chat_Prod/20251125_OZ-Chat_Android_App/OZ-Chat_Android_Dev/vector/src/main/java/im/vector/app/features/usercode/UserCodeActions.kt, /home/codenia/Videos/OZ-Chat_Prod_23_Mar_bgNoti_working/OZ-Chat_Prod/20251125_OZ-Chat_Android_App/OZ-Chat_Android_Dev/vector/src/main/java/im/vector/app/features/usercode/UserCodeShareViewEvents.kt, /home/codenia/Videos/OZ-Chat_Prod_23_Mar_bgNoti_working/OZ-Chat_Prod/20251125_OZ-Chat_Android_App/OZ-Chat_Android_Dev/vector/src/main/java/im/vector/app/features/usercode/QRCodeBitmapDecodeHelper.kt, /home/codenia/Videos/OZ-Chat_Prod_23_Mar_bgNoti_working/OZ-Chat_Prod/20251125_OZ-Chat_Android_App/OZ-Chat_Android_Dev/vector/src/main/java/im/vector/app/features/usercode/UserCodeState.kt, /home/codenia/Videos/OZ-Chat_Prod_23_Mar_bgNoti_working/OZ-Chat_Prod/20251125_OZ-Chat_Android_App/OZ-Chat_Android_Dev/vector/src/main/java/im/vector/app/features/usercode/UserCodeActivity.kt, /home/codenia/Videos/OZ-Chat_Prod_23_Mar_bgNoti_working/OZ-Chat_Prod/20251125_OZ-Chat_Android_App/OZ-Chat_Android_Dev/vector/src/main/java/im/vector/app/features/navigation/Navigator.kt, /home/codenia/Videos/OZ-Chat_Prod_23_Mar_bgNoti_working/OZ-Chat_Prod/20251125_OZ-Chat_Android_App/OZ-Chat_Android_Dev/vector/src/main/java/im/vector/app/features/navigation/SettingsActivityPayload.kt, /home/codenia/Videos/OZ-Chat_Prod_23_Mar_bgNoti_working/OZ-Chat_Prod/20251125_OZ-Chat_Android_App/OZ-Chat_Android_Dev/vector/src/main/java/im/vector/app/features/navigation/DefaultNavigator.kt, /home/codenia/Videos/OZ-Chat_Prod_23_Mar_bgNoti_working/OZ-Chat_Prod/20251125_OZ-Chat_Android_App/OZ-Chat_Android_Dev/vector/src/main/java/im/vector/app/features/displayname/VectorMatrixItemDisplayNameFallbackProvider.kt, /home/codenia/Videos/OZ-Chat_Prod_23_Mar_bgNoti_working/OZ-Chat_Prod/20251125_OZ-Chat_Android_App/OZ-Chat_Android_Dev/vector/src/main/java/im/vector/app/features/displayname/Extension.kt, /home/codenia/Videos/OZ-Chat_Prod_23_Mar_bgNoti_working/OZ-Chat_Prod/20251125_OZ-Chat_Android_App/OZ-Chat_Android_Dev/vector/src/main/java/im/vector/app/features/share/IncomingShareAction.kt, /home/codenia/Videos/OZ-Chat_Prod_23_Mar_bgNoti_working/OZ-Chat_Prod/20251125_OZ-Chat_Android_App/OZ-Chat_Android_Dev/vector/src/main/java/im/vector/app/features/share/IncomingShareViewState.kt, /home/codenia/Videos/OZ-Chat_Prod_23_Mar_bgNoti_working/OZ-Chat_Prod/20251125_OZ-Chat_Android_App/OZ-Chat_Android_Dev/vector/src/main/java/im/vector/app/features/share/IncomingShareViewModel.kt, /home/codenia/Videos/OZ-Chat_Prod_23_Mar_bgNoti_working/OZ-Chat_Prod/20251125_OZ-Chat_Android_App/OZ-Chat_Android_Dev/vector/src/main/java/im/vector/app/features/share/IncomingShareViewEvents.kt, /home/codenia/Videos/OZ-Chat_Prod_23_Mar_bgNoti_working/OZ-Chat_Prod/20251125_OZ-Chat_Android_App/OZ-Chat_Android_Dev/vector/src/main/java/im/vector/app/features/share/IncomingShareFragment.kt, /home/codenia/Videos/OZ-Chat_Prod_23_Mar_bgNoti_working/OZ-Chat_Prod/20251125_OZ-Chat_Android_App/OZ-Chat_Android_Dev/vector/src/main/java/im/vector/app/features/share/SharedData.kt, /home/codenia/Videos/OZ-Chat_Prod_23_Mar_bgNoti_working/OZ-Chat_Prod/20251125_OZ-Chat_Android_App/OZ-Chat_Android_Dev/vector/src/main/java/im/vector/app/features/share/IncomingShareActivity.kt, /home/codenia/Videos/OZ-Chat_Prod_23_Mar_bgNoti_working/OZ-Chat_Prod/20251125_OZ-Chat_Android_App/OZ-Chat_Android_Dev/vector/src/main/java/im/vector/app/features/share/IncomingShareController.kt, /home/codenia/Videos/OZ-Chat_Prod_23_Mar_bgNoti_working/OZ-Chat_Prod/20251125_OZ-Chat_Android_App/OZ-Chat_Android_Dev/vector/src/main/java/im/vector/app/features/qrcode/QrCodeScannerViewModel.kt, /home/codenia/Videos/OZ-Chat_Prod_23_Mar_bgNoti_working/OZ-Chat_Prod/20251125_OZ-Chat_Android_App/OZ-Chat_Android_Dev/vector/src/main/java/im/vector/app/features/qrcode/QrCodeScannerAction.kt, /home/codenia/Videos/OZ-Chat_Prod_23_Mar_bgNoti_working/OZ-Chat_Prod/20251125_OZ-Chat_Android_App/OZ-Chat_Android_Dev/vector/src/main/java/im/vector/app/features/qrcode/QrCodeScannerFragment.kt, /home/codenia/Videos/OZ-Chat_Prod_23_Mar_bgNoti_working/OZ-Chat_Prod/20251125_OZ-Chat_Android_App/OZ-Chat_Android_Dev/vector/src/main/java/im/vector/app/features/qrcode/QrCodeScannerActivity.kt, /home/codenia/Videos/OZ-Chat_Prod_23_Mar_bgNoti_working/OZ-Chat_Prod/20251125_OZ-Chat_Android_App/OZ-Chat_Android_Dev/vector/src/main/java/im/vector/app/features/qrcode/QrCodeScannerEvents.kt, /home/codenia/Videos/OZ-Chat_Prod_23_Mar_bgNoti_working/OZ-Chat_Prod/20251125_OZ-Chat_Android_App/OZ-Chat_Android_Dev/vector/src/main/java/im/vector/app/features/invite/InviteUsersToRoomAction.kt, /home/codenia/Videos/OZ-Chat_Prod_23_Mar_bgNoti_working/OZ-Chat_Prod/20251125_OZ-Chat_Android_App/OZ-Chat_Android_Dev/vector/src/main/java/im/vector/app/features/invite/VectorInviteView.kt, /home/codenia/Videos/OZ-Chat_Prod_23_Mar_bgNoti_working/OZ-Chat_Prod/20251125_OZ-Chat_Android_App/OZ-Chat_Android_Dev/vector/src/main/java/im/vector/app/features/invite/InviteUsersToRoomViewEvents.kt, /home/codenia/Videos/OZ-Chat_Prod_23_Mar_bgNoti_working/OZ-Chat_Prod/20251125_OZ-Chat_Android_App/OZ-Chat_Android_Dev/vector/src/main/java/im/vector/app/features/invite/InviteButtonStateBinder.kt, /home/codenia/Videos/OZ-Chat_Prod_23_Mar_bgNoti_working/OZ-Chat_Prod/20251125_OZ-Chat_Android_App/OZ-Chat_Android_Dev/vector/src/main/java/im/vector/app/features/invite/InviteUsersToRoomViewState.kt, /home/codenia/Videos/OZ-Chat_Prod_23_Mar_bgNoti_working/OZ-Chat_Prod/20251125_OZ-Chat_Android_App/OZ-Chat_Android_Dev/vector/src/main/java/im/vector/app/features/invite/InviteFriendsBottomSheet.kt, /home/codenia/Videos/OZ-Chat_Prod_23_Mar_bgNoti_working/OZ-Chat_Prod/20251125_OZ-Chat_Android_App/OZ-Chat_Android_Dev/vector/src/main/java/im/vector/app/features/invite/InvitesAcceptor.kt, /home/codenia/Videos/OZ-Chat_Prod_23_Mar_bgNoti_working/OZ-Chat_Prod/20251125_OZ-Chat_Android_App/OZ-Chat_Android_Dev/vector/src/main/java/im/vector/app/features/invite/AutoAcceptInvites.kt, /home/codenia/Videos/OZ-Chat_Prod_23_Mar_bgNoti_working/OZ-Chat_Prod/20251125_OZ-Chat_Android_App/OZ-Chat_Android_Dev/vector/src/main/java/im/vector/app/features/invite/InviteUsersToRoomActivity.kt, /home/codenia/Videos/OZ-Chat_Prod_23_Mar_bgNoti_working/OZ-Chat_Prod/20251125_OZ-Chat_Android_App/OZ-Chat_Android_Dev/vector/src/main/java/im/vector/app/features/invite/InviteUsersToRoomViewModel.kt, /home/codenia/Videos/OZ-Chat_Prod_23_Mar_bgNoti_working/OZ-Chat_Prod/20251125_OZ-Chat_Android_App/OZ-Chat_Android_Dev/vector/src/main/java/im/vector/app/features/spaces/SubSpaceSummaryItem.kt, /home/codenia/Videos/OZ-Chat_Prod_23_Mar_bgNoti_working/OZ-Chat_Prod/20251125_OZ-Chat_Android_App/OZ-Chat_Android_Dev/vector/src/main/java/im/vector/app/features/spaces/SpaceListViewState.kt, /home/codenia/Videos/OZ-Chat_Prod_23_Mar_bgNoti_working/OZ-Chat_Prod/20251125_OZ-Chat_Android_App/OZ-Chat_Android_Dev/vector/src/main/java/im/vector/app/features/spaces/InviteRoomSpaceChooserBottomSheet.kt, /home/codenia/Videos/OZ-Chat_Prod_23_Mar_bgNoti_working/OZ-Chat_Prod/20251125_OZ-Chat_Android_App/OZ-Chat_Android_Dev/vector/src/main/java/im/vector/app/features/spaces/people/SpacePeopleViewState.kt, /home/codenia/Videos/OZ-Chat_Prod_23_Mar_bgNoti_working/OZ-Chat_Prod/20251125_OZ-Chat_Android_App/OZ-Chat_Android_Dev/vector/src/main/java/im/vector/app/features/spaces/people/SpacePeopleSharedAction.kt, /home/codenia/Videos/OZ-Chat_Prod_23_Mar_bgNoti_working/OZ-Chat_Prod/20251125_OZ-Chat_Android_App/OZ-Chat_Android_Dev/vector/src/main/java/im/vector/app/features/spaces/people/SpacePeopleViewModel.kt, /home/codenia/Videos/OZ-Chat_Prod_23_Mar_bgNoti_working/OZ-Chat_Prod/20251125_OZ-Chat_Android_App/OZ-Chat_Android_Dev/vector/src/main/java/im/vector/app/features/spaces/people/SpacePeopleViewEvents.kt, /home/codenia/Videos/OZ-Chat_Prod_23_Mar_bgNoti_working/OZ-Chat_Prod/20251125_OZ-Chat_Android_App/OZ-Chat_Android_Dev/vector/src/main/java/im/vector/app/features/spaces/people/SpacePeopleSharedActionViewModel.kt, /home/codenia/Videos/OZ-Chat_Prod_23_Mar_bgNoti_working/OZ-Chat_Prod/20251125_OZ-Chat_Android_App/OZ-Chat_Android_Dev/vector/src/main/java/im/vector/app/features/spaces/people/SpacePeopleViewAction.kt, /home/codenia/Videos/OZ-Chat_Prod_23_Mar_bgNoti_working/OZ-Chat_Prod/20251125_OZ-Chat_Android_App/OZ-Chat_Android_Dev/vector/src/main/java/im/vector/app/features/spaces/people/SpacePeopleActivity.kt, /home/codenia/Videos/OZ-Chat_Prod_23_Mar_bgNoti_working/OZ-Chat_Prod/20251125_OZ-Chat_Android_App/OZ-Chat_Android_Dev/vector/src/main/java/im/vector/app/features/spaces/people/SpacePeopleListController.kt, /home/codenia/Videos/OZ-Chat_Prod_23_Mar_bgNoti_working/OZ-Chat_Prod/20251125_OZ-Chat_Android_App/OZ-Chat_Android_Dev/vector/src/main/java/im/vector/app/features/spaces/people/SpacePeopleFragment.kt, /home/codenia/Videos/OZ-Chat_Prod_23_Mar_bgNoti_working/OZ-Chat_Prod/20251125_OZ-Chat_Android_App/OZ-Chat_Android_Dev/vector/src/main/java/im/vector/app/features/spaces/SpaceExploreActivity.kt, /home/codenia/Videos/OZ-Chat_Prod_23_Mar_bgNoti_working/OZ-Chat_Prod/20251125_OZ-Chat_Android_App/OZ-Chat_Android_Dev/vector/src/main/java/im/vector/app/features/spaces/SpaceMenuViewModel.kt, /home/codenia/Videos/OZ-Chat_Prod_23_Mar_bgNoti_working/OZ-Chat_Prod/20251125_OZ-Chat_Android_App/OZ-Chat_Android_Dev/vector/src/main/java/im/vector/app/features/spaces/SpaceSummaryItem.kt, /home/codenia/Videos/OZ-Chat_Prod_23_Mar_bgNoti_working/OZ-Chat_Prod/20251125_OZ-Chat_Android_App/OZ-Chat_Android_Dev/vector/src/main/java/im/vector/app/features/spaces/share/ShareSpaceViewState.kt, /home/codenia/Videos/OZ-Chat_Prod_23_Mar_bgNoti_working/OZ-Chat_Prod/20251125_OZ-Chat_Android_App/OZ-Chat_Android_Dev/vector/src/main/java/im/vector/app/features/spaces/share/ShareSpaceViewModel.kt, /home/codenia/Videos/OZ-Chat_Prod_23_Mar_bgNoti_working/OZ-Chat_Prod/20251125_OZ-Chat_Android_App/OZ-Chat_Android_Dev/vector/src/main/java/im/vector/app/features/spaces/share/ShareSpaceBottomSheet.kt, /home/codenia/Videos/OZ-Chat_Prod_23_Mar_bgNoti_working/OZ-Chat_Prod/20251125_OZ-Chat_Android_App/OZ-Chat_Android_Dev/vector/src/main/java/im/vector/app/features/spaces/share/ShareSpaceViewEvents.kt, /home/codenia/Videos/OZ-Chat_Prod_23_Mar_bgNoti_working/OZ-Chat_Prod/20251125_OZ-Chat_Android_App/OZ-Chat_Android_Dev/vector/src/main/java/im/vector/app/features/spaces/share/ShareSpaceAction.kt, /home/codenia/Videos/OZ-Chat_Prod_23_Mar_bgNoti_working/OZ-Chat_Prod/20251125_OZ-Chat_Android_App/OZ-Chat_Android_Dev/vector/src/main/java/im/vector/app/features/spaces/SpaceSettingsMenuBottomSheet.kt, /home/codenia/Videos/OZ-Chat_Prod_23_Mar_bgNoti_working/OZ-Chat_Prod/20251125_OZ-Chat_Android_App/OZ-Chat_Android_Dev/vector/src/main/java/im/vector/app/features/spaces/SpaceListViewEvents.kt, /home/codenia/Videos/OZ-Chat_Prod_23_Mar_bgNoti_working/OZ-Chat_Prod/20251125_OZ-Chat_Android_App/OZ-Chat_Android_Dev/vector/src/main/java/im/vector/app/features/spaces/invite/SpaceInviteBottomSheetState.kt, /home/codenia/Videos/OZ-Chat_Prod_23_Mar_bgNoti_working/OZ-Chat_Prod/20251125_OZ-Chat_Android_App/OZ-Chat_Android_Dev/vector/src/main/java/im/vector/app/features/spaces/invite/SpaceInviteBottomSheet.kt, /home/codenia/Videos/OZ-Chat_Prod_23_Mar_bgNoti_working/OZ-Chat_Prod/20251125_OZ-Chat_Android_App/OZ-Chat_Android_Dev/vector/src/main/java/im/vector/app/features/spaces/invite/SpaceInviteBottomSheetEvents.kt, /home/codenia/Videos/OZ-Chat_Prod_23_Mar_bgNoti_working/OZ-Chat_Prod/20251125_OZ-Chat_Android_App/OZ-Chat_Android_Dev/vector/src/main/java/im/vector/app/features/spaces/invite/SpaceInviteBottomSheetViewModel.kt, /home/codenia/Videos/OZ-Chat_Prod_23_Mar_bgNoti_working/OZ-Chat_Prod/20251125_OZ-Chat_Android_App/OZ-Chat_Android_Dev/vector/src/main/java/im/vector/app/features/spaces/invite/SpaceInviteBottomSheetAction.kt, /home/codenia/Videos/OZ-Chat_Prod_23_Mar_bgNoti_working/OZ-Chat_Prod/20251125_OZ-Chat_Android_App/OZ-Chat_Android_Dev/vector/src/main/java/im/vector/app/features/spaces/SpaceSummaryController.kt, /home/codenia/Videos/OZ-Chat_Prod_23_Mar_bgNoti_working/OZ-Chat_Prod/20251125_OZ-Chat_Android_App/OZ-Chat_Android_Dev/vector/src/main/java/im/vector/app/features/spaces/preview/SpacePreviewViewEvents.kt, /home/codenia/Videos/OZ-Chat_Prod_23_Mar_bgNoti_working/OZ-Chat_Prod/20251125_OZ-Chat_Android_App/OZ-Chat_Android_Dev/vector/src/main/java/im/vector/app/features/spaces/preview/SubSpaceItem.kt, /home/codenia/Videos/OZ-Chat_Prod_23_Mar_bgNoti_working/OZ-Chat_Prod/20251125_OZ-Chat_Android_App/OZ-Chat_Android_Dev/vector/src/main/java/im/vector/app/features/spaces/preview/SpacePreviewViewModel.kt, /home/codenia/Videos/OZ-Chat_Prod_23_Mar_bgNoti_working/OZ-Chat_Prod/20251125_OZ-Chat_Android_App/OZ-Chat_Android_Dev/vector/src/main/java/im/vector/app/features/spaces/preview/SpacePreviewViewAction.kt, /home/codenia/Videos/OZ-Chat_Prod_23_Mar_bgNoti_working/OZ-Chat_Prod/20251125_OZ-Chat_Android_App/OZ-Chat_Android_Dev/vector/src/main/java/im/vector/app/features/spaces/preview/SpacePreviewFragment.kt, /home/codenia/Videos/OZ-Chat_Prod_23_Mar_bgNoti_working/OZ-Chat_Prod/20251125_OZ-Chat_Android_App/OZ-Chat_Android_Dev/vector/src/main/java/im/vector/app/features/spaces/preview/SpacePreviewState.kt, /home/codenia/Videos/OZ-Chat_Prod_23_Mar_bgNoti_working/OZ-Chat_Prod/20251125_OZ-Chat_Android_App/OZ-Chat_Android_Dev/vector/src/main/java/im/vector/app/features/spaces/preview/SpacePreviewController.kt, /home/codenia/Videos/OZ-Chat_Prod_23_Mar_bgNoti_working/OZ-Chat_Prod/20251125_OZ-Chat_Android_App/OZ-Chat_Android_Dev/vector/src/main/java/im/vector/app/features/spaces/preview/RoomChildItem.kt, /home/codenia/Videos/OZ-Chat_Prod_23_Mar_bgNoti_working/OZ-Chat_Prod/20251125_OZ-Chat_Android_App/OZ-Chat_Android_Dev/vector/src/main/java/im/vector/app/features/spaces/preview/SpaceTopSummaryItem.kt, /home/codenia/Videos/OZ-Chat_Prod_23_Mar_bgNoti_working/OZ-Chat_Prod/20251125_OZ-Chat_Android_App/OZ-Chat_Android_Dev/vector/src/main/java/im/vector/app/features/spaces/preview/SpaceTabView.kt, /home/codenia/Videos/OZ-Chat_Prod_23_Mar_bgNoti_working/OZ-Chat_Prod/20251125_OZ-Chat_Android_App/OZ-Chat_Android_Dev/vector/src/main/java/im/vector/app/features/spaces/SpaceMenuState.kt, /home/codenia/Videos/OZ-Chat_Prod_23_Mar_bgNoti_working/OZ-Chat_Prod/20251125_OZ-Chat_Android_App/OZ-Chat_Android_Dev/vector/src/main/java/im/vector/app/features/spaces/SpacePreviewSharedAction.kt, /home/codenia/Videos/OZ-Chat_Prod_23_Mar_bgNoti_working/OZ-Chat_Prod/20251125_OZ-Chat_Android_App/OZ-Chat_Android_Dev/vector/src/main/java/im/vector/app/features/spaces/SpaceListFragment.kt, /home/codenia/Videos/OZ-Chat_Prod_23_Mar_bgNoti_working/OZ-Chat_Prod/20251125_OZ-Chat_Android_App/OZ-Chat_Android_Dev/vector/src/main/java/im/vector/app/features/spaces/SpaceCreationActivity.kt, /home/codenia/Videos/OZ-Chat_Prod_23_Mar_bgNoti_working/OZ-Chat_Prod/20251125_OZ-Chat_Android_App/OZ-Chat_Android_Dev/vector/src/main/java/im/vector/app/features/spaces/SpaceInviteItem.kt, /home/codenia/Videos/OZ-Chat_Prod_23_Mar_bgNoti_working/OZ-Chat_Prod/20251125_OZ-Chat_Android_App/OZ-Chat_Android_Dev/vector/src/main/java/im/vector/app/features/spaces/SpacePreviewSharedActionViewModel.kt, /home/codenia/Videos/OZ-Chat_Prod_23_Mar_bgNoti_working/OZ-Chat_Prod/20251125_OZ-Chat_Android_App/OZ-Chat_Android_Dev/vector/src/main/java/im/vector/app/features/spaces/notification/GetNotificationCountForSpacesUseCase.kt, /home/codenia/Videos/OZ-Chat_Prod_23_Mar_bgNoti_working/OZ-Chat_Prod/20251125_OZ-Chat_Android_App/OZ-Chat_Android_Dev/vector/src/main/java/im/vector/app/features/spaces/leave/SpaceLeaveAdvanceViewState.kt, /home/codenia/Videos/OZ-Chat_Prod_23_Mar_bgNoti_working/OZ-Chat_Prod/20251125_OZ-Chat_Android_App/OZ-Chat_Android_Dev/vector/src/main/java/im/vector/app/features/spaces/leave/SpaceLeaveAdvanceViewAction.kt, /home/codenia/Videos/OZ-Chat_Prod_23_Mar_bgNoti_working/OZ-Chat_Prod/20251125_OZ-Chat_Android_App/OZ-Chat_Android_Dev/vector/src/main/java/im/vector/app/features/spaces/leave/SpaceLeaveAdvancedViewModel.kt, /home/codenia/Videos/OZ-Chat_Prod_23_Mar_bgNoti_working/OZ-Chat_Prod/20251125_OZ-Chat_Android_App/OZ-Chat_Android_Dev/vector/src/main/java/im/vector/app/features/spaces/leave/SpaceLeaveAdvancedActivity.kt, /home/codenia/Videos/OZ-Chat_Prod_23_Mar_bgNoti_working/OZ-Chat_Prod/20251125_OZ-Chat_Android_App/OZ-Chat_Android_Dev/vector/src/main/java/im/vector/app/features/spaces/leave/SelectChildrenController.kt, /home/codenia/Videos/OZ-Chat_Prod_23_Mar_bgNoti_working/OZ-Chat_Prod/20251125_OZ-Chat_Android_App/OZ-Chat_Android_Dev/vector/src/main/java/im/vector/app/features/spaces/leave/SpaceLeaveAdvancedFragment.kt, /home/codenia/Videos/OZ-Chat_Prod_23_Mar_bgNoti_working/OZ-Chat_Prod/20251125_OZ-Chat_Android_App/OZ-Chat_Android_Dev/vector/src/main/java/im/vector/app/features/spaces/GetSpacesUseCase.kt, /home/codenia/Videos/OZ-Chat_Prod_23_Mar_bgNoti_working/OZ-Chat_Prod/20251125_OZ-Chat_Android_App/OZ-Chat_Android_Dev/vector/src/main/java/im/vector/app/features/spaces/create/CreateSpaceEvents.kt, /home/codenia/Videos/OZ-Chat_Prod_23_Mar_bgNoti_working/OZ-Chat_Prod/20251125_OZ-Chat_Android_App/OZ-Chat_Android_Dev/vector/src/main/java/im/vector/app/features/spaces/create/CreateSpaceDetailsFragment.kt, /home/codenia/Videos/OZ-Chat_Prod_23_Mar_bgNoti_working/OZ-Chat_Prod/20251125_OZ-Chat_Android_App/OZ-Chat_Android_Dev/vector/src/main/java/im/vector/app/features/spaces/create/ChooseSpaceTypeFragment.kt, /home/codenia/Videos/OZ-Chat_Prod_23_Mar_bgNoti_working/OZ-Chat_Prod/20251125_OZ-Chat_Android_App/OZ-Chat_Android_Dev/vector/src/main/java/im/vector/app/features/spaces/create/CreateSpaceViewModelTask.kt, /home/codenia/Videos/OZ-Chat_Prod_23_Mar_bgNoti_working/OZ-Chat_Prod/20251125_OZ-Chat_Android_App/OZ-Chat_Android_Dev/vector/src/main/java/im/vector/app/features/spaces/create/WizardButtonView.kt, /home/codenia/Videos/OZ-Chat_Prod_23_Mar_bgNoti_working/OZ-Chat_Prod/20251125_OZ-Chat_Android_App/OZ-Chat_Android_Dev/vector/src/main/java/im/vector/app/features/spaces/create/CreateSpaceAction.kt, /home/codenia/Videos/OZ-Chat_Prod_23_Mar_bgNoti_working/OZ-Chat_Prod/20251125_OZ-Chat_Android_App/OZ-Chat_Android_Dev/vector/src/main/java/im/vector/app/features/spaces/create/SpaceTopology.kt, /home/codenia/Videos/OZ-Chat_Prod_23_Mar_bgNoti_working/OZ-Chat_Prod/20251125_OZ-Chat_Android_App/OZ-Chat_Android_Dev/vector/src/main/java/im/vector/app/features/spaces/create/SpaceAdd3pidEpoxyController.kt, /home/codenia/Videos/OZ-Chat_Prod_23_Mar_bgNoti_working/OZ-Chat_Prod/20251125_OZ-Chat_Android_App/OZ-Chat_Android_Dev/vector/src/main/java/im/vector/app/features/spaces/create/SpaceDetailEpoxyController.kt, /home/codenia/Videos/OZ-Chat_Prod_23_Mar_bgNoti_working/OZ-Chat_Prod/20251125_OZ-Chat_Android_App/OZ-Chat_Android_Dev/vector/src/main/java/im/vector/app/features/spaces/create/SpaceDefaultRoomEpoxyController.kt, /home/codenia/Videos/OZ-Chat_Prod_23_Mar_bgNoti_working/OZ-Chat_Prod/20251125_OZ-Chat_Android_App/OZ-Chat_Android_Dev/vector/src/main/java/im/vector/app/features/spaces/create/ChoosePrivateSpaceTypeFragment.kt, /home/codenia/Videos/OZ-Chat_Prod_23_Mar_bgNoti_working/OZ-Chat_Prod/20251125_OZ-Chat_Android_App/OZ-Chat_Android_Dev/vector/src/main/java/im/vector/app/features/spaces/create/CreateSpaceAdd3pidInvitesFragment.kt, /home/codenia/Videos/OZ-Chat_Prod_23_Mar_bgNoti_working/OZ-Chat_Prod/20251125_OZ-Chat_Android_App/OZ-Chat_Android_Dev/vector/src/main/java/im/vector/app/features/spaces/create/SpaceType.kt, /home/codenia/Videos/OZ-Chat_Prod_23_Mar_bgNoti_working/OZ-Chat_Prod/20251125_OZ-Chat_Android_App/OZ-Chat_Android_Dev/vector/src/main/java/im/vector/app/features/spaces/create/CreateSpaceDefaultRoomsFragment.kt, /home/codenia/Videos/OZ-Chat_Prod_23_Mar_bgNoti_working/OZ-Chat_Prod/20251125_OZ-Chat_Android_App/OZ-Chat_Android_Dev/vector/src/main/java/im/vector/app/features/spaces/create/CreateSpaceViewModel.kt, /home/codenia/Videos/OZ-Chat_Prod_23_Mar_bgNoti_working/OZ-Chat_Prod/20251125_OZ-Chat_Android_App/OZ-Chat_Android_Dev/vector/src/main/java/im/vector/app/features/spaces/create/CreateSpaceState.kt, /home/codenia/Videos/OZ-Chat_Prod_23_Mar_bgNoti_working/OZ-Chat_Prod/20251125_OZ-Chat_Android_App/OZ-Chat_Android_Dev/vector/src/main/java/im/vector/app/features/spaces/NewSubSpaceSummaryItem.kt, /home/codenia/Videos/OZ-Chat_Prod_23_Mar_bgNoti_working/OZ-Chat_Prod/20251125_OZ-Chat_Android_App/OZ-Chat_Android_Dev/vector/src/main/java/im/vector/app/features/spaces/SpaceBetaHeaderItem.kt, /home/codenia/Videos/OZ-Chat_Prod_23_Mar_bgNoti_working/OZ-Chat_Prod/20251125_OZ-Chat_Android_App/OZ-Chat_Android_Dev/vector/src/main/java/im/vector/app/features/spaces/NewSpaceSummaryController.kt, /home/codenia/Videos/OZ-Chat_Prod_23_Mar_bgNoti_working/OZ-Chat_Prod/20251125_OZ-Chat_Android_App/OZ-Chat_Android_Dev/vector/src/main/java/im/vector/app/features/spaces/manage/SpaceManageSharedViewModel.kt, /home/codenia/Videos/OZ-Chat_Prod_23_Mar_bgNoti_working/OZ-Chat_Prod/20251125_OZ-Chat_Android_App/OZ-Chat_Android_Dev/vector/src/main/java/im/vector/app/features/spaces/manage/SpaceAddRoomActions.kt, /home/codenia/Videos/OZ-Chat_Prod_23_Mar_bgNoti_working/OZ-Chat_Prod/20251125_OZ-Chat_Android_App/OZ-Chat_Android_Dev/vector/src/main/java/im/vector/app/features/spaces/manage/SpaceManagedSharedAction.kt, /home/codenia/Videos/OZ-Chat_Prod_23_Mar_bgNoti_working/OZ-Chat_Prod/20251125_OZ-Chat_Android_App/OZ-Chat_Android_Dev/vector/src/main/java/im/vector/app/features/spaces/manage/RoomSelectionItem.kt, /home/codenia/Videos/OZ-Chat_Prod_23_Mar_bgNoti_working/OZ-Chat_Prod/20251125_OZ-Chat_Android_App/OZ-Chat_Android_Dev/vector/src/main/java/im/vector/app/features/spaces/manage/SpaceSettingsFragment.kt, /home/codenia/Videos/OZ-Chat_Prod_23_Mar_bgNoti_working/OZ-Chat_Prod/20251125_OZ-Chat_Android_App/OZ-Chat_Android_Dev/vector/src/main/java/im/vector/app/features/spaces/manage/RoomManageSelectionItem.kt, /home/codenia/Videos/OZ-Chat_Prod_23_Mar_bgNoti_working/OZ-Chat_Prod/20251125_OZ-Chat_Android_App/OZ-Chat_Android_Dev/vector/src/main/java/im/vector/app/features/spaces/manage/SpaceManagedSharedViewEvents.kt, /home/codenia/Videos/OZ-Chat_Prod_23_Mar_bgNoti_working/OZ-Chat_Prod/20251125_OZ-Chat_Android_App/OZ-Chat_Android_Dev/vector/src/main/java/im/vector/app/features/spaces/manage/SpaceManageViewState.kt, /home/codenia/Videos/OZ-Chat_Prod_23_Mar_bgNoti_working/OZ-Chat_Prod/20251125_OZ-Chat_Android_App/OZ-Chat_Android_Dev/vector/src/main/java/im/vector/app/features/spaces/manage/SpaceAddRoomsViewEvents.kt, /home/codenia/Videos/OZ-Chat_Prod_23_Mar_bgNoti_working/OZ-Chat_Prod/20251125_OZ-Chat_Android_App/OZ-Chat_Android_Dev/vector/src/main/java/im/vector/app/features/spaces/manage/SpaceManageActivity.kt, /home/codenia/Videos/OZ-Chat_Prod_23_Mar_bgNoti_working/OZ-Chat_Prod/20251125_OZ-Chat_Android_App/OZ-Chat_Android_Dev/vector/src/main/java/im/vector/app/features/spaces/manage/SpaceManageRoomsController.kt, /home/codenia/Videos/OZ-Chat_Prod_23_Mar_bgNoti_working/OZ-Chat_Prod/20251125_OZ-Chat_Android_App/OZ-Chat_Android_Dev/vector/src/main/java/im/vector/app/features/spaces/manage/SpaceAddRoomsViewModel.kt, /home/codenia/Videos/OZ-Chat_Prod_23_Mar_bgNoti_working/OZ-Chat_Prod/20251125_OZ-Chat_Android_App/OZ-Chat_Android_Dev/vector/src/main/java/im/vector/app/features/spaces/manage/SpaceManageRoomViewAction.kt, /home/codenia/Videos/OZ-Chat_Prod_23_Mar_bgNoti_working/OZ-Chat_Prod/20251125_OZ-Chat_Android_App/OZ-Chat_Android_Dev/vector/src/main/java/im/vector/app/features/spaces/manage/SpaceManageRoomsViewModel.kt, /home/codenia/Videos/OZ-Chat_Prod_23_Mar_bgNoti_working/OZ-Chat_Prod/20251125_OZ-Chat_Android_App/OZ-Chat_Android_Dev/vector/src/main/java/im/vector/app/features/spaces/manage/SpaceSettingsController.kt, /home/codenia/Videos/OZ-Chat_Prod_23_Mar_bgNoti_working/OZ-Chat_Prod/20251125_OZ-Chat_Android_App/OZ-Chat_Android_Dev/vector/src/main/java/im/vector/app/features/spaces/manage/SpaceChildInfoMatchFilter.kt, /home/codenia/Videos/OZ-Chat_Prod_23_Mar_bgNoti_working/OZ-Chat_Prod/20251125_OZ-Chat_Android_App/OZ-Chat_Android_Dev/vector/src/main/java/im/vector/app/features/spaces/manage/SpaceManageRoomsFragment.kt, /home/codenia/Videos/OZ-Chat_Prod_23_Mar_bgNoti_working/OZ-Chat_Prod/20251125_OZ-Chat_Android_App/OZ-Chat_Android_Dev/vector/src/main/java/im/vector/app/features/spaces/manage/SpaceManageRoomViewEvents.kt, /home/codenia/Videos/OZ-Chat_Prod_23_Mar_bgNoti_working/OZ-Chat_Prod/20251125_OZ-Chat_Android_App/OZ-Chat_Android_Dev/vector/src/main/java/im/vector/app/features/spaces/manage/SpaceAddRoomsState.kt, /home/codenia/Videos/OZ-Chat_Prod_23_Mar_bgNoti_working/OZ-Chat_Prod/20251125_OZ-Chat_Android_App/OZ-Chat_Android_Dev/vector/src/main/java/im/vector/app/features/spaces/manage/SpaceAddRoomSpaceChooserBottomSheet.kt, /home/codenia/Videos/OZ-Chat_Prod_23_Mar_bgNoti_working/OZ-Chat_Prod/20251125_OZ-Chat_Android_App/OZ-Chat_Android_Dev/vector/src/main/java/im/vector/app/features/spaces/manage/SpaceAddRoomFragment.kt, /home/codenia/Videos/OZ-Chat_Prod_23_Mar_bgNoti_working/OZ-Chat_Prod/20251125_OZ-Chat_Android_App/OZ-Chat_Android_Dev/vector/src/main/java/im/vector/app/features/spaces/manage/SpaceManageRoomViewState.kt, /home/codenia/Videos/OZ-Chat_Prod_23_Mar_bgNoti_working/OZ-Chat_Prod/20251125_OZ-Chat_Android_App/OZ-Chat_Android_Dev/vector/src/main/java/im/vector/app/features/spaces/manage/AddRoomListController.kt, /home/codenia/Videos/OZ-Chat_Prod_23_Mar_bgNoti_working/OZ-Chat_Prod/20251125_OZ-Chat_Android_App/OZ-Chat_Android_Dev/vector/src/main/java/im/vector/app/features/spaces/manage/RoomSelectionPlaceHolderItem.kt, /home/codenia/Videos/OZ-Chat_Prod_23_Mar_bgNoti_working/OZ-Chat_Prod/20251125_OZ-Chat_Android_App/OZ-Chat_Android_Dev/vector/src/main/java/im/vector/app/features/spaces/SpaceListViewModel.kt, /home/codenia/Videos/OZ-Chat_Prod_23_Mar_bgNoti_working/OZ-Chat_Prod/20251125_OZ-Chat_Android_App/OZ-Chat_Android_Dev/vector/src/main/java/im/vector/app/features/spaces/SpaceLeaveViewAction.kt, /home/codenia/Videos/OZ-Chat_Prod_23_Mar_bgNoti_working/OZ-Chat_Prod/20251125_OZ-Chat_Android_App/OZ-Chat_Android_Dev/vector/src/main/java/im/vector/app/features/spaces/NewSpaceSummaryItem.kt, /home/codenia/Videos/OZ-Chat_Prod_23_Mar_bgNoti_working/OZ-Chat_Prod/20251125_OZ-Chat_Android_App/OZ-Chat_Android_Dev/vector/src/main/java/im/vector/app/features/spaces/SpaceListAction.kt, /home/codenia/Videos/OZ-Chat_Prod_23_Mar_bgNoti_working/OZ-Chat_Prod/20251125_OZ-Chat_Android_App/OZ-Chat_Android_Dev/vector/src/main/java/im/vector/app/features/spaces/SpaceListBottomSheet.kt, /home/codenia/Videos/OZ-Chat_Prod_23_Mar_bgNoti_working/OZ-Chat_Prod/20251125_OZ-Chat_Android_App/OZ-Chat_Android_Dev/vector/src/main/java/im/vector/app/features/spaces/explore/SpaceDirectoryViewModel.kt, /home/codenia/Videos/OZ-Chat_Prod_23_Mar_bgNoti_working/OZ-Chat_Prod/20251125_OZ-Chat_Android_App/OZ-Chat_Android_Dev/vector/src/main/java/im/vector/app/features/spaces/explore/SpaceDirectoryFragment.kt, /home/codenia/Videos/OZ-Chat_Prod_23_Mar_bgNoti_working/OZ-Chat_Prod/20251125_OZ-Chat_Android_App/OZ-Chat_Android_Dev/vector/src/main/java/im/vector/app/features/spaces/explore/SpaceDirectoryViewEvents.kt, /home/codenia/Videos/OZ-Chat_Prod_23_Mar_bgNoti_working/OZ-Chat_Prod/20251125_OZ-Chat_Android_App/OZ-Chat_Android_Dev/vector/src/main/java/im/vector/app/features/spaces/explore/SpaceDirectoryState.kt, /home/codenia/Videos/OZ-Chat_Prod_23_Mar_bgNoti_working/OZ-Chat_Prod/20251125_OZ-Chat_Android_App/OZ-Chat_Android_Dev/vector/src/main/java/im/vector/app/features/spaces/explore/SpaceDirectoryController.kt, /home/codenia/Videos/OZ-Chat_Prod_23_Mar_bgNoti_working/OZ-Chat_Prod/20251125_OZ-Chat_Android_App/OZ-Chat_Android_Dev/vector/src/main/java/im/vector/app/features/spaces/explore/SpaceDirectoryViewAction.kt, /home/codenia/Videos/OZ-Chat_Prod_23_Mar_bgNoti_working/OZ-Chat_Prod/20251125_OZ-Chat_Android_App/OZ-Chat_Android_Dev/vector/src/main/java/im/vector/app/features/spaces/NewSpaceAddItem.kt, /home/codenia/Videos/OZ-Chat_Prod_23_Mar_bgNoti_working/OZ-Chat_Prod/20251125_OZ-Chat_Android_App/OZ-Chat_Android_Dev/vector/src/main/java/im/vector/app/features/spaces/NewSpaceListHeaderItem.kt, /home/codenia/Videos/OZ-Chat_Prod_23_Mar_bgNoti_working/OZ-Chat_Prod/20251125_OZ-Chat_Android_App/OZ-Chat_Android_Dev/vector/src/main/java/im/vector/app/features/spaces/SpaceAddItem.kt, /home/codenia/Videos/OZ-Chat_Prod_23_Mar_bgNoti_working/OZ-Chat_Prod/20251125_OZ-Chat_Android_App/OZ-Chat_Android_Dev/vector/src/main/java/im/vector/app/features/spaces/SpacePreviewActivity.kt, /home/codenia/Videos/OZ-Chat_Prod_23_Mar_bgNoti_working/OZ-Chat_Prod/20251125_OZ-Chat_Android_App/OZ-Chat_Android_Dev/vector/src/main/java/im/vector/app/features/session/SessionListener.kt, /home/codenia/Videos/OZ-Chat_Prod_23_Mar_bgNoti_working/OZ-Chat_Prod/20251125_OZ-Chat_Android_App/OZ-Chat_Android_Dev/vector/src/main/java/im/vector/app/features/session/SessionCoroutineScopes.kt, /home/codenia/Videos/OZ-Chat_Prod_23_Mar_bgNoti_working/OZ-Chat_Prod/20251125_OZ-Chat_Android_App/OZ-Chat_Android_Dev/vector/src/main/java/im/vector/app/features/session/SessionScopedProperty.kt, /home/codenia/Videos/OZ-Chat_Prod_23_Mar_bgNoti_working/OZ-Chat_Prod/20251125_OZ-Chat_Android_App/OZ-Chat_Android_Dev/vector/src/main/java/im/vector/app/features/session/VectorSessionStore.kt, /home/codenia/Videos/OZ-Chat_Prod_23_Mar_bgNoti_working/OZ-Chat_Prod/20251125_OZ-Chat_Android_App/OZ-Chat_Android_Dev/vector/src/main/java/im/vector/app/features/analytics/AnalyticsConfig.kt, /home/codenia/Videos/OZ-Chat_Prod_23_Mar_bgNoti_working/OZ-Chat_Prod/20251125_OZ-Chat_Android_App/OZ-Chat_Android_Dev/vector/src/main/java/im/vector/app/features/analytics/store/AnalyticsStore.kt, /home/codenia/Videos/OZ-Chat_Prod_23_Mar_bgNoti_working/OZ-Chat_Prod/20251125_OZ-Chat_Android_App/OZ-Chat_Android_Dev/vector/src/main/java/im/vector/app/features/analytics/AnalyticsTracker.kt, /home/codenia/Videos/OZ-Chat_Prod_23_Mar_bgNoti_working/OZ-Chat_Prod/20251125_OZ-Chat_Android_App/OZ-Chat_Android_Dev/vector/src/main/java/im/vector/app/features/analytics/DecryptionFailureTracker.kt, /home/codenia/Videos/OZ-Chat_Prod_23_Mar_bgNoti_working/OZ-Chat_Prod/20251125_OZ-Chat_Android_App/OZ-Chat_Android_Dev/vector/src/main/java/im/vector/app/features/analytics/ui/consent/AnalyticsOptInFragment.kt, /home/codenia/Videos/OZ-Chat_Prod_23_Mar_bgNoti_working/OZ-Chat_Prod/20251125_OZ-Chat_Android_App/OZ-Chat_Android_Dev/vector/src/main/java/im/vector/app/features/analytics/ui/consent/AnalyticsOptInActivity.kt, /home/codenia/Videos/OZ-Chat_Prod_23_Mar_bgNoti_working/OZ-Chat_Prod/20251125_OZ-Chat_Android_App/OZ-Chat_Android_Dev/vector/src/main/java/im/vector/app/features/analytics/ui/consent/AnalyticsConsentViewModel.kt, /home/codenia/Videos/OZ-Chat_Prod_23_Mar_bgNoti_working/OZ-Chat_Prod/20251125_OZ-Chat_Android_App/OZ-Chat_Android_Dev/vector/src/main/java/im/vector/app/features/analytics/ui/consent/AnalyticsConsentViewActions.kt, /home/codenia/Videos/OZ-Chat_Prod_23_Mar_bgNoti_working/OZ-Chat_Prod/20251125_OZ-Chat_Android_App/OZ-Chat_Android_Dev/vector/src/main/java/im/vector/app/features/analytics/ui/consent/AnalyticsConsentViewState.kt, /home/codenia/Videos/OZ-Chat_Prod_23_Mar_bgNoti_working/OZ-Chat_Prod/20251125_OZ-Chat_Android_App/OZ-Chat_Android_Dev/vector/src/main/java/im/vector/app/features/analytics/ui/consent/AnalyticsOptInViewEvents.kt, /home/codenia/Videos/OZ-Chat_Prod_23_Mar_bgNoti_working/OZ-Chat_Prod/20251125_OZ-Chat_Android_App/OZ-Chat_Android_Dev/vector/src/main/java/im/vector/app/features/analytics/accountdata/AnalyticsAccountDataViewModel.kt, /home/codenia/Videos/OZ-Chat_Prod_23_Mar_bgNoti_working/OZ-Chat_Prod/20251125_OZ-Chat_Android_App/OZ-Chat_Android_Dev/vector/src/main/java/im/vector/app/features/analytics/accountdata/AnalyticsAccountDataContent.kt, /home/codenia/Videos/OZ-Chat_Prod_23_Mar_bgNoti_working/OZ-Chat_Prod/20251125_OZ-Chat_Android_App/OZ-Chat_Android_Dev/vector/src/main/java/im/vector/app/features/analytics/extensions/ComposerExt.kt, /home/codenia/Videos/OZ-Chat_Prod_23_Mar_bgNoti_working/OZ-Chat_Prod/20251125_OZ-Chat_Android_App/OZ-Chat_Android_Dev/vector/src/main/java/im/vector/app/features/analytics/extensions/SignUpExt.kt, /home/codenia/Videos/OZ-Chat_Prod_23_Mar_bgNoti_working/OZ-Chat_Prod/20251125_OZ-Chat_Android_App/OZ-Chat_Android_Dev/vector/src/main/java/im/vector/app/features/analytics/extensions/InteractionExt.kt, /home/codenia/Videos/OZ-Chat_Prod_23_Mar_bgNoti_working/OZ-Chat_Prod/20251125_OZ-Chat_Android_App/OZ-Chat_Android_Dev/vector/src/main/java/im/vector/app/features/analytics/extensions/UserPropertiesExt.kt, /home/codenia/Videos/OZ-Chat_Prod_23_Mar_bgNoti_working/OZ-Chat_Prod/20251125_OZ-Chat_Android_App/OZ-Chat_Android_Dev/vector/src/main/java/im/vector/app/features/analytics/extensions/ViewRoomExt.kt, /home/codenia/Videos/OZ-Chat_Prod_23_Mar_bgNoti_working/OZ-Chat_Prod/20251125_OZ-Chat_Android_App/OZ-Chat_Android_Dev/vector/src/main/java/im/vector/app/features/analytics/extensions/PerformanceTimerExt.kt, /home/codenia/Videos/OZ-Chat_Prod_23_Mar_bgNoti_working/OZ-Chat_Prod/20251125_OZ-Chat_Android_App/OZ-Chat_Android_Dev/vector/src/main/java/im/vector/app/features/analytics/extensions/JoinedRoomExt.kt, /home/codenia/Videos/OZ-Chat_Prod_23_Mar_bgNoti_working/OZ-Chat_Prod/20251125_OZ-Chat_Android_App/OZ-Chat_Android_Dev/vector/src/main/java/im/vector/app/features/analytics/ReportedDecryptionFailurePersistence.kt, /home/codenia/Videos/OZ-Chat_Prod_23_Mar_bgNoti_working/OZ-Chat_Prod/20251125_OZ-Chat_Android_App/OZ-Chat_Android_Dev/vector/src/main/java/im/vector/app/features/analytics/DecryptionFailure.kt, /home/codenia/Videos/OZ-Chat_Prod_23_Mar_bgNoti_working/OZ-Chat_Prod/20251125_OZ-Chat_Android_App/OZ-Chat_Android_Dev/vector/src/main/java/im/vector/app/features/analytics/errors/ErrorTracker.kt, /home/codenia/Videos/OZ-Chat_Prod_23_Mar_bgNoti_working/OZ-Chat_Prod/20251125_OZ-Chat_Android_App/OZ-Chat_Android_Dev/vector/src/main/java/im/vector/app/features/analytics/impl/PostHogFactory.kt, /home/codenia/Videos/OZ-Chat_Prod_23_Mar_bgNoti_working/OZ-Chat_Prod/20251125_OZ-Chat_Android_App/OZ-Chat_Android_Dev/vector/src/main/java/im/vector/app/features/analytics/impl/SentryAnalytics.kt, /home/codenia/Videos/OZ-Chat_Prod_23_Mar_bgNoti_working/OZ-Chat_Prod/20251125_OZ-Chat_Android_App/OZ-Chat_Android_Dev/vector/src/main/java/im/vector/app/features/analytics/impl/DefaultVectorAnalytics.kt, /home/codenia/Videos/OZ-Chat_Prod_23_Mar_bgNoti_working/OZ-Chat_Prod/20251125_OZ-Chat_Android_App/OZ-Chat_Android_Dev/vector/src/main/java/im/vector/app/features/analytics/impl/LateInitUserPropertiesFactory.kt, /home/codenia/Videos/OZ-Chat_Prod_23_Mar_bgNoti_working/OZ-Chat_Prod/20251125_OZ-Chat_Android_App/OZ-Chat_Android_Dev/vector/src/main/java/im/vector/app/features/analytics/VectorAnalytics.kt, /home/codenia/Videos/OZ-Chat_Prod_23_Mar_bgNoti_working/OZ-Chat_Prod/20251125_OZ-Chat_Android_App/OZ-Chat_Android_Dev/vector/src/main/java/im/vector/app/features/analytics/metrics/sentry/SentryDownloadDeviceKeysMetrics.kt, /home/codenia/Videos/OZ-Chat_Prod_23_Mar_bgNoti_working/OZ-Chat_Prod/20251125_OZ-Chat_Android_App/OZ-Chat_Android_Dev/vector/src/main/java/im/vector/app/features/analytics/metrics/sentry/SentrySyncDurationMetrics.kt, /home/codenia/Videos/OZ-Chat_Prod_23_Mar_bgNoti_working/OZ-Chat_Prod/20251125_OZ-Chat_Android_App/OZ-Chat_Android_Dev/vector/src/main/java/im/vector/app/features/analytics/metrics/sentry/SentryCryptoAnalytics.kt, /home/codenia/Videos/OZ-Chat_Prod_23_Mar_bgNoti_working/OZ-Chat_Prod/20251125_OZ-Chat_Android_App/OZ-Chat_Android_Dev/vector/src/main/java/im/vector/app/features/analytics/metrics/VectorPlugins.kt, /home/codenia/Videos/OZ-Chat_Prod_23_Mar_bgNoti_working/OZ-Chat_Prod/20251125_OZ-Chat_Android_App/OZ-Chat_Android_Dev/vector/src/main/java/im/vector/app/features/analytics/log/AnalyticsLoggerTag.kt, /home/codenia/Videos/OZ-Chat_Prod_23_Mar_bgNoti_working/OZ-Chat_Prod/20251125_OZ-Chat_Android_App/OZ-Chat_Android_Dev/vector/src/main/java/im/vector/app/features/homeserver/ServerUrlsRepository.kt, /home/codenia/Videos/OZ-Chat_Prod_23_Mar_bgNoti_working/OZ-Chat_Prod/20251125_OZ-Chat_Android_App/OZ-Chat_Android_Dev/vector/src/main/java/im/vector/app/features/link/LinkHandlerActivity.kt, /home/codenia/Videos/OZ-Chat_Prod_23_Mar_bgNoti_working/OZ-Chat_Prod/20251125_OZ-Chat_Android_App/OZ-Chat_Android_Dev/vector/src/main/java/im/vector/app/features/link/VectorReferrerHandler.kt, /home/codenia/Videos/OZ-Chat_Prod_23_Mar_bgNoti_working/OZ-Chat_Prod/20251125_OZ-Chat_Android_App/OZ-Chat_Android_Dev/vector/src/main/java/im/vector/app/features/login/ServerType.kt, /home/codenia/Videos/OZ-Chat_Prod_23_Mar_bgNoti_working/OZ-Chat_Prod/20251125_OZ-Chat_Android_App/OZ-Chat_Android_Dev/vector/src/main/java/im/vector/app/features/login/LoginWebFragment.kt, /home/codenia/Videos/OZ-Chat_Prod_23_Mar_bgNoti_working/OZ-Chat_Prod/20251125_OZ-Chat_Android_App/OZ-Chat_Android_Dev/vector/src/main/java/im/vector/app/features/login/ReAuthHelper.kt, /home/codenia/Videos/OZ-Chat_Prod_23_Mar_bgNoti_working/OZ-Chat_Prod/20251125_OZ-Chat_Android_App/OZ-Chat_Android_Dev/vector/src/main/java/im/vector/app/features/login/SSORedirectRouterActivity.kt, /home/codenia/Videos/OZ-Chat_Prod_23_Mar_bgNoti_working/OZ-Chat_Prod/20251125_OZ-Chat_Android_App/OZ-Chat_Android_Dev/vector/src/main/java/im/vector/app/features/login/LoginViewEvents.kt, /home/codenia/Videos/OZ-Chat_Prod_23_Mar_bgNoti_working/OZ-Chat_Prod/20251125_OZ-Chat_Android_App/OZ-Chat_Android_Dev/vector/src/main/java/im/vector/app/features/login/LoginServerUrlFormFragment.kt, /home/codenia/Videos/OZ-Chat_Prod_23_Mar_bgNoti_working/OZ-Chat_Prod/20251125_OZ-Chat_Android_App/OZ-Chat_Android_Dev/vector/src/main/java/im/vector/app/features/login/LoginGenericTextInputFormFragment.kt, /home/codenia/Videos/OZ-Chat_Prod_23_Mar_bgNoti_working/OZ-Chat_Prod/20251125_OZ-Chat_Android_App/OZ-Chat_Android_Dev/vector/src/main/java/im/vector/app/features/login/SsoState.kt, /home/codenia/Videos/OZ-Chat_Prod_23_Mar_bgNoti_working/OZ-Chat_Prod/20251125_OZ-Chat_Android_App/OZ-Chat_Android_Dev/vector/src/main/java/im/vector/app/features/login/LoginSignUpSignInSelectionFragment.kt, /home/codenia/Videos/OZ-Chat_Prod_23_Mar_bgNoti_working/OZ-Chat_Prod/20251125_OZ-Chat_Android_App/OZ-Chat_Android_Dev/vector/src/main/java/im/vector/app/features/login/Config.kt, /home/codenia/Videos/OZ-Chat_Prod_23_Mar_bgNoti_working/OZ-Chat_Prod/20251125_OZ-Chat_Android_App/OZ-Chat_Android_Dev/vector/src/main/java/im/vector/app/features/login/SignMode.kt, /home/codenia/Videos/OZ-Chat_Prod_23_Mar_bgNoti_working/OZ-Chat_Prod/20251125_OZ-Chat_Android_App/OZ-Chat_Android_Dev/vector/src/main/java/im/vector/app/features/login/terms/LoginTermsViewState.kt, /home/codenia/Videos/OZ-Chat_Prod_23_Mar_bgNoti_working/OZ-Chat_Prod/20251125_OZ-Chat_Android_App/OZ-Chat_Android_Dev/vector/src/main/java/im/vector/app/features/login/terms/PolicyController.kt, /home/codenia/Videos/OZ-Chat_Prod_23_Mar_bgNoti_working/OZ-Chat_Prod/20251125_OZ-Chat_Android_App/OZ-Chat_Android_Dev/vector/src/main/java/im/vector/app/features/login/terms/LocalizedFlowDataLoginTermsChecked.kt, /home/codenia/Videos/OZ-Chat_Prod_23_Mar_bgNoti_working/OZ-Chat_Prod/20251125_OZ-Chat_Android_App/OZ-Chat_Android_Dev/vector/src/main/java/im/vector/app/features/login/terms/PolicyItem.kt, /home/codenia/Videos/OZ-Chat_Prod_23_Mar_bgNoti_working/OZ-Chat_Prod/20251125_OZ-Chat_Android_App/OZ-Chat_Android_Dev/vector/src/main/java/im/vector/app/features/login/terms/LoginTermsFragment.kt, /home/codenia/Videos/OZ-Chat_Prod_23_Mar_bgNoti_working/OZ-Chat_Prod/20251125_OZ-Chat_Android_App/OZ-Chat_Android_Dev/vector/src/main/java/im/vector/app/features/login/LoginViewModel.kt, /home/codenia/Videos/OZ-Chat_Prod_23_Mar_bgNoti_working/OZ-Chat_Prod/20251125_OZ-Chat_Android_App/OZ-Chat_Android_Dev/vector/src/main/java/im/vector/app/features/login/LoginFragment.kt, /home/codenia/Videos/OZ-Chat_Prod_23_Mar_bgNoti_working/OZ-Chat_Prod/20251125_OZ-Chat_Android_App/OZ-Chat_Android_Dev/vector/src/main/java/im/vector/app/features/login/LoginResetPasswordFragment.kt, /home/codenia/Videos/OZ-Chat_Prod_23_Mar_bgNoti_working/OZ-Chat_Prod/20251125_OZ-Chat_Android_App/OZ-Chat_Android_Dev/vector/src/main/java/im/vector/app/features/login/JavascriptResponse.kt, /home/codenia/Videos/OZ-Chat_Prod_23_Mar_bgNoti_working/OZ-Chat_Prod/20251125_OZ-Chat_Android_App/OZ-Chat_Android_Dev/vector/src/main/java/im/vector/app/features/login/LoginViewState.kt, /home/codenia/Videos/OZ-Chat_Prod_23_Mar_bgNoti_working/OZ-Chat_Prod/20251125_OZ-Chat_Android_App/OZ-Chat_Android_Dev/vector/src/main/java/im/vector/app/features/login/HomeServerConnectionConfigFactory.kt, /home/codenia/Videos/OZ-Chat_Prod_23_Mar_bgNoti_working/OZ-Chat_Prod/20251125_OZ-Chat_Android_App/OZ-Chat_Android_Dev/vector/src/main/java/im/vector/app/features/login/LoginMode.kt, /home/codenia/Videos/OZ-Chat_Prod_23_Mar_bgNoti_working/OZ-Chat_Prod/20251125_OZ-Chat_Android_App/OZ-Chat_Android_Dev/vector/src/main/java/im/vector/app/features/login/LoginResetPasswordMailConfirmationFragment.kt, /home/codenia/Videos/OZ-Chat_Prod_23_Mar_bgNoti_working/OZ-Chat_Prod/20251125_OZ-Chat_Android_App/OZ-Chat_Android_Dev/vector/src/main/java/im/vector/app/features/login/LoginResetPasswordSuccessFragment.kt, /home/codenia/Videos/OZ-Chat_Prod_23_Mar_bgNoti_working/OZ-Chat_Prod/20251125_OZ-Chat_Android_App/OZ-Chat_Android_Dev/vector/src/main/java/im/vector/app/features/login/LoginAction.kt, /home/codenia/Videos/OZ-Chat_Prod_23_Mar_bgNoti_working/OZ-Chat_Prod/20251125_OZ-Chat_Android_App/OZ-Chat_Android_Dev/vector/src/main/java/im/vector/app/features/login/SupportedStage.kt, /home/codenia/Videos/OZ-Chat_Prod_23_Mar_bgNoti_working/OZ-Chat_Prod/20251125_OZ-Chat_Android_App/OZ-Chat_Android_Dev/vector/src/main/java/im/vector/app/features/login/LoginCaptchaFragment.kt, /home/codenia/Videos/OZ-Chat_Prod_23_Mar_bgNoti_working/OZ-Chat_Prod/20251125_OZ-Chat_Android_App/OZ-Chat_Android_Dev/vector/src/main/java/im/vector/app/features/login/SocialLoginButtonsView.kt, /home/codenia/Videos/OZ-Chat_Prod_23_Mar_bgNoti_working/OZ-Chat_Prod/20251125_OZ-Chat_Android_App/OZ-Chat_Android_Dev/vector/src/main/java/im/vector/app/features/login/AbstractSSOLoginFragment.kt, /home/codenia/Videos/OZ-Chat_Prod_23_Mar_bgNoti_working/OZ-Chat_Prod/20251125_OZ-Chat_Android_App/OZ-Chat_Android_Dev/vector/src/main/java/im/vector/app/features/login/LoginActivity.kt, /home/codenia/Videos/OZ-Chat_Prod_23_Mar_bgNoti_working/OZ-Chat_Prod/20251125_OZ-Chat_Android_App/OZ-Chat_Android_Dev/vector/src/main/java/im/vector/app/features/login/AbstractLoginFragment.kt, /home/codenia/Videos/OZ-Chat_Prod_23_Mar_bgNoti_working/OZ-Chat_Prod/20251125_OZ-Chat_Android_App/OZ-Chat_Android_Dev/vector/src/main/java/im/vector/app/features/login/LoginWaitForEmailFragment.kt, /home/codenia/Videos/OZ-Chat_Prod_23_Mar_bgNoti_working/OZ-Chat_Prod/20251125_OZ-Chat_Android_App/OZ-Chat_Android_Dev/vector/src/main/java/im/vector/app/features/login/LoginSplashFragment.kt, /home/codenia/Videos/OZ-Chat_Prod_23_Mar_bgNoti_working/OZ-Chat_Prod/20251125_OZ-Chat_Android_App/OZ-Chat_Android_Dev/vector/src/main/java/im/vector/app/features/login/LoginServerSelectionFragment.kt, /home/codenia/Videos/OZ-Chat_Prod_23_Mar_bgNoti_working/OZ-Chat_Prod/20251125_OZ-Chat_Android_App/OZ-Chat_Android_Dev/vector/src/main/java/im/vector/app/features/login/LoginConfig.kt, /home/codenia/Videos/OZ-Chat_Prod_23_Mar_bgNoti_working/OZ-Chat_Prod/20251125_OZ-Chat_Android_App/OZ-Chat_Android_Dev/vector/src/main/java/im/vector/app/features/workers/signout/SignOutUiWorker.kt, /home/codenia/Videos/OZ-Chat_Prod_23_Mar_bgNoti_working/OZ-Chat_Prod/20251125_OZ-Chat_Android_App/OZ-Chat_Android_Dev/vector/src/main/java/im/vector/app/features/workers/signout/SignOutBottomSheetDialogFragment.kt, /home/codenia/Videos/OZ-Chat_Prod_23_Mar_bgNoti_working/OZ-Chat_Prod/20251125_OZ-Chat_Android_App/OZ-Chat_Android_Dev/vector/src/main/java/im/vector/app/features/workers/signout/ServerBackupStatusAction.kt, /home/codenia/Videos/OZ-Chat_Prod_23_Mar_bgNoti_working/OZ-Chat_Prod/20251125_OZ-Chat_Android_App/OZ-Chat_Android_Dev/vector/src/main/java/im/vector/app/features/workers/signout/SignOutBottomSheetActionButton.kt, /home/codenia/Videos/OZ-Chat_Prod_23_Mar_bgNoti_working/OZ-Chat_Prod/20251125_OZ-Chat_Android_App/OZ-Chat_Android_Dev/vector/src/main/java/im/vector/app/features/workers/signout/SignoutCheckViewModel.kt, /home/codenia/Videos/OZ-Chat_Prod_23_Mar_bgNoti_working/OZ-Chat_Prod/20251125_OZ-Chat_Android_App/OZ-Chat_Android_Dev/vector/src/main/java/im/vector/app/features/workers/signout/ServerBackupStatusViewModel.kt, /home/codenia/Videos/OZ-Chat_Prod_23_Mar_bgNoti_working/OZ-Chat_Prod/20251125_OZ-Chat_Android_App/OZ-Chat_Android_Dev/vector/src/main/java/im/vector/app/features/crypto/verification/VerificationAction.kt, /home/codenia/Videos/OZ-Chat_Prod_23_Mar_bgNoti_working/OZ-Chat_Prod/20251125_OZ-Chat_Android_App/OZ-Chat_Android_Dev/vector/src/main/java/im/vector/app/features/crypto/verification/epoxy/BottomSheetVerificationDecimalCodeItem.kt, /home/codenia/Videos/OZ-Chat_Prod_23_Mar_bgNoti_working/OZ-Chat_Prod/20251125_OZ-Chat_Android_App/OZ-Chat_Android_Dev/vector/src/main/java/im/vector/app/features/crypto/verification/epoxy/BottomSheetVerificationActionItem.kt, /home/codenia/Videos/OZ-Chat_Prod_23_Mar_bgNoti_working/OZ-Chat_Prod/20251125_OZ-Chat_Android_App/OZ-Chat_Android_Dev/vector/src/main/java/im/vector/app/features/crypto/verification/epoxy/BottomSheetVerificationEmojisItem.kt, /home/codenia/Videos/OZ-Chat_Prod_23_Mar_bgNoti_working/OZ-Chat_Prod/20251125_OZ-Chat_Android_App/OZ-Chat_Android_Dev/vector/src/main/java/im/vector/app/features/crypto/verification/epoxy/BottomSheetVerificationNoticeItem.kt, /home/codenia/Videos/OZ-Chat_Prod_23_Mar_bgNoti_working/OZ-Chat_Prod/20251125_OZ-Chat_Android_App/OZ-Chat_Android_Dev/vector/src/main/java/im/vector/app/features/crypto/verification/epoxy/BottomSheetVerificationQrCodeItem.kt, /home/codenia/Videos/OZ-Chat_Prod_23_Mar_bgNoti_working/OZ-Chat_Prod/20251125_OZ-Chat_Android_App/OZ-Chat_Android_Dev/vector/src/main/java/im/vector/app/features/crypto/verification/epoxy/BottomSheetVerificationWaitingItem.kt, /home/codenia/Videos/OZ-Chat_Prod_23_Mar_bgNoti_working/OZ-Chat_Prod/20251125_OZ-Chat_Android_App/OZ-Chat_Android_Dev/vector/src/main/java/im/vector/app/features/crypto/verification/epoxy/BottomSheetSelfWaitItem.kt, /home/codenia/Videos/OZ-Chat_Prod_23_Mar_bgNoti_working/OZ-Chat_Prod/20251125_OZ-Chat_Android_App/OZ-Chat_Android_Dev/vector/src/main/java/im/vector/app/features/crypto/verification/epoxy/BottomSheetVerificationBigImageItem.kt, /home/codenia/Videos/OZ-Chat_Prod_23_Mar_bgNoti_working/OZ-Chat_Prod/20251125_OZ-Chat_Android_App/OZ-Chat_Android_Dev/vector/src/main/java/im/vector/app/features/crypto/verification/SupportedVerificationMethodsProvider.kt, /home/codenia/Videos/OZ-Chat_Prod_23_Mar_bgNoti_working/OZ-Chat_Prod/20251125_OZ-Chat_Android_App/OZ-Chat_Android_Dev/vector/src/main/java/im/vector/app/features/crypto/verification/self/SelfVerificationBottomSheet.kt, /home/codenia/Videos/OZ-Chat_Prod_23_Mar_bgNoti_working/OZ-Chat_Prod/20251125_OZ-Chat_Android_App/OZ-Chat_Android_Dev/vector/src/main/java/im/vector/app/features/crypto/verification/self/SelfVerificationFragment.kt, /home/codenia/Videos/OZ-Chat_Prod_23_Mar_bgNoti_working/OZ-Chat_Prod/20251125_OZ-Chat_Android_App/OZ-Chat_Android_Dev/vector/src/main/java/im/vector/app/features/crypto/verification/self/SelfVerificationViewModel.kt, /home/codenia/Videos/OZ-Chat_Prod_23_Mar_bgNoti_working/OZ-Chat_Prod/20251125_OZ-Chat_Android_App/OZ-Chat_Android_Dev/vector/src/main/java/im/vector/app/features/crypto/verification/self/SelfVerificationController.kt, /home/codenia/Videos/OZ-Chat_Prod_23_Mar_bgNoti_working/OZ-Chat_Prod/20251125_OZ-Chat_Android_App/OZ-Chat_Android_Dev/vector/src/main/java/im/vector/app/features/crypto/verification/user/VerificationEpoxyExt.kt, /home/codenia/Videos/OZ-Chat_Prod_23_Mar_bgNoti_working/OZ-Chat_Prod/20251125_OZ-Chat_Android_App/OZ-Chat_Android_Dev/vector/src/main/java/im/vector/app/features/crypto/verification/user/UserVerificationFragment.kt, /home/codenia/Videos/OZ-Chat_Prod_23_Mar_bgNoti_working/OZ-Chat_Prod/20251125_OZ-Chat_Android_App/OZ-Chat_Android_Dev/vector/src/main/java/im/vector/app/features/crypto/verification/user/UserVerificationController.kt, /home/codenia/Videos/OZ-Chat_Prod_23_Mar_bgNoti_working/OZ-Chat_Prod/20251125_OZ-Chat_Android_App/OZ-Chat_Android_Dev/vector/src/main/java/im/vector/app/features/crypto/verification/user/UserVerificationBottomSheet.kt, /home/codenia/Videos/OZ-Chat_Prod_23_Mar_bgNoti_working/OZ-Chat_Prod/20251125_OZ-Chat_Android_App/OZ-Chat_Android_Dev/vector/src/main/java/im/vector/app/features/crypto/verification/user/UserVerificationViewModel.kt, /home/codenia/Videos/OZ-Chat_Prod_23_Mar_bgNoti_working/OZ-Chat_Prod/20251125_OZ-Chat_Android_App/OZ-Chat_Android_Dev/vector/src/main/java/im/vector/app/features/crypto/verification/VerificationBottomSheetViewEvents.kt, /home/codenia/Videos/OZ-Chat_Prod_23_Mar_bgNoti_working/OZ-Chat_Prod/20251125_OZ-Chat_Android_App/OZ-Chat_Android_Dev/vector/src/main/java/im/vector/app/features/crypto/verification/IncomingVerificationRequestHandler.kt, /home/codenia/Videos/OZ-Chat_Prod_23_Mar_bgNoti_working/OZ-Chat_Prod/20251125_OZ-Chat_Android_App/OZ-Chat_Android_Dev/vector/src/main/java/im/vector/app/features/crypto/quads/SharedSecureStorageAction.kt, /home/codenia/Videos/OZ-Chat_Prod_23_Mar_bgNoti_working/OZ-Chat_Prod/20251125_OZ-Chat_Android_App/OZ-Chat_Android_Dev/vector/src/main/java/im/vector/app/features/crypto/quads/SharedSecureStorageViewModel.kt, /home/codenia/Videos/OZ-Chat_Prod_23_Mar_bgNoti_working/OZ-Chat_Prod/20251125_OZ-Chat_Android_App/OZ-Chat_Android_Dev/vector/src/main/java/im/vector/app/features/crypto/quads/SharedSecuredStorageResetAllFragment.kt, /home/codenia/Videos/OZ-Chat_Prod_23_Mar_bgNoti_working/OZ-Chat_Prod/20251125_OZ-Chat_Android_App/OZ-Chat_Android_Dev/vector/src/main/java/im/vector/app/features/crypto/quads/SharedSecureStorageActivity.kt, /home/codenia/Videos/OZ-Chat_Prod_23_Mar_bgNoti_working/OZ-Chat_Prod/20251125_OZ-Chat_Android_App/OZ-Chat_Android_Dev/vector/src/main/java/im/vector/app/features/crypto/quads/SharedSecuredStorageKeyFragment.kt, /home/codenia/Videos/OZ-Chat_Prod_23_Mar_bgNoti_working/OZ-Chat_Prod/20251125_OZ-Chat_Android_App/OZ-Chat_Android_Dev/vector/src/main/java/im/vector/app/features/crypto/quads/SharedSecuredStoragePassphraseFragment.kt, /home/codenia/Videos/OZ-Chat_Prod_23_Mar_bgNoti_working/OZ-Chat_Prod/20251125_OZ-Chat_Android_App/OZ-Chat_Android_Dev/vector/src/main/java/im/vector/app/features/crypto/keysrequest/OutboundSessionKeySharingStrategy.kt, /home/codenia/Videos/OZ-Chat_Prod_23_Mar_bgNoti_working/OZ-Chat_Prod/20251125_OZ-Chat_Android_App/OZ-Chat_Android_Dev/vector/src/main/java/im/vector/app/features/crypto/keysrequest/KeyRequestHandler.kt, /home/codenia/Videos/OZ-Chat_Prod_23_Mar_bgNoti_working/OZ-Chat_Prod/20251125_OZ-Chat_Android_App/OZ-Chat_Android_Dev/vector/src/main/java/im/vector/app/features/crypto/keysbackup/settings/KeysBackupSettingsViewModel.kt, /home/codenia/Videos/OZ-Chat_Prod_23_Mar_bgNoti_working/OZ-Chat_Prod/20251125_OZ-Chat_Android_App/OZ-Chat_Android_Dev/vector/src/main/java/im/vector/app/features/crypto/keysbackup/settings/KeysBackupSettingViewState.kt, /home/codenia/Videos/OZ-Chat_Prod_23_Mar_bgNoti_working/OZ-Chat_Prod/20251125_OZ-Chat_Android_App/OZ-Chat_Android_Dev/vector/src/main/java/im/vector/app/features/crypto/keysbackup/settings/KeysBackupSettingsRecyclerViewController.kt, /home/codenia/Videos/OZ-Chat_Prod_23_Mar_bgNoti_working/OZ-Chat_Prod/20251125_OZ-Chat_Android_App/OZ-Chat_Android_Dev/vector/src/main/java/im/vector/app/features/crypto/keysbackup/settings/KeysBackupSettingsFragment.kt, /home/codenia/Videos/OZ-Chat_Prod_23_Mar_bgNoti_working/OZ-Chat_Prod/20251125_OZ-Chat_Android_App/OZ-Chat_Android_Dev/vector/src/main/java/im/vector/app/features/crypto/keysbackup/settings/KeysBackupViewEvents.kt, /home/codenia/Videos/OZ-Chat_Prod_23_Mar_bgNoti_working/OZ-Chat_Prod/20251125_OZ-Chat_Android_App/OZ-Chat_Android_Dev/vector/src/main/java/im/vector/app/features/crypto/keysbackup/settings/KeysBackupSettingFooterItem.kt, /home/codenia/Videos/OZ-Chat_Prod_23_Mar_bgNoti_working/OZ-Chat_Prod/20251125_OZ-Chat_Android_App/OZ-Chat_Android_Dev/vector/src/main/java/im/vector/app/features/crypto/keysbackup/settings/KeyBackupSettingsAction.kt, /home/codenia/Videos/OZ-Chat_Prod_23_Mar_bgNoti_working/OZ-Chat_Prod/20251125_OZ-Chat_Android_App/OZ-Chat_Android_Dev/vector/src/main/java/im/vector/app/features/crypto/keysbackup/settings/KeysBackupManageActivity.kt, /home/codenia/Videos/OZ-Chat_Prod_23_Mar_bgNoti_working/OZ-Chat_Prod/20251125_OZ-Chat_Android_App/OZ-Chat_Android_Dev/vector/src/main/java/im/vector/app/features/crypto/keysbackup/restore/KeysBackupRestoreActivity.kt, /home/codenia/Videos/OZ-Chat_Prod_23_Mar_bgNoti_working/OZ-Chat_Prod/20251125_OZ-Chat_Android_App/OZ-Chat_Android_Dev/vector/src/main/java/im/vector/app/features/crypto/keysbackup/restore/KeysBackupRestoreSharedViewModel.kt, /home/codenia/Videos/OZ-Chat_Prod_23_Mar_bgNoti_working/OZ-Chat_Prod/20251125_OZ-Chat_Android_App/OZ-Chat_Android_Dev/vector/src/main/java/im/vector/app/features/crypto/keysbackup/restore/KeysBackupRestoreFromKeyViewModel.kt, /home/codenia/Videos/OZ-Chat_Prod_23_Mar_bgNoti_working/OZ-Chat_Prod/20251125_OZ-Chat_Android_App/OZ-Chat_Android_Dev/vector/src/main/java/im/vector/app/features/crypto/keysbackup/restore/KeysBackupRestoreFromPassphraseViewModel.kt, /home/codenia/Videos/OZ-Chat_Prod_23_Mar_bgNoti_working/OZ-Chat_Prod/20251125_OZ-Chat_Android_App/OZ-Chat_Android_Dev/vector/src/main/java/im/vector/app/features/crypto/keysbackup/restore/KeysBackupRestoreFromPassphraseFragment.kt, /home/codenia/Videos/OZ-Chat_Prod_23_Mar_bgNoti_working/OZ-Chat_Prod/20251125_OZ-Chat_Android_App/OZ-Chat_Android_Dev/vector/src/main/java/im/vector/app/features/crypto/keysbackup/restore/KeysBackupRestoreFromKeyFragment.kt, /home/codenia/Videos/OZ-Chat_Prod_23_Mar_bgNoti_working/OZ-Chat_Prod/20251125_OZ-Chat_Android_App/OZ-Chat_Android_Dev/vector/src/main/java/im/vector/app/features/crypto/keysbackup/restore/KeysBackupRestoreSuccessFragment.kt, /home/codenia/Videos/OZ-Chat_Prod_23_Mar_bgNoti_working/OZ-Chat_Prod/20251125_OZ-Chat_Android_App/OZ-Chat_Android_Dev/vector/src/main/java/im/vector/app/features/crypto/keysbackup/setup/KeysBackupSetupStep3Fragment.kt, /home/codenia/Videos/OZ-Chat_Prod_23_Mar_bgNoti_working/OZ-Chat_Prod/20251125_OZ-Chat_Android_App/OZ-Chat_Android_Dev/vector/src/main/java/im/vector/app/features/crypto/keysbackup/setup/KeysBackupSetupStep2Fragment.kt, /home/codenia/Videos/OZ-Chat_Prod_23_Mar_bgNoti_working/OZ-Chat_Prod/20251125_OZ-Chat_Android_App/OZ-Chat_Android_Dev/vector/src/main/java/im/vector/app/features/crypto/keysbackup/setup/KeysBackupSetupSharedViewModel.kt, /home/codenia/Videos/OZ-Chat_Prod_23_Mar_bgNoti_working/OZ-Chat_Prod/20251125_OZ-Chat_Android_App/OZ-Chat_Android_Dev/vector/src/main/java/im/vector/app/features/crypto/keysbackup/setup/KeysBackupSetupStep1Fragment.kt, /home/codenia/Videos/OZ-Chat_Prod_23_Mar_bgNoti_working/OZ-Chat_Prod/20251125_OZ-Chat_Android_App/OZ-Chat_Android_Dev/vector/src/main/java/im/vector/app/features/crypto/keysbackup/setup/KeysBackupSetupActivity.kt, /home/codenia/Videos/OZ-Chat_Prod_23_Mar_bgNoti_working/OZ-Chat_Prod/20251125_OZ-Chat_Android_App/OZ-Chat_Android_Dev/vector/src/main/java/im/vector/app/features/crypto/recover/BootstrapErrorFragment.kt, /home/codenia/Videos/OZ-Chat_Prod_23_Mar_bgNoti_working/OZ-Chat_Prod/20251125_OZ-Chat_Android_App/OZ-Chat_Android_Dev/vector/src/main/java/im/vector/app/features/crypto/recover/BootstrapWaitingFragment.kt, /home/codenia/Videos/OZ-Chat_Prod_23_Mar_bgNoti_working/OZ-Chat_Prod/20251125_OZ-Chat_Android_App/OZ-Chat_Android_Dev/vector/src/main/java/im/vector/app/features/crypto/recover/BootstrapMigrateBackupFragment.kt, /home/codenia/Videos/OZ-Chat_Prod_23_Mar_bgNoti_working/OZ-Chat_Prod/20251125_OZ-Chat_Android_App/OZ-Chat_Android_Dev/vector/src/main/java/im/vector/app/features/crypto/recover/BootstrapViewEvents.kt, /home/codenia/Videos/OZ-Chat_Prod_23_Mar_bgNoti_working/OZ-Chat_Prod/20251125_OZ-Chat_Android_App/OZ-Chat_Android_Dev/vector/src/main/java/im/vector/app/features/crypto/recover/BootstrapSetupRecoveryKeyFragment.kt, /home/codenia/Videos/OZ-Chat_Prod_23_Mar_bgNoti_working/OZ-Chat_Prod/20251125_OZ-Chat_Android_App/OZ-Chat_Android_Dev/vector/src/main/java/im/vector/app/features/crypto/recover/BootstrapConclusionFragment.kt, /home/codenia/Videos/OZ-Chat_Prod_23_Mar_bgNoti_working/OZ-Chat_Prod/20251125_OZ-Chat_Android_App/OZ-Chat_Android_Dev/vector/src/main/java/im/vector/app/features/crypto/recover/BootstrapStep.kt, /home/codenia/Videos/OZ-Chat_Prod_23_Mar_bgNoti_working/OZ-Chat_Prod/20251125_OZ-Chat_Android_App/OZ-Chat_Android_Dev/vector/src/main/java/im/vector/app/features/crypto/recover/BootstrapReAuthViewModel.kt, /home/codenia/Videos/OZ-Chat_Prod_23_Mar_bgNoti_working/OZ-Chat_Prod/20251125_OZ-Chat_Android_App/OZ-Chat_Android_Dev/vector/src/main/java/im/vector/app/features/crypto/recover/SetupMode.kt, /home/codenia/Videos/OZ-Chat_Prod_23_Mar_bgNoti_working/OZ-Chat_Prod/20251125_OZ-Chat_Android_App/OZ-Chat_Android_Dev/vector/src/main/java/im/vector/app/features/crypto/recover/RecoveryKeyExt.kt, /home/codenia/Videos/OZ-Chat_Prod_23_Mar_bgNoti_working/OZ-Chat_Prod/20251125_OZ-Chat_Android_App/OZ-Chat_Android_Dev/vector/src/main/java/im/vector/app/features/crypto/recover/BootstrapBottomSheet.kt, /home/codenia/Videos/OZ-Chat_Prod_23_Mar_bgNoti_working/OZ-Chat_Prod/20251125_OZ-Chat_Android_App/OZ-Chat_Android_Dev/vector/src/main/java/im/vector/app/features/crypto/recover/BootstrapReAuthFragment.kt, /home/codenia/Videos/OZ-Chat_Prod_23_Mar_bgNoti_working/OZ-Chat_Prod/20251125_OZ-Chat_Android_App/OZ-Chat_Android_Dev/vector/src/main/java/im/vector/app/features/crypto/recover/BootstrapConfirmPassphraseFragment.kt, /home/codenia/Videos/OZ-Chat_Prod_23_Mar_bgNoti_working/OZ-Chat_Prod/20251125_OZ-Chat_Android_App/OZ-Chat_Android_Dev/vector/src/main/java/im/vector/app/features/crypto/recover/BootstrapCrossSigningTask.kt, /home/codenia/Videos/OZ-Chat_Prod_23_Mar_bgNoti_working/OZ-Chat_Prod/20251125_OZ-Chat_Android_App/OZ-Chat_Android_Dev/vector/src/main/java/im/vector/app/features/crypto/recover/BootstrapEnterPassphraseFragment.kt, /home/codenia/Videos/OZ-Chat_Prod_23_Mar_bgNoti_working/OZ-Chat_Prod/20251125_OZ-Chat_Android_App/OZ-Chat_Android_Dev/vector/src/main/java/im/vector/app/features/crypto/recover/BootstrapSharedViewModel.kt, /home/codenia/Videos/OZ-Chat_Prod_23_Mar_bgNoti_working/OZ-Chat_Prod/20251125_OZ-Chat_Android_App/OZ-Chat_Android_Dev/vector/src/main/java/im/vector/app/features/crypto/recover/KeepItSafeDialog.kt, /home/codenia/Videos/OZ-Chat_Prod_23_Mar_bgNoti_working/OZ-Chat_Prod/20251125_OZ-Chat_Android_App/OZ-Chat_Android_Dev/vector/src/main/java/im/vector/app/features/crypto/recover/BootstrapSaveRecoveryKeyFragment.kt, /home/codenia/Videos/OZ-Chat_Prod_23_Mar_bgNoti_working/OZ-Chat_Prod/20251125_OZ-Chat_Android_App/OZ-Chat_Android_Dev/vector/src/main/java/im/vector/app/features/crypto/recover/BackupToQuadSMigrationTask.kt, /home/codenia/Videos/OZ-Chat_Prod_23_Mar_bgNoti_working/OZ-Chat_Prod/20251125_OZ-Chat_Android_App/OZ-Chat_Android_Dev/vector/src/main/java/im/vector/app/features/crypto/recover/BootstrapActions.kt, /home/codenia/Videos/OZ-Chat_Prod_23_Mar_bgNoti_working/OZ-Chat_Prod/20251125_OZ-Chat_Android_App/OZ-Chat_Android_Dev/vector/src/main/java/im/vector/app/features/crypto/recover/BootstrapViewState.kt, /home/codenia/Videos/OZ-Chat_Prod_23_Mar_bgNoti_working/OZ-Chat_Prod/20251125_OZ-Chat_Android_App/OZ-Chat_Android_Dev/vector/src/main/java/im/vector/app/features/crypto/keys/KeysImporter.kt, /home/codenia/Videos/OZ-Chat_Prod_23_Mar_bgNoti_working/OZ-Chat_Prod/20251125_OZ-Chat_Android_App/OZ-Chat_Android_Dev/vector/src/main/java/im/vector/app/features/crypto/keys/KeysExporter.kt, /home/codenia/Videos/OZ-Chat_Prod_23_Mar_bgNoti_working/OZ-Chat_Prod/20251125_OZ-Chat_Android_App/OZ-Chat_Android_Dev/vector/src/main/java/im/vector/app/features/discovery/DiscoverySettingsViewEvents.kt, /home/codenia/Videos/OZ-Chat_Prod_23_Mar_bgNoti_working/OZ-Chat_Prod/20251125_OZ-Chat_Android_App/OZ-Chat_Android_Dev/vector/src/main/java/im/vector/app/features/discovery/DiscoverySettingsController.kt, /home/codenia/Videos/OZ-Chat_Prod_23_Mar_bgNoti_working/OZ-Chat_Prod/20251125_OZ-Chat_Android_App/OZ-Chat_Android_Dev/vector/src/main/java/im/vector/app/features/discovery/DiscoverySettingsAction.kt, /home/codenia/Videos/OZ-Chat_Prod_23_Mar_bgNoti_working/OZ-Chat_Prod/20251125_OZ-Chat_Android_App/OZ-Chat_Android_Dev/vector/src/main/java/im/vector/app/features/discovery/SettingsItem.kt, /home/codenia/Videos/OZ-Chat_Prod_23_Mar_bgNoti_working/OZ-Chat_Prod/20251125_OZ-Chat_Android_App/OZ-Chat_Android_Dev/vector/src/main/java/im/vector/app/features/discovery/SettingsInfoItem.kt, /home/codenia/Videos/OZ-Chat_Prod_23_Mar_bgNoti_working/OZ-Chat_Prod/20251125_OZ-Chat_Android_App/OZ-Chat_Android_Dev/vector/src/main/java/im/vector/app/features/discovery/change/SetIdentityServerViewEvents.kt, /home/codenia/Videos/OZ-Chat_Prod_23_Mar_bgNoti_working/OZ-Chat_Prod/20251125_OZ-Chat_Android_App/OZ-Chat_Android_Dev/vector/src/main/java/im/vector/app/features/discovery/change/SetIdentityServerAction.kt, /home/codenia/Videos/OZ-Chat_Prod_23_Mar_bgNoti_working/OZ-Chat_Prod/20251125_OZ-Chat_Android_App/OZ-Chat_Android_Dev/vector/src/main/java/im/vector/app/features/discovery/change/SetIdentityServerViewModel.kt, /home/codenia/Videos/OZ-Chat_Prod_23_Mar_bgNoti_working/OZ-Chat_Prod/20251125_OZ-Chat_Android_App/OZ-Chat_Android_Dev/vector/src/main/java/im/vector/app/features/discovery/change/SetIdentityServerFragment.kt, /home/codenia/Videos/OZ-Chat_Prod_23_Mar_bgNoti_working/OZ-Chat_Prod/20251125_OZ-Chat_Android_App/OZ-Chat_Android_Dev/vector/src/main/java/im/vector/app/features/discovery/change/SetIdentityServerState.kt, /home/codenia/Videos/OZ-Chat_Prod_23_Mar_bgNoti_working/OZ-Chat_Prod/20251125_OZ-Chat_Android_App/OZ-Chat_Android_Dev/vector/src/main/java/im/vector/app/features/discovery/SettingsTextButtonSingleLineItem.kt, /home/codenia/Videos/OZ-Chat_Prod_23_Mar_bgNoti_working/OZ-Chat_Prod/20251125_OZ-Chat_Android_App/OZ-Chat_Android_Dev/vector/src/main/java/im/vector/app/features/discovery/DiscoverySharedViewModel.kt, /home/codenia/Videos/OZ-Chat_Prod_23_Mar_bgNoti_working/OZ-Chat_Prod/20251125_OZ-Chat_Android_App/OZ-Chat_Android_Dev/vector/src/main/java/im/vector/app/features/discovery/SettingsSectionTitleItem.kt, /home/codenia/Videos/OZ-Chat_Prod_23_Mar_bgNoti_working/OZ-Chat_Prod/20251125_OZ-Chat_Android_App/OZ-Chat_Android_Dev/vector/src/main/java/im/vector/app/features/discovery/SettingsEditTextItem.kt, /home/codenia/Videos/OZ-Chat_Prod_23_Mar_bgNoti_working/OZ-Chat_Prod/20251125_OZ-Chat_Android_App/OZ-Chat_Android_Dev/vector/src/main/java/im/vector/app/features/discovery/SettingsContinueCancelItem.kt, /home/codenia/Videos/OZ-Chat_Prod_23_Mar_bgNoti_working/OZ-Chat_Prod/20251125_OZ-Chat_Android_App/OZ-Chat_Android_Dev/vector/src/main/java/im/vector/app/features/discovery/ServerAndPolicies.kt, /home/codenia/Videos/OZ-Chat_Prod_23_Mar_bgNoti_working/OZ-Chat_Prod/20251125_OZ-Chat_Android_App/OZ-Chat_Android_Dev/vector/src/main/java/im/vector/app/features/discovery/DiscoverySharedViewModelAction.kt, /home/codenia/Videos/OZ-Chat_Prod_23_Mar_bgNoti_working/OZ-Chat_Prod/20251125_OZ-Chat_Android_App/OZ-Chat_Android_Dev/vector/src/main/java/im/vector/app/features/discovery/DiscoverySettingsFragment.kt, /home/codenia/Videos/OZ-Chat_Prod_23_Mar_bgNoti_working/OZ-Chat_Prod/20251125_OZ-Chat_Android_App/OZ-Chat_Android_Dev/vector/src/main/java/im/vector/app/features/discovery/DiscoverySettingsState.kt, /home/codenia/Videos/OZ-Chat_Prod_23_Mar_bgNoti_working/OZ-Chat_Prod/20251125_OZ-Chat_Android_App/OZ-Chat_Android_Dev/vector/src/main/java/im/vector/app/features/discovery/SettingsInformationItem.kt, /home/codenia/Videos/OZ-Chat_Prod_23_Mar_bgNoti_working/OZ-Chat_Prod/20251125_OZ-Chat_Android_App/OZ-Chat_Android_Dev/vector/src/main/java/im/vector/app/features/discovery/SettingsCenteredImageItem.kt, /home/codenia/Videos/OZ-Chat_Prod_23_Mar_bgNoti_working/OZ-Chat_Prod/20251125_OZ-Chat_Android_App/OZ-Chat_Android_Dev/vector/src/main/java/im/vector/app/features/discovery/SettingsButtonItem.kt, /home/codenia/Videos/OZ-Chat_Prod_23_Mar_bgNoti_working/OZ-Chat_Prod/20251125_OZ-Chat_Android_App/OZ-Chat_Android_Dev/vector/src/main/java/im/vector/app/features/discovery/SettingsProgressItem.kt, /home/codenia/Videos/OZ-Chat_Prod_23_Mar_bgNoti_working/OZ-Chat_Prod/20251125_OZ-Chat_Android_App/OZ-Chat_Android_Dev/vector/src/main/java/im/vector/app/features/discovery/DiscoverySettingsViewModel.kt, /home/codenia/Videos/OZ-Chat_Prod_23_Mar_bgNoti_working/OZ-Chat_Prod/20251125_OZ-Chat_Android_App/OZ-Chat_Android_Dev/vector/src/main/java/im/vector/app/features/discovery/Extensions.kt, /home/codenia/Videos/OZ-Chat_Prod_23_Mar_bgNoti_working/OZ-Chat_Prod/20251125_OZ-Chat_Android_App/OZ-Chat_Android_Dev/vector/src/main/java/im/vector/app/features/discovery/DiscoveryPolicyItem.kt, /home/codenia/Videos/OZ-Chat_Prod_23_Mar_bgNoti_working/OZ-Chat_Prod/20251125_OZ-Chat_Android_App/OZ-Chat_Android_Dev/vector/src/main/java/im/vector/app/features/discovery/PidInfo.kt, /home/codenia/Videos/OZ-Chat_Prod_23_Mar_bgNoti_working/OZ-Chat_Prod/20251125_OZ-Chat_Android_App/OZ-Chat_Android_Dev/vector/src/main/java/im/vector/app/features/voicebroadcast/views/VoiceBroadcastBufferingView.kt, /home/codenia/Videos/OZ-Chat_Prod_23_Mar_bgNoti_working/OZ-Chat_Prod/20251125_OZ-Chat_Android_App/OZ-Chat_Android_Dev/vector/src/main/java/im/vector/app/features/voicebroadcast/views/VoiceBroadcastMetadataView.kt, /home/codenia/Videos/OZ-Chat_Prod_23_Mar_bgNoti_working/OZ-Chat_Prod/20251125_OZ-Chat_Android_App/OZ-Chat_Android_Dev/vector/src/main/java/im/vector/app/features/voicebroadcast/recording/VoiceBroadcastRecorderQ.kt, /home/codenia/Videos/OZ-Chat_Prod_23_Mar_bgNoti_working/OZ-Chat_Prod/20251125_OZ-Chat_Android_App/OZ-Chat_Android_Dev/vector/src/main/java/im/vector/app/features/voicebroadcast/recording/VoiceBroadcastRecorder.kt, /home/codenia/Videos/OZ-Chat_Prod_23_Mar_bgNoti_working/OZ-Chat_Prod/20251125_OZ-Chat_Android_App/OZ-Chat_Android_Dev/vector/src/main/java/im/vector/app/features/voicebroadcast/recording/usecase/ResumeVoiceBroadcastUseCase.kt, /home/codenia/Videos/OZ-Chat_Prod_23_Mar_bgNoti_working/OZ-Chat_Prod/20251125_OZ-Chat_Android_App/OZ-Chat_Android_Dev/vector/src/main/java/im/vector/app/features/voicebroadcast/recording/usecase/StopOngoingVoiceBroadcastUseCase.kt, /home/codenia/Videos/OZ-Chat_Prod_23_Mar_bgNoti_working/OZ-Chat_Prod/20251125_OZ-Chat_Android_App/OZ-Chat_Android_Dev/vector/src/main/java/im/vector/app/features/voicebroadcast/recording/usecase/PauseVoiceBroadcastUseCase.kt, /home/codenia/Videos/OZ-Chat_Prod_23_Mar_bgNoti_working/OZ-Chat_Prod/20251125_OZ-Chat_Android_App/OZ-Chat_Android_Dev/vector/src/main/java/im/vector/app/features/voicebroadcast/recording/usecase/StopVoiceBroadcastUseCase.kt, /home/codenia/Videos/OZ-Chat_Prod_23_Mar_bgNoti_working/OZ-Chat_Prod/20251125_OZ-Chat_Android_App/OZ-Chat_Android_Dev/vector/src/main/java/im/vector/app/features/voicebroadcast/recording/usecase/StartVoiceBroadcastUseCase.kt, /home/codenia/Videos/OZ-Chat_Prod_23_Mar_bgNoti_working/OZ-Chat_Prod/20251125_OZ-Chat_Android_App/OZ-Chat_Android_Dev/vector/src/main/java/im/vector/app/features/voicebroadcast/VoiceBroadcastHelper.kt, /home/codenia/Videos/OZ-Chat_Prod_23_Mar_bgNoti_working/OZ-Chat_Prod/20251125_OZ-Chat_Android_App/OZ-Chat_Android_Dev/vector/src/main/java/im/vector/app/features/voicebroadcast/usecase/GetVoiceBroadcastStateEventLiveUseCase.kt, /home/codenia/Videos/OZ-Chat_Prod_23_Mar_bgNoti_working/OZ-Chat_Prod/20251125_OZ-Chat_Android_App/OZ-Chat_Android_Dev/vector/src/main/java/im/vector/app/features/voicebroadcast/usecase/GetRoomLiveVoiceBroadcastsUseCase.kt, /home/codenia/Videos/OZ-Chat_Prod_23_Mar_bgNoti_working/OZ-Chat_Prod/20251125_OZ-Chat_Android_App/OZ-Chat_Android_Dev/vector/src/main/java/im/vector/app/features/voicebroadcast/usecase/GetVoiceBroadcastStateEventUseCase.kt, /home/codenia/Videos/OZ-Chat_Prod_23_Mar_bgNoti_working/OZ-Chat_Prod/20251125_OZ-Chat_Android_App/OZ-Chat_Android_Dev/vector/src/main/java/im/vector/app/features/voicebroadcast/VoiceBroadcastConstants.kt, /home/codenia/Videos/OZ-Chat_Prod_23_Mar_bgNoti_working/OZ-Chat_Prod/20251125_OZ-Chat_Android_App/OZ-Chat_Android_Dev/vector/src/main/java/im/vector/app/features/voicebroadcast/listening/VoiceBroadcastPlayer.kt, /home/codenia/Videos/OZ-Chat_Prod_23_Mar_bgNoti_working/OZ-Chat_Prod/20251125_OZ-Chat_Android_App/OZ-Chat_Android_Dev/vector/src/main/java/im/vector/app/features/voicebroadcast/listening/VoiceBroadcastPlayerImpl.kt, /home/codenia/Videos/OZ-Chat_Prod_23_Mar_bgNoti_working/OZ-Chat_Prod/20251125_OZ-Chat_Android_App/OZ-Chat_Android_Dev/vector/src/main/java/im/vector/app/features/voicebroadcast/listening/usecase/GetLiveVoiceBroadcastChunksUseCase.kt, /home/codenia/Videos/OZ-Chat_Prod_23_Mar_bgNoti_working/OZ-Chat_Prod/20251125_OZ-Chat_Android_App/OZ-Chat_Android_Dev/vector/src/main/java/im/vector/app/features/voicebroadcast/listening/VoiceBroadcastPlaylist.kt, /home/codenia/Videos/OZ-Chat_Prod_23_Mar_bgNoti_working/OZ-Chat_Prod/20251125_OZ-Chat_Android_App/OZ-Chat_Android_Dev/vector/src/main/java/im/vector/app/features/voicebroadcast/VoiceBroadcastExtensions.kt, /home/codenia/Videos/OZ-Chat_Prod_23_Mar_bgNoti_working/OZ-Chat_Prod/20251125_OZ-Chat_Android_App/OZ-Chat_Android_Dev/vector/src/main/java/im/vector/app/features/voicebroadcast/model/MessageVoiceBroadcastInfoContent.kt, /home/codenia/Videos/OZ-Chat_Prod_23_Mar_bgNoti_working/OZ-Chat_Prod/20251125_OZ-Chat_Android_App/OZ-Chat_Android_Dev/vector/src/main/java/im/vector/app/features/voicebroadcast/model/VoiceBroadcastEvent.kt, /home/codenia/Videos/OZ-Chat_Prod_23_Mar_bgNoti_working/OZ-Chat_Prod/20251125_OZ-Chat_Android_App/OZ-Chat_Android_Dev/vector/src/main/java/im/vector/app/features/voicebroadcast/model/VoiceBroadcastChunk.kt, /home/codenia/Videos/OZ-Chat_Prod_23_Mar_bgNoti_working/OZ-Chat_Prod/20251125_OZ-Chat_Android_App/OZ-Chat_Android_Dev/vector/src/main/java/im/vector/app/features/voicebroadcast/model/VoiceBroadcastState.kt, /home/codenia/Videos/OZ-Chat_Prod_23_Mar_bgNoti_working/OZ-Chat_Prod/20251125_OZ-Chat_Android_App/OZ-Chat_Android_Dev/vector/src/main/java/im/vector/app/features/voicebroadcast/model/VoiceBroadcast.kt, /home/codenia/Videos/OZ-Chat_Prod_23_Mar_bgNoti_working/OZ-Chat_Prod/20251125_OZ-Chat_Android_App/OZ-Chat_Android_Dev/vector/src/main/java/im/vector/app/features/voicebroadcast/VoiceBroadcastFailure.kt, /home/codenia/Videos/OZ-Chat_Prod_23_Mar_bgNoti_working/OZ-Chat_Prod/20251125_OZ-Chat_Android_App/OZ-Chat_Android_Dev/vector/src/main/java/im/vector/app/features/terms/ReviewTermsFragment.kt, /home/codenia/Videos/OZ-Chat_Prod_23_Mar_bgNoti_working/OZ-Chat_Prod/20251125_OZ-Chat_Android_App/OZ-Chat_Android_Dev/vector/src/main/java/im/vector/app/features/terms/ServiceTermsArgs.kt, /home/codenia/Videos/OZ-Chat_Prod_23_Mar_bgNoti_working/OZ-Chat_Prod/20251125_OZ-Chat_Android_App/OZ-Chat_Android_Dev/vector/src/main/java/im/vector/app/features/terms/Term.kt, /home/codenia/Videos/OZ-Chat_Prod_23_Mar_bgNoti_working/OZ-Chat_Prod/20251125_OZ-Chat_Android_App/OZ-Chat_Android_Dev/vector/src/main/java/im/vector/app/features/terms/ReviewTermsViewState.kt, /home/codenia/Videos/OZ-Chat_Prod_23_Mar_bgNoti_working/OZ-Chat_Prod/20251125_OZ-Chat_Android_App/OZ-Chat_Android_Dev/vector/src/main/java/im/vector/app/features/terms/ReviewTermsViewModel.kt, /home/codenia/Videos/OZ-Chat_Prod_23_Mar_bgNoti_working/OZ-Chat_Prod/20251125_OZ-Chat_Android_App/OZ-Chat_Android_Dev/vector/src/main/java/im/vector/app/features/terms/ReviewTermsActivity.kt, /home/codenia/Videos/OZ-Chat_Prod_23_Mar_bgNoti_working/OZ-Chat_Prod/20251125_OZ-Chat_Android_App/OZ-Chat_Android_Dev/vector/src/main/java/im/vector/app/features/terms/ReviewTermsAction.kt, /home/codenia/Videos/OZ-Chat_Prod_23_Mar_bgNoti_working/OZ-Chat_Prod/20251125_OZ-Chat_Android_App/OZ-Chat_Android_Dev/vector/src/main/java/im/vector/app/features/terms/ReviewTermsViewEvents.kt, /home/codenia/Videos/OZ-Chat_Prod_23_Mar_bgNoti_working/OZ-Chat_Prod/20251125_OZ-Chat_Android_App/OZ-Chat_Android_Dev/vector/src/main/java/im/vector/app/features/terms/TermsController.kt, /home/codenia/Videos/OZ-Chat_Prod_23_Mar_bgNoti_working/OZ-Chat_Prod/20251125_OZ-Chat_Android_App/OZ-Chat_Android_Dev/vector/src/main/java/im/vector/app/features/terms/TermItem.kt, /home/codenia/Videos/OZ-Chat_Prod_23_Mar_bgNoti_working/OZ-Chat_Prod/20251125_OZ-Chat_Android_App/OZ-Chat_Android_Dev/vector/src/main/java/im/vector/app/features/ui/UiStateRepository.kt, /home/codenia/Videos/OZ-Chat_Prod_23_Mar_bgNoti_working/OZ-Chat_Prod/20251125_OZ-Chat_Android_App/OZ-Chat_Android_Dev/vector/src/main/java/im/vector/app/features/ui/SharedPreferencesUiStateRepository.kt, /home/codenia/Videos/OZ-Chat_Prod_23_Mar_bgNoti_working/OZ-Chat_Prod/20251125_OZ-Chat_Android_App/OZ-Chat_Android_Dev/vector/src/main/java/im/vector/app/features/notifications/NotificationDrawerManager.kt, /home/codenia/Videos/OZ-Chat_Prod_23_Mar_bgNoti_working/OZ-Chat_Prod/20251125_OZ-Chat_Android_App/OZ-Chat_Android_Dev/vector/src/main/java/im/vector/app/features/notifications/ProcessedEvent.kt, /home/codenia/Videos/OZ-Chat_Prod_23_Mar_bgNoti_working/OZ-Chat_Prod/20251125_OZ-Chat_Android_App/OZ-Chat_Android_Dev/vector/src/main/java/im/vector/app/features/notifications/NotifiableMessageEvent.kt, /home/codenia/Videos/OZ-Chat_Prod_23_Mar_bgNoti_working/OZ-Chat_Prod/20251125_OZ-Chat_Android_App/OZ-Chat_Android_Dev/vector/src/main/java/im/vector/app/features/notifications/SummaryGroupMessageCreator.kt, /home/codenia/Videos/OZ-Chat_Prod_23_Mar_bgNoti_working/OZ-Chat_Prod/20251125_OZ-Chat_Android_App/OZ-Chat_Android_Dev/vector/src/main/java/im/vector/app/features/notifications/NotificationDisplayer.kt, /home/codenia/Videos/OZ-Chat_Prod_23_Mar_bgNoti_working/OZ-Chat_Prod/20251125_OZ-Chat_Android_App/OZ-Chat_Android_Dev/vector/src/main/java/im/vector/app/features/notifications/NotificationBroadcastReceiver.kt, /home/codenia/Videos/OZ-Chat_Prod_23_Mar_bgNoti_working/OZ-Chat_Prod/20251125_OZ-Chat_Android_App/OZ-Chat_Android_Dev/vector/src/main/java/im/vector/app/features/notifications/NotificationEventQueue.kt, /home/codenia/Videos/OZ-Chat_Prod_23_Mar_bgNoti_working/OZ-Chat_Prod/20251125_OZ-Chat_Android_App/OZ-Chat_Android_Dev/vector/src/main/java/im/vector/app/features/notifications/NotificationRenderer.kt, /home/codenia/Videos/OZ-Chat_Prod_23_Mar_bgNoti_working/OZ-Chat_Prod/20251125_OZ-Chat_Android_App/OZ-Chat_Android_Dev/vector/src/main/java/im/vector/app/features/notifications/SimpleNotifiableEvent.kt, /home/codenia/Videos/OZ-Chat_Prod_23_Mar_bgNoti_working/OZ-Chat_Prod/20251125_OZ-Chat_Android_App/OZ-Chat_Android_Dev/vector/src/main/java/im/vector/app/features/notifications/NotificationActionIds.kt, /home/codenia/Videos/OZ-Chat_Prod_23_Mar_bgNoti_working/OZ-Chat_Prod/20251125_OZ-Chat_Android_App/OZ-Chat_Android_Dev/vector/src/main/java/im/vector/app/features/notifications/CallActionReceiver.kt, /home/codenia/Videos/OZ-Chat_Prod_23_Mar_bgNoti_working/OZ-Chat_Prod/20251125_OZ-Chat_Android_App/OZ-Chat_Android_Dev/vector/src/main/java/im/vector/app/features/notifications/CallForegroundService.kt, /home/codenia/Videos/OZ-Chat_Prod_23_Mar_bgNoti_working/OZ-Chat_Prod/20251125_OZ-Chat_Android_App/OZ-Chat_Android_Dev/vector/src/main/java/im/vector/app/features/notifications/NotifiableEventResolver.kt, /home/codenia/Videos/OZ-Chat_Prod_23_Mar_bgNoti_working/OZ-Chat_Prod/20251125_OZ-Chat_Android_App/OZ-Chat_Android_Dev/vector/src/main/java/im/vector/app/features/notifications/OutdatedEventDetector.kt, /home/codenia/Videos/OZ-Chat_Prod_23_Mar_bgNoti_working/OZ-Chat_Prod/20251125_OZ-Chat_Android_App/OZ-Chat_Android_Dev/vector/src/main/java/im/vector/app/features/notifications/PushRuleTriggerListener.kt, /home/codenia/Videos/OZ-Chat_Prod_23_Mar_bgNoti_working/OZ-Chat_Prod/20251125_OZ-Chat_Android_App/OZ-Chat_Android_Dev/vector/src/main/java/im/vector/app/features/notifications/RoomGroupMessageCreator.kt, /home/codenia/Videos/OZ-Chat_Prod_23_Mar_bgNoti_working/OZ-Chat_Prod/20251125_OZ-Chat_Android_App/OZ-Chat_Android_Dev/vector/src/main/java/im/vector/app/features/notifications/CircularCache.kt, /home/codenia/Videos/OZ-Chat_Prod_23_Mar_bgNoti_working/OZ-Chat_Prod/20251125_OZ-Chat_Android_App/OZ-Chat_Android_Dev/vector/src/main/java/im/vector/app/features/notifications/NotifiableEvent.kt, /home/codenia/Videos/OZ-Chat_Prod_23_Mar_bgNoti_working/OZ-Chat_Prod/20251125_OZ-Chat_Android_App/OZ-Chat_Android_Dev/vector/src/main/java/im/vector/app/features/notifications/NotificationAction.kt, /home/codenia/Videos/OZ-Chat_Prod_23_Mar_bgNoti_working/OZ-Chat_Prod/20251125_OZ-Chat_Android_App/OZ-Chat_Android_Dev/vector/src/main/java/im/vector/app/features/notifications/NotificationFactory.kt, /home/codenia/Videos/OZ-Chat_Prod_23_Mar_bgNoti_working/OZ-Chat_Prod/20251125_OZ-Chat_Android_App/OZ-Chat_Android_Dev/vector/src/main/java/im/vector/app/features/notifications/NotificationUtils.kt, /home/codenia/Videos/OZ-Chat_Prod_23_Mar_bgNoti_working/OZ-Chat_Prod/20251125_OZ-Chat_Android_App/OZ-Chat_Android_Dev/vector/src/main/java/im/vector/app/features/notifications/NotifiableEventProcessor.kt, /home/codenia/Videos/OZ-Chat_Prod_23_Mar_bgNoti_working/OZ-Chat_Prod/20251125_OZ-Chat_Android_App/OZ-Chat_Android_Dev/vector/src/main/java/im/vector/app/features/notifications/NotificationEventPersistence.kt, /home/codenia/Videos/OZ-Chat_Prod_23_Mar_bgNoti_working/OZ-Chat_Prod/20251125_OZ-Chat_Android_App/OZ-Chat_Android_Dev/vector/src/main/java/im/vector/app/features/notifications/CallInviteReceiver.kt, /home/codenia/Videos/OZ-Chat_Prod_23_Mar_bgNoti_working/OZ-Chat_Prod/20251125_OZ-Chat_Android_App/OZ-Chat_Android_Dev/vector/src/main/java/im/vector/app/features/notifications/InviteNotifiableEvent.kt, /home/codenia/Videos/OZ-Chat_Prod_23_Mar_bgNoti_working/OZ-Chat_Prod/20251125_OZ-Chat_Android_App/OZ-Chat_Android_Dev/vector/src/main/java/im/vector/app/features/notifications/FilteredEventDetector.kt, /home/codenia/Videos/OZ-Chat_Prod_23_Mar_bgNoti_working/OZ-Chat_Prod/20251125_OZ-Chat_Android_App/OZ-Chat_Android_Dev/vector/src/main/java/im/vector/app/features/notifications/RoomEventGroupInfo.kt, /home/codenia/Videos/OZ-Chat_Prod_23_Mar_bgNoti_working/OZ-Chat_Prod/20251125_OZ-Chat_Android_App/OZ-Chat_Android_Dev/vector/src/main/java/im/vector/app/features/notifications/NotificationBitmapLoader.kt, /home/codenia/Videos/OZ-Chat_Prod_23_Mar_bgNoti_working/OZ-Chat_Prod/20251125_OZ-Chat_Android_App/OZ-Chat_Android_Dev/vector/src/main/java/im/vector/app/features/notifications/NotificationState.kt, /home/codenia/Videos/OZ-Chat_Prod_23_Mar_bgNoti_working/OZ-Chat_Prod/20251125_OZ-Chat_Android_App/OZ-Chat_Android_Dev/vector/src/main/java/im/vector/app/features/roomdirectory/UnknownRoomItem.kt, /home/codenia/Videos/OZ-Chat_Prod_23_Mar_bgNoti_working/OZ-Chat_Prod/20251125_OZ-Chat_Android_App/OZ-Chat_Android_Dev/vector/src/main/java/im/vector/app/features/roomdirectory/RoomDirectoryViewModel.kt, /home/codenia/Videos/OZ-Chat_Prod_23_Mar_bgNoti_working/OZ-Chat_Prod/20251125_OZ-Chat_Android_App/OZ-Chat_Android_Dev/vector/src/main/java/im/vector/app/features/roomdirectory/RoomDirectorySharedAction.kt, /home/codenia/Videos/OZ-Chat_Prod_23_Mar_bgNoti_working/OZ-Chat_Prod/20251125_OZ-Chat_Android_App/OZ-Chat_Android_Dev/vector/src/main/java/im/vector/app/features/roomdirectory/roompreview/RoomPreviewAction.kt, /home/codenia/Videos/OZ-Chat_Prod_23_Mar_bgNoti_working/OZ-Chat_Prod/20251125_OZ-Chat_Android_App/OZ-Chat_Android_Dev/vector/src/main/java/im/vector/app/features/roomdirectory/roompreview/RoomPreviewViewState.kt, /home/codenia/Videos/OZ-Chat_Prod_23_Mar_bgNoti_working/OZ-Chat_Prod/20251125_OZ-Chat_Android_App/OZ-Chat_Android_Dev/vector/src/main/java/im/vector/app/features/roomdirectory/roompreview/RoomPreviewActivity.kt, /home/codenia/Videos/OZ-Chat_Prod_23_Mar_bgNoti_working/OZ-Chat_Prod/20251125_OZ-Chat_Android_App/OZ-Chat_Android_Dev/vector/src/main/java/im/vector/app/features/roomdirectory/roompreview/PeekingState.kt, /home/codenia/Videos/OZ-Chat_Prod_23_Mar_bgNoti_working/OZ-Chat_Prod/20251125_OZ-Chat_Android_App/OZ-Chat_Android_Dev/vector/src/main/java/im/vector/app/features/roomdirectory/roompreview/RoomPreviewNoPreviewFragment.kt, /home/codenia/Videos/OZ-Chat_Prod_23_Mar_bgNoti_working/OZ-Chat_Prod/20251125_OZ-Chat_Android_App/OZ-Chat_Android_Dev/vector/src/main/java/im/vector/app/features/roomdirectory/roompreview/RoomPreviewViewModel.kt, /home/codenia/Videos/OZ-Chat_Prod_23_Mar_bgNoti_working/OZ-Chat_Prod/20251125_OZ-Chat_Android_App/OZ-Chat_Android_Dev/vector/src/main/java/im/vector/app/features/roomdirectory/RoomDirectoryAction.kt, /home/codenia/Videos/OZ-Chat_Prod_23_Mar_bgNoti_working/OZ-Chat_Prod/20251125_OZ-Chat_Android_App/OZ-Chat_Android_Dev/vector/src/main/java/im/vector/app/features/roomdirectory/RoomDirectoryViewEvents.kt, /home/codenia/Videos/OZ-Chat_Prod_23_Mar_bgNoti_working/OZ-Chat_Prod/20251125_OZ-Chat_Android_App/OZ-Chat_Android_Dev/vector/src/main/java/im/vector/app/features/roomdirectory/PublicRoomsController.kt, /home/codenia/Videos/OZ-Chat_Prod_23_Mar_bgNoti_working/OZ-Chat_Prod/20251125_OZ-Chat_Android_App/OZ-Chat_Android_Dev/vector/src/main/java/im/vector/app/features/roomdirectory/PublicRoomItem.kt, /home/codenia/Videos/OZ-Chat_Prod_23_Mar_bgNoti_working/OZ-Chat_Prod/20251125_OZ-Chat_Android_App/OZ-Chat_Android_Dev/vector/src/main/java/im/vector/app/features/roomdirectory/PublicRoomsViewState.kt, /home/codenia/Videos/OZ-Chat_Prod_23_Mar_bgNoti_working/OZ-Chat_Prod/20251125_OZ-Chat_Android_App/OZ-Chat_Android_Dev/vector/src/main/java/im/vector/app/features/roomdirectory/RoomDirectoryServer.kt, /home/codenia/Videos/OZ-Chat_Prod_23_Mar_bgNoti_working/OZ-Chat_Prod/20251125_OZ-Chat_Android_App/OZ-Chat_Android_Dev/vector/src/main/java/im/vector/app/features/roomdirectory/ExplicitTermFilter.kt, /home/codenia/Videos/OZ-Chat_Prod_23_Mar_bgNoti_working/OZ-Chat_Prod/20251125_OZ-Chat_Android_App/OZ-Chat_Android_Dev/vector/src/main/java/im/vector/app/features/roomdirectory/JoinState.kt, /home/codenia/Videos/OZ-Chat_Prod_23_Mar_bgNoti_working/OZ-Chat_Prod/20251125_OZ-Chat_Android_App/OZ-Chat_Android_Dev/vector/src/main/java/im/vector/app/features/roomdirectory/PublicRoomsFragment.kt, /home/codenia/Videos/OZ-Chat_Prod_23_Mar_bgNoti_working/OZ-Chat_Prod/20251125_OZ-Chat_Android_App/OZ-Chat_Android_Dev/vector/src/main/java/im/vector/app/features/roomdirectory/picker/RoomDirectoryPickerController.kt, /home/codenia/Videos/OZ-Chat_Prod_23_Mar_bgNoti_working/OZ-Chat_Prod/20251125_OZ-Chat_Android_App/OZ-Chat_Android_Dev/vector/src/main/java/im/vector/app/features/roomdirectory/picker/RoomDirectoryPickerFragment.kt, /home/codenia/Videos/OZ-Chat_Prod_23_Mar_bgNoti_working/OZ-Chat_Prod/20251125_OZ-Chat_Android_App/OZ-Chat_Android_Dev/vector/src/main/java/im/vector/app/features/roomdirectory/picker/RoomDirectoryPickerViewModel.kt, /home/codenia/Videos/OZ-Chat_Prod_23_Mar_bgNoti_working/OZ-Chat_Prod/20251125_OZ-Chat_Android_App/OZ-Chat_Android_Dev/vector/src/main/java/im/vector/app/features/roomdirectory/picker/RoomDirectoryServerItem.kt, /home/codenia/Videos/OZ-Chat_Prod_23_Mar_bgNoti_working/OZ-Chat_Prod/20251125_OZ-Chat_Android_App/OZ-Chat_Android_Dev/vector/src/main/java/im/vector/app/features/roomdirectory/picker/RoomDirectoryPickerViewState.kt, /home/codenia/Videos/OZ-Chat_Prod_23_Mar_bgNoti_working/OZ-Chat_Prod/20251125_OZ-Chat_Android_App/OZ-Chat_Android_Dev/vector/src/main/java/im/vector/app/features/roomdirectory/picker/RoomDirectoryItem.kt, /home/codenia/Videos/OZ-Chat_Prod_23_Mar_bgNoti_working/OZ-Chat_Prod/20251125_OZ-Chat_Android_App/OZ-Chat_Android_Dev/vector/src/main/java/im/vector/app/features/roomdirectory/picker/RoomDirectoryPickerAction.kt, /home/codenia/Videos/OZ-Chat_Prod_23_Mar_bgNoti_working/OZ-Chat_Prod/20251125_OZ-Chat_Android_App/OZ-Chat_Android_Dev/vector/src/main/java/im/vector/app/features/roomdirectory/picker/RoomDirectoryListCreator.kt, /home/codenia/Videos/OZ-Chat_Prod_23_Mar_bgNoti_working/OZ-Chat_Prod/20251125_OZ-Chat_Android_App/OZ-Chat_Android_Dev/vector/src/main/java/im/vector/app/features/roomdirectory/createroom/CreateRoomController.kt, /home/codenia/Videos/OZ-Chat_Prod_23_Mar_bgNoti_working/OZ-Chat_Prod/20251125_OZ-Chat_Android_App/OZ-Chat_Android_Dev/vector/src/main/java/im/vector/app/features/roomdirectory/createroom/RoomAliasErrorFormatter.kt, /home/codenia/Videos/OZ-Chat_Prod_23_Mar_bgNoti_working/OZ-Chat_Prod/20251125_OZ-Chat_Android_App/OZ-Chat_Android_Dev/vector/src/main/java/im/vector/app/features/roomdirectory/createroom/CreateRoomViewState.kt, /home/codenia/Videos/OZ-Chat_Prod_23_Mar_bgNoti_working/OZ-Chat_Prod/20251125_OZ-Chat_Android_App/OZ-Chat_Android_Dev/vector/src/main/java/im/vector/app/features/roomdirectory/createroom/CreateRoomFragment.kt, /home/codenia/Videos/OZ-Chat_Prod_23_Mar_bgNoti_working/OZ-Chat_Prod/20251125_OZ-Chat_Android_App/OZ-Chat_Android_Dev/vector/src/main/java/im/vector/app/features/roomdirectory/createroom/CreateRoomActivity.kt, /home/codenia/Videos/OZ-Chat_Prod_23_Mar_bgNoti_working/OZ-Chat_Prod/20251125_OZ-Chat_Android_App/OZ-Chat_Android_Dev/vector/src/main/java/im/vector/app/features/roomdirectory/createroom/CreateRoomViewEvents.kt, /home/codenia/Videos/OZ-Chat_Prod_23_Mar_bgNoti_working/OZ-Chat_Prod/20251125_OZ-Chat_Android_App/OZ-Chat_Android_Dev/vector/src/main/java/im/vector/app/features/roomdirectory/createroom/CreateRoomAction.kt, /home/codenia/Videos/OZ-Chat_Prod_23_Mar_bgNoti_working/OZ-Chat_Prod/20251125_OZ-Chat_Android_App/OZ-Chat_Android_Dev/vector/src/main/java/im/vector/app/features/roomdirectory/createroom/CreateRoomViewModel.kt, /home/codenia/Videos/OZ-Chat_Prod_23_Mar_bgNoti_working/OZ-Chat_Prod/20251125_OZ-Chat_Android_App/OZ-Chat_Android_Dev/vector/src/main/java/im/vector/app/features/roomdirectory/createroom/CreateSubSpaceController.kt, /home/codenia/Videos/OZ-Chat_Prod_23_Mar_bgNoti_working/OZ-Chat_Prod/20251125_OZ-Chat_Android_App/OZ-Chat_Android_Dev/vector/src/main/java/im/vector/app/features/roomdirectory/RoomDirectoryData.kt, /home/codenia/Videos/OZ-Chat_Prod_23_Mar_bgNoti_working/OZ-Chat_Prod/20251125_OZ-Chat_Android_App/OZ-Chat_Android_Dev/vector/src/main/java/im/vector/app/features/roomdirectory/RoomDirectorySharedActionViewModel.kt, /home/codenia/Videos/OZ-Chat_Prod_23_Mar_bgNoti_working/OZ-Chat_Prod/20251125_OZ-Chat_Android_App/OZ-Chat_Android_Dev/vector/src/main/java/im/vector/app/features/roomdirectory/RoomDirectoryActivity.kt, /home/codenia/Videos/OZ-Chat_Prod_23_Mar_bgNoti_working/OZ-Chat_Prod/20251125_OZ-Chat_Android_App/OZ-Chat_Android_Dev/vector/src/main/java/im/vector/app/features/webview/VectorWebViewClient.kt, /home/codenia/Videos/OZ-Chat_Prod_23_Mar_bgNoti_working/OZ-Chat_Prod/20251125_OZ-Chat_Android_App/OZ-Chat_Android_Dev/vector/src/main/java/im/vector/app/features/webview/WebViewMode.kt, /home/codenia/Videos/OZ-Chat_Prod_23_Mar_bgNoti_working/OZ-Chat_Prod/20251125_OZ-Chat_Android_App/OZ-Chat_Android_Dev/vector/src/main/java/im/vector/app/features/webview/WebViewEventListener.kt, /home/codenia/Videos/OZ-Chat_Prod_23_Mar_bgNoti_working/OZ-Chat_Prod/20251125_OZ-Chat_Android_App/OZ-Chat_Android_Dev/vector/src/main/java/im/vector/app/features/webview/ConsentWebViewEventListener.kt, /home/codenia/Videos/OZ-Chat_Prod_23_Mar_bgNoti_working/OZ-Chat_Prod/20251125_OZ-Chat_Android_App/OZ-Chat_Android_Dev/vector/src/main/java/im/vector/app/features/webview/WebViewEventListenerFactory.kt, /home/codenia/Videos/OZ-Chat_Prod_23_Mar_bgNoti_working/OZ-Chat_Prod/20251125_OZ-Chat_Android_App/OZ-Chat_Android_Dev/vector/src/main/java/im/vector/app/features/webview/DefaultWebViewEventListener.kt, /home/codenia/Videos/OZ-Chat_Prod_23_Mar_bgNoti_working/OZ-Chat_Prod/20251125_OZ-Chat_Android_App/OZ-Chat_Android_Dev/vector/src/main/java/im/vector/app/features/webview/WebEventListener.kt, /home/codenia/Videos/OZ-Chat_Prod_23_Mar_bgNoti_working/OZ-Chat_Prod/20251125_OZ-Chat_Android_App/OZ-Chat_Android_Dev/vector/src/main/java/im/vector/app/features/webview/WebChromeEventListener.kt, /home/codenia/Videos/OZ-Chat_Prod_23_Mar_bgNoti_working/OZ-Chat_Prod/20251125_OZ-Chat_Android_App/OZ-Chat_Android_Dev/vector/src/main/java/im/vector/app/features/webview/VectorWebViewActivity.kt, /home/codenia/Videos/OZ-Chat_Prod_23_Mar_bgNoti_working/OZ-Chat_Prod/20251125_OZ-Chat_Android_App/OZ-Chat_Android_Dev/vector/src/main/java/im/vector/app/features/call/lookup/RoomVirtualContent.kt, /home/codenia/Videos/OZ-Chat_Prod_23_Mar_bgNoti_working/OZ-Chat_Prod/20251125_OZ-Chat_Android_App/OZ-Chat_Android_Dev/vector/src/main/java/im/vector/app/features/call/lookup/CallUserMapper.kt, /home/codenia/Videos/OZ-Chat_Prod_23_Mar_bgNoti_working/OZ-Chat_Prod/20251125_OZ-Chat_Android_App/OZ-Chat_Android_Dev/vector/src/main/java/im/vector/app/features/call/lookup/ThirdPartyLookup.kt, /home/codenia/Videos/OZ-Chat_Prod_23_Mar_bgNoti_working/OZ-Chat_Prod/20251125_OZ-Chat_Android_App/OZ-Chat_Android_Dev/vector/src/main/java/im/vector/app/features/call/lookup/CallProtocolsChecker.kt, /home/codenia/Videos/OZ-Chat_Prod_23_Mar_bgNoti_working/OZ-Chat_Prod/20251125_OZ-Chat_Android_App/OZ-Chat_Android_Dev/vector/src/main/java/im/vector/app/features/call/service/CallHeadsUpActionReceiver.kt, /home/codenia/Videos/OZ-Chat_Prod_23_Mar_bgNoti_working/OZ-Chat_Prod/20251125_OZ-Chat_Android_App/OZ-Chat_Android_Dev/vector/src/main/java/im/vector/app/features/call/SharedKnownCallsViewModel.kt, /home/codenia/Videos/OZ-Chat_Prod_23_Mar_bgNoti_working/OZ-Chat_Prod/20251125_OZ-Chat_Android_App/OZ-Chat_Android_Dev/vector/src/main/java/im/vector/app/features/call/VectorCallViewEvents.kt, /home/codenia/Videos/OZ-Chat_Prod_23_Mar_bgNoti_working/OZ-Chat_Prod/20251125_OZ-Chat_Android_App/OZ-Chat_Android_Dev/vector/src/main/java/im/vector/app/features/call/VectorCallService.kt, /home/codenia/Videos/OZ-Chat_Prod_23_Mar_bgNoti_working/OZ-Chat_Prod/20251125_OZ-Chat_Android_App/OZ-Chat_Android_Dev/vector/src/main/java/im/vector/app/features/call/CameraEventsHandlerAdapter.kt, /home/codenia/Videos/OZ-Chat_Prod_23_Mar_bgNoti_working/OZ-Chat_Prod/20251125_OZ-Chat_Android_App/OZ-Chat_Android_Dev/vector/src/main/java/im/vector/app/features/call/dialpad/DialPadLookup.kt, /home/codenia/Videos/OZ-Chat_Prod_23_Mar_bgNoti_working/OZ-Chat_Prod/20251125_OZ-Chat_Android_App/OZ-Chat_Android_Dev/vector/src/main/java/im/vector/app/features/call/dialpad/DialPadFragment.kt, /home/codenia/Videos/OZ-Chat_Prod_23_Mar_bgNoti_working/OZ-Chat_Prod/20251125_OZ-Chat_Android_App/OZ-Chat_Android_Dev/vector/src/main/java/im/vector/app/features/call/dialpad/PstnDialActivity.kt, /home/codenia/Videos/OZ-Chat_Prod_23_Mar_bgNoti_working/OZ-Chat_Prod/20251125_OZ-Chat_Android_App/OZ-Chat_Android_Dev/vector/src/main/java/im/vector/app/features/call/dialpad/CallDialPadBottomSheet.kt, /home/codenia/Videos/OZ-Chat_Prod_23_Mar_bgNoti_working/OZ-Chat_Prod/20251125_OZ-Chat_Android_App/OZ-Chat_Android_Dev/vector/src/main/java/im/vector/app/features/call/dialpad/LibPhoneNumberFormatter.kt, /home/codenia/Videos/OZ-Chat_Prod_23_Mar_bgNoti_working/OZ-Chat_Prod/20251125_OZ-Chat_Android_App/OZ-Chat_Android_Dev/vector/src/main/java/im/vector/app/features/call/utils/PeerConnectionExt.kt, /home/codenia/Videos/OZ-Chat_Prod_23_Mar_bgNoti_working/OZ-Chat_Prod/20251125_OZ-Chat_Android_App/OZ-Chat_Android_Dev/vector/src/main/java/im/vector/app/features/call/utils/EglUtils.kt, /home/codenia/Videos/OZ-Chat_Prod_23_Mar_bgNoti_working/OZ-Chat_Prod/20251125_OZ-Chat_Android_App/OZ-Chat_Android_Dev/vector/src/main/java/im/vector/app/features/call/utils/WebRtcMapping.kt, /home/codenia/Videos/OZ-Chat_Prod_23_Mar_bgNoti_working/OZ-Chat_Prod/20251125_OZ-Chat_Android_App/OZ-Chat_Android_Dev/vector/src/main/java/im/vector/app/features/call/VectorCallViewState.kt, /home/codenia/Videos/OZ-Chat_Prod_23_Mar_bgNoti_working/OZ-Chat_Prod/20251125_OZ-Chat_Android_App/OZ-Chat_Android_Dev/vector/src/main/java/im/vector/app/features/call/CallSoundDeviceChooserBottomSheet.kt, /home/codenia/Videos/OZ-Chat_Prod_23_Mar_bgNoti_working/OZ-Chat_Prod/20251125_OZ-Chat_Android_App/OZ-Chat_Android_Dev/vector/src/main/java/im/vector/app/features/call/VectorCallViewActions.kt, /home/codenia/Videos/OZ-Chat_Prod_23_Mar_bgNoti_working/OZ-Chat_Prod/20251125_OZ-Chat_Android_App/OZ-Chat_Android_Dev/vector/src/main/java/im/vector/app/features/call/CallControlsView.kt, /home/codenia/Videos/OZ-Chat_Prod_23_Mar_bgNoti_working/OZ-Chat_Prod/20251125_OZ-Chat_Android_App/OZ-Chat_Android_Dev/vector/src/main/java/im/vector/app/features/call/audio/DefaultAudioDeviceRouter.kt, /home/codenia/Videos/OZ-Chat_Prod_23_Mar_bgNoti_working/OZ-Chat_Prod/20251125_OZ-Chat_Android_App/OZ-Chat_Android_Dev/vector/src/main/java/im/vector/app/features/call/audio/CallAudioManager.kt, /home/codenia/Videos/OZ-Chat_Prod_23_Mar_bgNoti_working/OZ-Chat_Prod/20251125_OZ-Chat_Android_App/OZ-Chat_Android_Dev/vector/src/main/java/im/vector/app/features/call/audio/API21AudioDeviceDetector.kt, /home/codenia/Videos/OZ-Chat_Prod_23_Mar_bgNoti_working/OZ-Chat_Prod/20251125_OZ-Chat_Android_App/OZ-Chat_Android_Dev/vector/src/main/java/im/vector/app/features/call/audio/MicrophoneAccessService.kt, /home/codenia/Videos/OZ-Chat_Prod_23_Mar_bgNoti_working/OZ-Chat_Prod/20251125_OZ-Chat_Android_App/OZ-Chat_Android_Dev/vector/src/main/java/im/vector/app/features/call/audio/API23AudioDeviceDetector.kt, /home/codenia/Videos/OZ-Chat_Prod_23_Mar_bgNoti_working/OZ-Chat_Prod/20251125_OZ-Chat_Android_App/OZ-Chat_Android_Dev/vector/src/main/java/im/vector/app/features/call/transfer/CallTransferActivity.kt, /home/codenia/Videos/OZ-Chat_Prod_23_Mar_bgNoti_working/OZ-Chat_Prod/20251125_OZ-Chat_Android_App/OZ-Chat_Android_Dev/vector/src/main/java/im/vector/app/features/call/transfer/CallTransferPagerAdapter.kt, /home/codenia/Videos/OZ-Chat_Prod_23_Mar_bgNoti_working/OZ-Chat_Prod/20251125_OZ-Chat_Android_App/OZ-Chat_Android_Dev/vector/src/main/java/im/vector/app/features/call/transfer/CallTransferViewEvents.kt, /home/codenia/Videos/OZ-Chat_Prod_23_Mar_bgNoti_working/OZ-Chat_Prod/20251125_OZ-Chat_Android_App/OZ-Chat_Android_Dev/vector/src/main/java/im/vector/app/features/call/transfer/CallTransferResult.kt, /home/codenia/Videos/OZ-Chat_Prod_23_Mar_bgNoti_working/OZ-Chat_Prod/20251125_OZ-Chat_Android_App/OZ-Chat_Android_Dev/vector/src/main/java/im/vector/app/features/call/transfer/CallTransferViewState.kt, /home/codenia/Videos/OZ-Chat_Prod_23_Mar_bgNoti_working/OZ-Chat_Prod/20251125_OZ-Chat_Android_App/OZ-Chat_Android_Dev/vector/src/main/java/im/vector/app/features/call/transfer/CallTransferViewModel.kt, /home/codenia/Videos/OZ-Chat_Prod_23_Mar_bgNoti_working/OZ-Chat_Prod/20251125_OZ-Chat_Android_App/OZ-Chat_Android_Dev/vector/src/main/java/im/vector/app/features/call/CallProximityManager.kt, /home/codenia/Videos/OZ-Chat_Prod_23_Mar_bgNoti_working/OZ-Chat_Prod/20251125_OZ-Chat_Android_App/OZ-Chat_Android_Dev/vector/src/main/java/im/vector/app/features/call/conference/JitsiCallViewActions.kt, /home/codenia/Videos/OZ-Chat_Prod_23_Mar_bgNoti_working/OZ-Chat_Prod/20251125_OZ-Chat_Android_App/OZ-Chat_Android_Dev/vector/src/main/java/im/vector/app/features/call/conference/JitsiCallViewState.kt, /home/codenia/Videos/OZ-Chat_Prod_23_Mar_bgNoti_working/OZ-Chat_Prod/20251125_OZ-Chat_Android_App/OZ-Chat_Android_Dev/vector/src/main/java/im/vector/app/features/call/conference/JitsiService.kt, /home/codenia/Videos/OZ-Chat_Prod_23_Mar_bgNoti_working/OZ-Chat_Prod/20251125_OZ-Chat_Android_App/OZ-Chat_Android_Dev/vector/src/main/java/im/vector/app/features/call/conference/JitsiActiveConferenceHolder.kt, /home/codenia/Videos/OZ-Chat_Prod_23_Mar_bgNoti_working/OZ-Chat_Prod/20251125_OZ-Chat_Android_App/OZ-Chat_Android_Dev/vector/src/main/java/im/vector/app/features/call/conference/ConferenceEvent.kt, /home/codenia/Videos/OZ-Chat_Prod_23_Mar_bgNoti_working/OZ-Chat_Prod/20251125_OZ-Chat_Android_App/OZ-Chat_Android_Dev/vector/src/main/java/im/vector/app/features/call/conference/jwt/JitsiJWTFactory.kt, /home/codenia/Videos/OZ-Chat_Prod_23_Mar_bgNoti_working/OZ-Chat_Prod/20251125_OZ-Chat_Android_App/OZ-Chat_Android_Dev/vector/src/main/java/im/vector/app/features/call/conference/RemoveJitsiWidgetView.kt, /home/codenia/Videos/OZ-Chat_Prod_23_Mar_bgNoti_working/OZ-Chat_Prod/20251125_OZ-Chat_Android_App/OZ-Chat_Android_Dev/vector/src/main/java/im/vector/app/features/call/conference/JitsiWidgetDataFactory.kt, /home/codenia/Videos/OZ-Chat_Prod_23_Mar_bgNoti_working/OZ-Chat_Prod/20251125_OZ-Chat_Android_App/OZ-Chat_Android_Dev/vector/src/main/java/im/vector/app/features/call/conference/VectorJitsiActivity.kt, /home/codenia/Videos/OZ-Chat_Prod_23_Mar_bgNoti_working/OZ-Chat_Prod/20251125_OZ-Chat_Android_App/OZ-Chat_Android_Dev/vector/src/main/java/im/vector/app/features/call/conference/JitsiWidgetData.kt, /home/codenia/Videos/OZ-Chat_Prod_23_Mar_bgNoti_working/OZ-Chat_Prod/20251125_OZ-Chat_Android_App/OZ-Chat_Android_Dev/vector/src/main/java/im/vector/app/features/call/conference/JitsiCallViewModel.kt, /home/codenia/Videos/OZ-Chat_Prod_23_Mar_bgNoti_working/OZ-Chat_Prod/20251125_OZ-Chat_Android_App/OZ-Chat_Android_Dev/vector/src/main/java/im/vector/app/features/call/conference/JitsiCallViewEvents.kt, /home/codenia/Videos/OZ-Chat_Prod_23_Mar_bgNoti_working/OZ-Chat_Prod/20251125_OZ-Chat_Android_App/OZ-Chat_Android_Dev/vector/src/main/java/im/vector/app/features/call/conference/JitsiWellKnown.kt, /home/codenia/Videos/OZ-Chat_Prod_23_Mar_bgNoti_working/OZ-Chat_Prod/20251125_OZ-Chat_Android_App/OZ-Chat_Android_Dev/vector/src/main/java/im/vector/app/features/call/telecom/VectorConnectionAndroidService.kt, /home/codenia/Videos/OZ-Chat_Prod_23_Mar_bgNoti_working/OZ-Chat_Prod/20251125_OZ-Chat_Android_App/OZ-Chat_Android_Dev/vector/src/main/java/im/vector/app/features/call/telecom/CallConnection.kt, /home/codenia/Videos/OZ-Chat_Prod_23_Mar_bgNoti_working/OZ-Chat_Prod/20251125_OZ-Chat_Android_App/OZ-Chat_Android_Dev/vector/src/main/java/im/vector/app/features/call/Cameras.kt, /home/codenia/Videos/OZ-Chat_Prod_23_Mar_bgNoti_working/OZ-Chat_Prod/20251125_OZ-Chat_Android_App/OZ-Chat_Android_Dev/vector/src/main/java/im/vector/app/features/call/VectorCallViewModel.kt, /home/codenia/Videos/OZ-Chat_Prod_23_Mar_bgNoti_working/OZ-Chat_Prod/20251125_OZ-Chat_Android_App/OZ-Chat_Android_Dev/vector/src/main/java/im/vector/app/features/call/webrtc/WebRtcCall.kt, /home/codenia/Videos/OZ-Chat_Prod_23_Mar_bgNoti_working/OZ-Chat_Prod/20251125_OZ-Chat_Android_App/OZ-Chat_Android_Dev/vector/src/main/java/im/vector/app/features/call/webrtc/ScreenCaptureServiceConnection.kt, /home/codenia/Videos/OZ-Chat_Prod_23_Mar_bgNoti_working/OZ-Chat_Prod/20251125_OZ-Chat_Android_App/OZ-Chat_Android_Dev/vector/src/main/java/im/vector/app/features/call/webrtc/PeerConnectionObserver.kt, /home/codenia/Videos/OZ-Chat_Prod_23_Mar_bgNoti_working/OZ-Chat_Prod/20251125_OZ-Chat_Android_App/OZ-Chat_Android_Dev/vector/src/main/java/im/vector/app/features/call/webrtc/WebRtcCallManager.kt, /home/codenia/Videos/OZ-Chat_Prod_23_Mar_bgNoti_working/OZ-Chat_Prod/20251125_OZ-Chat_Android_App/OZ-Chat_Android_Dev/vector/src/main/java/im/vector/app/features/call/webrtc/SdpObserverAdapter.kt, /home/codenia/Videos/OZ-Chat_Prod_23_Mar_bgNoti_working/OZ-Chat_Prod/20251125_OZ-Chat_Android_App/OZ-Chat_Android_Dev/vector/src/main/java/im/vector/app/features/call/webrtc/VoipConfig.kt, /home/codenia/Videos/OZ-Chat_Prod_23_Mar_bgNoti_working/OZ-Chat_Prod/20251125_OZ-Chat_Android_App/OZ-Chat_Android_Dev/vector/src/main/java/im/vector/app/features/call/webrtc/ScreenCaptureAndroidService.kt, /home/codenia/Videos/OZ-Chat_Prod_23_Mar_bgNoti_working/OZ-Chat_Prod/20251125_OZ-Chat_Android_App/OZ-Chat_Android_Dev/vector/src/main/java/im/vector/app/features/call/webrtc/WebRtcCallExt.kt, /home/codenia/Videos/OZ-Chat_Prod_23_Mar_bgNoti_working/OZ-Chat_Prod/20251125_OZ-Chat_Android_App/OZ-Chat_Android_Dev/vector/src/main/java/im/vector/app/features/call/VectorCallActivity.kt, /home/codenia/Videos/OZ-Chat_Prod_23_Mar_bgNoti_working/OZ-Chat_Prod/20251125_OZ-Chat_Android_App/OZ-Chat_Android_Dev/vector/src/main/java/im/vector/app/features/call/CallControlsBottomSheet.kt, /home/codenia/Videos/OZ-Chat_Prod_23_Mar_bgNoti_working/OZ-Chat_Prod/20251125_OZ-Chat_Android_App/OZ-Chat_Android_Dev/vector/src/main/java/im/vector/app/features/onboarding/OnboardingAction.kt, /home/codenia/Videos/OZ-Chat_Prod_23_Mar_bgNoti_working/OZ-Chat_Prod/20251125_OZ-Chat_Android_App/OZ-Chat_Android_Dev/vector/src/main/java/im/vector/app/features/onboarding/ftueauth/FtueAuthWebFragment.kt, /home/codenia/Videos/OZ-Chat_Prod_23_Mar_bgNoti_working/OZ-Chat_Prod/20251125_OZ-Chat_Android_App/OZ-Chat_Android_Dev/vector/src/main/java/im/vector/app/features/onboarding/ftueauth/FtueAuthAccountCreatedFragment.kt, /home/codenia/Videos/OZ-Chat_Prod_23_Mar_bgNoti_working/OZ-Chat_Prod/20251125_OZ-Chat_Android_App/OZ-Chat_Android_Dev/vector/src/main/java/im/vector/app/features/onboarding/ftueauth/FtueAuthSplashCarouselFragment.kt, /home/codenia/Videos/OZ-Chat_Prod_23_Mar_bgNoti_working/OZ-Chat_Prod/20251125_OZ-Chat_Android_App/OZ-Chat_Android_Dev/vector/src/main/java/im/vector/app/features/onboarding/ftueauth/FtueAuthPhoneConfirmationFragment.kt, /home/codenia/Videos/OZ-Chat_Prod_23_Mar_bgNoti_working/OZ-Chat_Prod/20251125_OZ-Chat_Android_App/OZ-Chat_Android_Dev/vector/src/main/java/im/vector/app/features/onboarding/ftueauth/FtueAuthResetPasswordFragment.kt, /home/codenia/Videos/OZ-Chat_Prod_23_Mar_bgNoti_working/OZ-Chat_Prod/20251125_OZ-Chat_Android_App/OZ-Chat_Android_Dev/vector/src/main/java/im/vector/app/features/onboarding/ftueauth/FtueAuthResetPasswordMailConfirmationFragment.kt, /home/codenia/Videos/OZ-Chat_Prod_23_Mar_bgNoti_working/OZ-Chat_Prod/20251125_OZ-Chat_Android_App/OZ-Chat_Android_Dev/vector/src/main/java/im/vector/app/features/onboarding/ftueauth/FtueAuthWaitForEmailFragment.kt, /home/codenia/Videos/OZ-Chat_Prod_23_Mar_bgNoti_working/OZ-Chat_Prod/20251125_OZ-Chat_Android_App/OZ-Chat_Android_Dev/vector/src/main/java/im/vector/app/features/onboarding/ftueauth/FtueAuthLegacyStyleCaptchaFragment.kt, /home/codenia/Videos/OZ-Chat_Prod_23_Mar_bgNoti_working/OZ-Chat_Prod/20251125_OZ-Chat_Android_App/OZ-Chat_Android_Dev/vector/src/main/java/im/vector/app/features/onboarding/ftueauth/FtueAuthResetPasswordBreakerFragment.kt, /home/codenia/Videos/OZ-Chat_Prod_23_Mar_bgNoti_working/OZ-Chat_Prod/20251125_OZ-Chat_Android_App/OZ-Chat_Android_Dev/vector/src/main/java/im/vector/app/features/onboarding/ftueauth/FtueAuthPersonalizationCompleteFragment.kt, /home/codenia/Videos/OZ-Chat_Prod_23_Mar_bgNoti_working/OZ-Chat_Prod/20251125_OZ-Chat_Android_App/OZ-Chat_Android_Dev/vector/src/main/java/im/vector/app/features/onboarding/ftueauth/FtueExtensions.kt, /home/codenia/Videos/OZ-Chat_Prod_23_Mar_bgNoti_working/OZ-Chat_Prod/20251125_OZ-Chat_Android_App/OZ-Chat_Android_Dev/vector/src/main/java/im/vector/app/features/onboarding/ftueauth/FtueAuthCombinedRegisterFragment.kt, /home/codenia/Videos/OZ-Chat_Prod_23_Mar_bgNoti_working/OZ-Chat_Prod/20251125_OZ-Chat_Android_App/OZ-Chat_Android_Dev/vector/src/main/java/im/vector/app/features/onboarding/ftueauth/AbstractSSOFtueAuthFragment.kt, /home/codenia/Videos/OZ-Chat_Prod_23_Mar_bgNoti_working/OZ-Chat_Prod/20251125_OZ-Chat_Android_App/OZ-Chat_Android_Dev/vector/src/main/java/im/vector/app/features/onboarding/ftueauth/CaptchaWebview.kt, /home/codenia/Videos/OZ-Chat_Prod_23_Mar_bgNoti_working/OZ-Chat_Prod/20251125_OZ-Chat_Android_App/OZ-Chat_Android_Dev/vector/src/main/java/im/vector/app/features/onboarding/ftueauth/terms/FtueAuthTermsFragment.kt, /home/codenia/Videos/OZ-Chat_Prod_23_Mar_bgNoti_working/OZ-Chat_Prod/20251125_OZ-Chat_Android_App/OZ-Chat_Android_Dev/vector/src/main/java/im/vector/app/features/onboarding/ftueauth/terms/FtueAuthLegacyStyleTermsFragment.kt, /home/codenia/Videos/OZ-Chat_Prod_23_Mar_bgNoti_working/OZ-Chat_Prod/20251125_OZ-Chat_Android_App/OZ-Chat_Android_Dev/vector/src/main/java/im/vector/app/features/onboarding/ftueauth/FtueAuthResetPasswordEntryFragment.kt, /home/codenia/Videos/OZ-Chat_Prod_23_Mar_bgNoti_working/OZ-Chat_Prod/20251125_OZ-Chat_Android_App/OZ-Chat_Android_Dev/vector/src/main/java/im/vector/app/features/onboarding/ftueauth/FtueAuthLoginFragment.kt, /home/codenia/Videos/OZ-Chat_Prod_23_Mar_bgNoti_working/OZ-Chat_Prod/20251125_OZ-Chat_Android_App/OZ-Chat_Android_Dev/vector/src/main/java/im/vector/app/features/onboarding/ftueauth/FtueAuthCombinedServerSelectionFragment.kt, /home/codenia/Videos/OZ-Chat_Prod_23_Mar_bgNoti_working/OZ-Chat_Prod/20251125_OZ-Chat_Android_App/OZ-Chat_Android_Dev/vector/src/main/java/im/vector/app/features/onboarding/ftueauth/FtueAuthResetPasswordEmailEntryFragment.kt, /home/codenia/Videos/OZ-Chat_Prod_23_Mar_bgNoti_working/OZ-Chat_Prod/20251125_OZ-Chat_Android_App/OZ-Chat_Android_Dev/vector/src/main/java/im/vector/app/features/onboarding/ftueauth/FtueAuthCaptchaFragment.kt, /home/codenia/Videos/OZ-Chat_Prod_23_Mar_bgNoti_working/OZ-Chat_Prod/20251125_OZ-Chat_Android_App/OZ-Chat_Android_Dev/vector/src/main/java/im/vector/app/features/onboarding/ftueauth/LoginErrorParser.kt, /home/codenia/Videos/OZ-Chat_Prod_23_Mar_bgNoti_working/OZ-Chat_Prod/20251125_OZ-Chat_Android_App/OZ-Chat_Android_Dev/vector/src/main/java/im/vector/app/features/onboarding/ftueauth/FtueAuthChooseDisplayNameFragment.kt, /home/codenia/Videos/OZ-Chat_Prod_23_Mar_bgNoti_working/OZ-Chat_Prod/20251125_OZ-Chat_Android_App/OZ-Chat_Android_Dev/vector/src/main/java/im/vector/app/features/onboarding/ftueauth/MatrixOrgRegistrationStagesComparator.kt, /home/codenia/Videos/OZ-Chat_Prod_23_Mar_bgNoti_working/OZ-Chat_Prod/20251125_OZ-Chat_Android_App/OZ-Chat_Android_Dev/vector/src/main/java/im/vector/app/features/onboarding/ftueauth/FtueAuthPhoneEntryFragment.kt, /home/codenia/Videos/OZ-Chat_Prod_23_Mar_bgNoti_working/OZ-Chat_Prod/20251125_OZ-Chat_Android_App/OZ-Chat_Android_Dev/vector/src/main/java/im/vector/app/features/onboarding/ftueauth/LoginValidationResult.kt, /home/codenia/Videos/OZ-Chat_Prod_23_Mar_bgNoti_working/OZ-Chat_Prod/20251125_OZ-Chat_Android_App/OZ-Chat_Android_Dev/vector/src/main/java/im/vector/app/features/onboarding/ftueauth/FtueAuthServerUrlFormFragment.kt, /home/codenia/Videos/OZ-Chat_Prod_23_Mar_bgNoti_working/OZ-Chat_Prod/20251125_OZ-Chat_Android_App/OZ-Chat_Android_Dev/vector/src/main/java/im/vector/app/features/onboarding/ftueauth/SplashCarouselState.kt, /home/codenia/Videos/OZ-Chat_Prod_23_Mar_bgNoti_working/OZ-Chat_Prod/20251125_OZ-Chat_Android_App/OZ-Chat_Android_Dev/vector/src/main/java/im/vector/app/features/onboarding/ftueauth/FtueAuthSignUpSignInSelectionFragment.kt, /home/codenia/Videos/OZ-Chat_Prod_23_Mar_bgNoti_working/OZ-Chat_Prod/20251125_OZ-Chat_Android_App/OZ-Chat_Android_Dev/vector/src/main/java/im/vector/app/features/onboarding/ftueauth/FtueAuthGenericTextInputFormFragment.kt, /home/codenia/Videos/OZ-Chat_Prod_23_Mar_bgNoti_working/OZ-Chat_Prod/20251125_OZ-Chat_Android_App/OZ-Chat_Android_Dev/vector/src/main/java/im/vector/app/features/onboarding/ftueauth/FtueAuthServerSelectionFragment.kt, /home/codenia/Videos/OZ-Chat_Prod_23_Mar_bgNoti_working/OZ-Chat_Prod/20251125_OZ-Chat_Android_App/OZ-Chat_Android_Dev/vector/src/main/java/im/vector/app/features/onboarding/ftueauth/LoginFieldsValidation.kt, /home/codenia/Videos/OZ-Chat_Prod_23_Mar_bgNoti_working/OZ-Chat_Prod/20251125_OZ-Chat_Android_App/OZ-Chat_Android_Dev/vector/src/main/java/im/vector/app/features/onboarding/ftueauth/FtueAuthUseCaseFragment.kt, /home/codenia/Videos/OZ-Chat_Prod_23_Mar_bgNoti_working/OZ-Chat_Prod/20251125_OZ-Chat_Android_App/OZ-Chat_Android_Dev/vector/src/main/java/im/vector/app/features/onboarding/ftueauth/FtueAuthSplashFragment.kt, /home/codenia/Videos/OZ-Chat_Prod_23_Mar_bgNoti_working/OZ-Chat_Prod/20251125_OZ-Chat_Android_App/OZ-Chat_Android_Dev/vector/src/main/java/im/vector/app/features/onboarding/ftueauth/SplashCarouselStateFactory.kt, /home/codenia/Videos/OZ-Chat_Prod_23_Mar_bgNoti_working/OZ-Chat_Prod/20251125_OZ-Chat_Android_App/OZ-Chat_Android_Dev/vector/src/main/java/im/vector/app/features/onboarding/ftueauth/FtueAuthChooseProfilePictureFragment.kt, /home/codenia/Videos/OZ-Chat_Prod_23_Mar_bgNoti_working/OZ-Chat_Prod/20251125_OZ-Chat_Android_App/OZ-Chat_Android_Dev/vector/src/main/java/im/vector/app/features/onboarding/ftueauth/SplashCarouselController.kt, /home/codenia/Videos/OZ-Chat_Prod_23_Mar_bgNoti_working/OZ-Chat_Prod/20251125_OZ-Chat_Android_App/OZ-Chat_Android_Dev/vector/src/main/java/im/vector/app/features/onboarding/ftueauth/AbstractFtueAuthFragment.kt, /home/codenia/Videos/OZ-Chat_Prod_23_Mar_bgNoti_working/OZ-Chat_Prod/20251125_OZ-Chat_Android_App/OZ-Chat_Android_Dev/vector/src/main/java/im/vector/app/features/onboarding/ftueauth/FtueAuthResetPasswordSuccessFragment.kt, /home/codenia/Videos/OZ-Chat_Prod_23_Mar_bgNoti_working/OZ-Chat_Prod/20251125_OZ-Chat_Android_App/OZ-Chat_Android_Dev/vector/src/main/java/im/vector/app/features/onboarding/ftueauth/FtueAuthEmailEntryFragment.kt, /home/codenia/Videos/OZ-Chat_Prod_23_Mar_bgNoti_working/OZ-Chat_Prod/20251125_OZ-Chat_Android_App/OZ-Chat_Android_Dev/vector/src/main/java/im/vector/app/features/onboarding/ftueauth/PhoneNumberParser.kt, /home/codenia/Videos/OZ-Chat_Prod_23_Mar_bgNoti_working/OZ-Chat_Prod/20251125_OZ-Chat_Android_App/OZ-Chat_Android_Dev/vector/src/main/java/im/vector/app/features/onboarding/ftueauth/FtueAuthLegacyWaitForEmailFragment.kt, /home/codenia/Videos/OZ-Chat_Prod_23_Mar_bgNoti_working/OZ-Chat_Prod/20251125_OZ-Chat_Android_App/OZ-Chat_Android_Dev/vector/src/main/java/im/vector/app/features/onboarding/ftueauth/FtueAuthCombinedLoginFragment.kt, /home/codenia/Videos/OZ-Chat_Prod_23_Mar_bgNoti_working/OZ-Chat_Prod/20251125_OZ-Chat_Android_App/OZ-Chat_Android_Dev/vector/src/main/java/im/vector/app/features/onboarding/ftueauth/FtueAuthVariant.kt, /home/codenia/Videos/OZ-Chat_Prod_23_Mar_bgNoti_working/OZ-Chat_Prod/20251125_OZ-Chat_Android_App/OZ-Chat_Android_Dev/vector/src/main/java/im/vector/app/features/onboarding/ftueauth/SplashCarouselItem.kt, /home/codenia/Videos/OZ-Chat_Prod_23_Mar_bgNoti_working/OZ-Chat_Prod/20251125_OZ-Chat_Android_App/OZ-Chat_Android_Dev/vector/src/main/java/im/vector/app/features/onboarding/RegistrationWizardActionDelegate.kt, /home/codenia/Videos/OZ-Chat_Prod_23_Mar_bgNoti_working/OZ-Chat_Prod/20251125_OZ-Chat_Android_App/OZ-Chat_Android_Dev/vector/src/main/java/im/vector/app/features/onboarding/OnboardingViewModel.kt, /home/codenia/Videos/OZ-Chat_Prod_23_Mar_bgNoti_working/OZ-Chat_Prod/20251125_OZ-Chat_Android_App/OZ-Chat_Android_Dev/vector/src/main/java/im/vector/app/features/onboarding/FtueUseCase.kt, /home/codenia/Videos/OZ-Chat_Prod_23_Mar_bgNoti_working/OZ-Chat_Prod/20251125_OZ-Chat_Android_App/OZ-Chat_Android_Dev/vector/src/main/java/im/vector/app/features/onboarding/OnboardingVariantFactory.kt, /home/codenia/Videos/OZ-Chat_Prod_23_Mar_bgNoti_working/OZ-Chat_Prod/20251125_OZ-Chat_Android_App/OZ-Chat_Android_Dev/vector/src/main/java/im/vector/app/features/onboarding/RegistrationActionHandler.kt, /home/codenia/Videos/OZ-Chat_Prod_23_Mar_bgNoti_working/OZ-Chat_Prod/20251125_OZ-Chat_Android_App/OZ-Chat_Android_Dev/vector/src/main/java/im/vector/app/features/onboarding/UriFilenameResolver.kt, /home/codenia/Videos/OZ-Chat_Prod_23_Mar_bgNoti_working/OZ-Chat_Prod/20251125_OZ-Chat_Android_App/OZ-Chat_Android_Dev/vector/src/main/java/im/vector/app/features/onboarding/OnboardingViewEvents.kt, /home/codenia/Videos/OZ-Chat_Prod_23_Mar_bgNoti_working/OZ-Chat_Prod/20251125_OZ-Chat_Android_App/OZ-Chat_Android_Dev/vector/src/main/java/im/vector/app/features/onboarding/UriFactory.kt, /home/codenia/Videos/OZ-Chat_Prod_23_Mar_bgNoti_working/OZ-Chat_Prod/20251125_OZ-Chat_Android_App/OZ-Chat_Android_Dev/vector/src/main/java/im/vector/app/features/onboarding/AuthenticationDescription.kt, /home/codenia/Videos/OZ-Chat_Prod_23_Mar_bgNoti_working/OZ-Chat_Prod/20251125_OZ-Chat_Android_App/OZ-Chat_Android_Dev/vector/src/main/java/im/vector/app/features/onboarding/OnboardingViewState.kt, /home/codenia/Videos/OZ-Chat_Prod_23_Mar_bgNoti_working/OZ-Chat_Prod/20251125_OZ-Chat_Android_App/OZ-Chat_Android_Dev/vector/src/main/java/im/vector/app/features/onboarding/OnboardingActivity.kt, /home/codenia/Videos/OZ-Chat_Prod_23_Mar_bgNoti_working/OZ-Chat_Prod/20251125_OZ-Chat_Android_App/OZ-Chat_Android_Dev/vector/src/main/java/im/vector/app/features/onboarding/MasSupportRequiredException.kt, /home/codenia/Videos/OZ-Chat_Prod_23_Mar_bgNoti_working/OZ-Chat_Prod/20251125_OZ-Chat_Android_App/OZ-Chat_Android_Dev/vector/src/main/java/im/vector/app/features/onboarding/DirectLoginUseCase.kt, /home/codenia/Videos/OZ-Chat_Prod_23_Mar_bgNoti_working/OZ-Chat_Prod/20251125_OZ-Chat_Android_App/OZ-Chat_Android_Dev/vector/src/main/java/im/vector/app/features/onboarding/OnboardingVariant.kt, /home/codenia/Videos/OZ-Chat_Prod_23_Mar_bgNoti_working/OZ-Chat_Prod/20251125_OZ-Chat_Android_App/OZ-Chat_Android_Dev/vector/src/main/java/im/vector/app/features/onboarding/StartAuthenticationFlowUseCase.kt, /home/codenia/Videos/OZ-Chat_Prod_23_Mar_bgNoti_working/OZ-Chat_Prod/20251125_OZ-Chat_Android_App/OZ-Chat_Android_Dev/vector/src/main/java/im/vector/app/features/raw/wellknown/SecureBackupMethod.kt, /home/codenia/Videos/OZ-Chat_Prod_23_Mar_bgNoti_working/OZ-Chat_Prod/20251125_OZ-Chat_Android_App/OZ-Chat_Android_Dev/vector/src/main/java/im/vector/app/features/raw/wellknown/ElementWellKnownMapper.kt, /home/codenia/Videos/OZ-Chat_Prod_23_Mar_bgNoti_working/OZ-Chat_Prod/20251125_OZ-Chat_Android_App/OZ-Chat_Android_Dev/vector/src/main/java/im/vector/app/features/raw/wellknown/ElementWellKnownExt.kt, /home/codenia/Videos/OZ-Chat_Prod_23_Mar_bgNoti_working/OZ-Chat_Prod/20251125_OZ-Chat_Android_App/OZ-Chat_Android_Dev/vector/src/main/java/im/vector/app/features/raw/wellknown/ElementWellKnown.kt, /home/codenia/Videos/OZ-Chat_Prod_23_Mar_bgNoti_working/OZ-Chat_Prod/20251125_OZ-Chat_Android_App/OZ-Chat_Android_Dev/vector/src/main/java/im/vector/app/features/raw/wellknown/CryptoConfig.kt, /home/codenia/Videos/OZ-Chat_Prod_23_Mar_bgNoti_working/OZ-Chat_Prod/20251125_OZ-Chat_Android_App/OZ-Chat_Android_Dev/vector/src/main/java/im/vector/app/features/form/FormSubmitButtonItem.kt, /home/codenia/Videos/OZ-Chat_Prod_23_Mar_bgNoti_working/OZ-Chat_Prod/20251125_OZ-Chat_Android_App/OZ-Chat_Android_Dev/vector/src/main/java/im/vector/app/features/form/FormEditableSquareAvatarItem.kt, /home/codenia/Videos/OZ-Chat_Prod_23_Mar_bgNoti_working/OZ-Chat_Prod/20251125_OZ-Chat_Android_App/OZ-Chat_Android_Dev/vector/src/main/java/im/vector/app/features/form/FormMultiLineEditTextItem.kt, /home/codenia/Videos/OZ-Chat_Prod_23_Mar_bgNoti_working/OZ-Chat_Prod/20251125_OZ-Chat_Android_App/OZ-Chat_Android_Dev/vector/src/main/java/im/vector/app/features/form/FormEditTextWithButtonItem.kt, /home/codenia/Videos/OZ-Chat_Prod_23_Mar_bgNoti_working/OZ-Chat_Prod/20251125_OZ-Chat_Android_App/OZ-Chat_Android_Dev/vector/src/main/java/im/vector/app/features/form/FormEditableAvatarItem.kt, /home/codenia/Videos/OZ-Chat_Prod_23_Mar_bgNoti_working/OZ-Chat_Prod/20251125_OZ-Chat_Android_App/OZ-Chat_Android_Dev/vector/src/main/java/im/vector/app/features/form/FormEditTextWithDeleteItem.kt, /home/codenia/Videos/OZ-Chat_Prod_23_Mar_bgNoti_working/OZ-Chat_Prod/20251125_OZ-Chat_Android_App/OZ-Chat_Android_Dev/vector/src/main/java/im/vector/app/features/form/FormSwitchItem.kt, /home/codenia/Videos/OZ-Chat_Prod_23_Mar_bgNoti_working/OZ-Chat_Prod/20251125_OZ-Chat_Android_App/OZ-Chat_Android_Dev/vector/src/main/java/im/vector/app/features/form/FormAdvancedToggleItem.kt, /home/codenia/Videos/OZ-Chat_Prod_23_Mar_bgNoti_working/OZ-Chat_Prod/20251125_OZ-Chat_Android_App/OZ-Chat_Android_Dev/vector/src/main/java/im/vector/app/features/form/FormEditTextItem.kt, /home/codenia/Videos/OZ-Chat_Prod_23_Mar_bgNoti_working/OZ-Chat_Prod/20251125_OZ-Chat_Android_App/OZ-Chat_Android_Dev/vector/src/main/java/im/vector/app/features/devtools/RoomDevToolRootController.kt, /home/codenia/Videos/OZ-Chat_Prod_23_Mar_bgNoti_working/OZ-Chat_Prod/20251125_OZ-Chat_Android_App/OZ-Chat_Android_Dev/vector/src/main/java/im/vector/app/features/devtools/DevToolsViewEvents.kt, /home/codenia/Videos/OZ-Chat_Prod_23_Mar_bgNoti_working/OZ-Chat_Prod/20251125_OZ-Chat_Android_App/OZ-Chat_Android_Dev/vector/src/main/java/im/vector/app/features/devtools/RoomDevToolSendFormFragment.kt, /home/codenia/Videos/OZ-Chat_Prod_23_Mar_bgNoti_working/OZ-Chat_Prod/20251125_OZ-Chat_Android_App/OZ-Chat_Android_Dev/vector/src/main/java/im/vector/app/features/devtools/RoomDevToolActivity.kt, /home/codenia/Videos/OZ-Chat_Prod_23_Mar_bgNoti_working/OZ-Chat_Prod/20251125_OZ-Chat_Android_App/OZ-Chat_Android_Dev/vector/src/main/java/im/vector/app/features/devtools/RoomDevToolStateEventListFragment.kt, /home/codenia/Videos/OZ-Chat_Prod_23_Mar_bgNoti_working/OZ-Chat_Prod/20251125_OZ-Chat_Android_App/OZ-Chat_Android_Dev/vector/src/main/java/im/vector/app/features/devtools/RoomStateListController.kt, /home/codenia/Videos/OZ-Chat_Prod_23_Mar_bgNoti_working/OZ-Chat_Prod/20251125_OZ-Chat_Android_App/OZ-Chat_Android_Dev/vector/src/main/java/im/vector/app/features/devtools/RoomDevToolEditFragment.kt, /home/codenia/Videos/OZ-Chat_Prod_23_Mar_bgNoti_working/OZ-Chat_Prod/20251125_OZ-Chat_Android_App/OZ-Chat_Android_Dev/vector/src/main/java/im/vector/app/features/devtools/RoomDevToolAction.kt, /home/codenia/Videos/OZ-Chat_Prod_23_Mar_bgNoti_working/OZ-Chat_Prod/20251125_OZ-Chat_Android_App/OZ-Chat_Android_Dev/vector/src/main/java/im/vector/app/features/devtools/RoomDevToolViewModel.kt, /home/codenia/Videos/OZ-Chat_Prod_23_Mar_bgNoti_working/OZ-Chat_Prod/20251125_OZ-Chat_Android_App/OZ-Chat_Android_Dev/vector/src/main/java/im/vector/app/features/devtools/RoomDevToolSendFormController.kt, /home/codenia/Videos/OZ-Chat_Prod_23_Mar_bgNoti_working/OZ-Chat_Prod/20251125_OZ-Chat_Android_App/OZ-Chat_Android_Dev/vector/src/main/java/im/vector/app/features/devtools/DevToolsInteractionListener.kt, /home/codenia/Videos/OZ-Chat_Prod_23_Mar_bgNoti_working/OZ-Chat_Prod/20251125_OZ-Chat_Android_App/OZ-Chat_Android_Dev/vector/src/main/java/im/vector/app/features/devtools/RoomDevToolFragment.kt, /home/codenia/Videos/OZ-Chat_Prod_23_Mar_bgNoti_working/OZ-Chat_Prod/20251125_OZ-Chat_Android_App/OZ-Chat_Android_Dev/vector/src/main/java/im/vector/app/features/devtools/RoomDevToolViewState.kt, /home/codenia/Videos/OZ-Chat_Prod_23_Mar_bgNoti_working/OZ-Chat_Prod/20251125_OZ-Chat_Android_App/OZ-Chat_Android_Dev/vector/src/main/java/im/vector/app/features/roomprofile/RoomProfileViewEvents.kt, /home/codenia/Videos/OZ-Chat_Prod_23_Mar_bgNoti_working/OZ-Chat_Prod/20251125_OZ-Chat_Android_App/OZ-Chat_Android_Dev/vector/src/main/java/im/vector/app/features/roomprofile/RoomProfileViewState.kt, /home/codenia/Videos/OZ-Chat_Prod_23_Mar_bgNoti_working/OZ-Chat_Prod/20251125_OZ-Chat_Android_App/OZ-Chat_Android_Dev/vector/src/main/java/im/vector/app/features/roomprofile/settings/joinrule/RoomJoinRuleAdvancedController.kt, /home/codenia/Videos/OZ-Chat_Prod_23_Mar_bgNoti_working/OZ-Chat_Prod/20251125_OZ-Chat_Android_App/OZ-Chat_Android_Dev/vector/src/main/java/im/vector/app/features/roomprofile/settings/joinrule/RoomJoinRuleController.kt, /home/codenia/Videos/OZ-Chat_Prod_23_Mar_bgNoti_working/OZ-Chat_Prod/20251125_OZ-Chat_Android_App/OZ-Chat_Android_Dev/vector/src/main/java/im/vector/app/features/roomprofile/settings/joinrule/RoomJoinRuleSharedActionViewModel.kt, /home/codenia/Videos/OZ-Chat_Prod_23_Mar_bgNoti_working/OZ-Chat_Prod/20251125_OZ-Chat_Android_App/OZ-Chat_Android_Dev/vector/src/main/java/im/vector/app/features/roomprofile/settings/joinrule/RoomJoinRuleState.kt, /home/codenia/Videos/OZ-Chat_Prod_23_Mar_bgNoti_working/OZ-Chat_Prod/20251125_OZ-Chat_Android_App/OZ-Chat_Android_Dev/vector/src/main/java/im/vector/app/features/roomprofile/settings/joinrule/advanced/RoomJoinRuleChooseRestrictedViewModel.kt, /home/codenia/Videos/OZ-Chat_Prod_23_Mar_bgNoti_working/OZ-Chat_Prod/20251125_OZ-Chat_Android_App/OZ-Chat_Android_Dev/vector/src/main/java/im/vector/app/features/roomprofile/settings/joinrule/advanced/RoomJoinRuleChooseRestrictedFragment.kt, /home/codenia/Videos/OZ-Chat_Prod_23_Mar_bgNoti_working/OZ-Chat_Prod/20251125_OZ-Chat_Android_App/OZ-Chat_Android_Dev/vector/src/main/java/im/vector/app/features/roomprofile/settings/joinrule/advanced/RoomJoinRuleChooseRestrictedActions.kt, /home/codenia/Videos/OZ-Chat_Prod_23_Mar_bgNoti_working/OZ-Chat_Prod/20251125_OZ-Chat_Android_App/OZ-Chat_Android_Dev/vector/src/main/java/im/vector/app/features/roomprofile/settings/joinrule/advanced/ChooseRestrictedController.kt, /home/codenia/Videos/OZ-Chat_Prod_23_Mar_bgNoti_working/OZ-Chat_Prod/20251125_OZ-Chat_Android_App/OZ-Chat_Android_Dev/vector/src/main/java/im/vector/app/features/roomprofile/settings/joinrule/advanced/RoomJoinRuleChooseRestrictedState.kt, /home/codenia/Videos/OZ-Chat_Prod_23_Mar_bgNoti_working/OZ-Chat_Prod/20251125_OZ-Chat_Android_App/OZ-Chat_Android_Dev/vector/src/main/java/im/vector/app/features/roomprofile/settings/joinrule/advanced/RoomJoinRuleChooseRestrictedEvents.kt, /home/codenia/Videos/OZ-Chat_Prod_23_Mar_bgNoti_working/OZ-Chat_Prod/20251125_OZ-Chat_Android_App/OZ-Chat_Android_Dev/vector/src/main/java/im/vector/app/features/roomprofile/settings/joinrule/RoomJoinRuleViewModel.kt, /home/codenia/Videos/OZ-Chat_Prod_23_Mar_bgNoti_working/OZ-Chat_Prod/20251125_OZ-Chat_Android_App/OZ-Chat_Android_Dev/vector/src/main/java/im/vector/app/features/roomprofile/settings/joinrule/RoomJoinRuleFragment.kt, /home/codenia/Videos/OZ-Chat_Prod_23_Mar_bgNoti_working/OZ-Chat_Prod/20251125_OZ-Chat_Android_App/OZ-Chat_Android_Dev/vector/src/main/java/im/vector/app/features/roomprofile/settings/joinrule/RoomJoinRuleRadioAction.kt, /home/codenia/Videos/OZ-Chat_Prod_23_Mar_bgNoti_working/OZ-Chat_Prod/20251125_OZ-Chat_Android_App/OZ-Chat_Android_Dev/vector/src/main/java/im/vector/app/features/roomprofile/settings/joinrule/SpaceJoinRuleItem.kt, /home/codenia/Videos/OZ-Chat_Prod_23_Mar_bgNoti_working/OZ-Chat_Prod/20251125_OZ-Chat_Android_App/OZ-Chat_Android_Dev/vector/src/main/java/im/vector/app/features/roomprofile/settings/joinrule/RoomJoinRuleBottomSheet.kt, /home/codenia/Videos/OZ-Chat_Prod_23_Mar_bgNoti_working/OZ-Chat_Prod/20251125_OZ-Chat_Android_App/OZ-Chat_Android_Dev/vector/src/main/java/im/vector/app/features/roomprofile/settings/joinrule/RoomJoinRuleActivity.kt, /home/codenia/Videos/OZ-Chat_Prod_23_Mar_bgNoti_working/OZ-Chat_Prod/20251125_OZ-Chat_Android_App/OZ-Chat_Android_Dev/vector/src/main/java/im/vector/app/features/roomprofile/settings/RoomSettingsViewState.kt, /home/codenia/Videos/OZ-Chat_Prod_23_Mar_bgNoti_working/OZ-Chat_Prod/20251125_OZ-Chat_Android_App/OZ-Chat_Android_Dev/vector/src/main/java/im/vector/app/features/roomprofile/settings/historyvisibility/RoomHistoryVisibilityController.kt, /home/codenia/Videos/OZ-Chat_Prod_23_Mar_bgNoti_working/OZ-Chat_Prod/20251125_OZ-Chat_Android_App/OZ-Chat_Android_Dev/vector/src/main/java/im/vector/app/features/roomprofile/settings/historyvisibility/RoomHistoryVisibilityState.kt, /home/codenia/Videos/OZ-Chat_Prod_23_Mar_bgNoti_working/OZ-Chat_Prod/20251125_OZ-Chat_Android_App/OZ-Chat_Android_Dev/vector/src/main/java/im/vector/app/features/roomprofile/settings/historyvisibility/RoomHistoryVisibilityViewModel.kt, /home/codenia/Videos/OZ-Chat_Prod_23_Mar_bgNoti_working/OZ-Chat_Prod/20251125_OZ-Chat_Android_App/OZ-Chat_Android_Dev/vector/src/main/java/im/vector/app/features/roomprofile/settings/historyvisibility/RoomHistoryVisibilityBottomSheet.kt, /home/codenia/Videos/OZ-Chat_Prod_23_Mar_bgNoti_working/OZ-Chat_Prod/20251125_OZ-Chat_Android_App/OZ-Chat_Android_Dev/vector/src/main/java/im/vector/app/features/roomprofile/settings/historyvisibility/RoomHistoryVisibilityRadioAction.kt, /home/codenia/Videos/OZ-Chat_Prod_23_Mar_bgNoti_working/OZ-Chat_Prod/20251125_OZ-Chat_Android_App/OZ-Chat_Android_Dev/vector/src/main/java/im/vector/app/features/roomprofile/settings/historyvisibility/RoomHistoryVisibilitySharedActionViewModel.kt, /home/codenia/Videos/OZ-Chat_Prod_23_Mar_bgNoti_working/OZ-Chat_Prod/20251125_OZ-Chat_Android_App/OZ-Chat_Android_Dev/vector/src/main/java/im/vector/app/features/roomprofile/settings/RoomSettingsViewEvents.kt, /home/codenia/Videos/OZ-Chat_Prod_23_Mar_bgNoti_working/OZ-Chat_Prod/20251125_OZ-Chat_Android_App/OZ-Chat_Android_Dev/vector/src/main/java/im/vector/app/features/roomprofile/settings/RoomSettingsController.kt, /home/codenia/Videos/OZ-Chat_Prod_23_Mar_bgNoti_working/OZ-Chat_Prod/20251125_OZ-Chat_Android_App/OZ-Chat_Android_Dev/vector/src/main/java/im/vector/app/features/roomprofile/settings/RoomSettingsViewModel.kt, /home/codenia/Videos/OZ-Chat_Prod_23_Mar_bgNoti_working/OZ-Chat_Prod/20251125_OZ-Chat_Android_App/OZ-Chat_Android_Dev/vector/src/main/java/im/vector/app/features/roomprofile/settings/RoomSettingsAction.kt, /home/codenia/Videos/OZ-Chat_Prod_23_Mar_bgNoti_working/OZ-Chat_Prod/20251125_OZ-Chat_Android_App/OZ-Chat_Android_Dev/vector/src/main/java/im/vector/app/features/roomprofile/settings/RoomSettingsFragment.kt, /home/codenia/Videos/OZ-Chat_Prod_23_Mar_bgNoti_working/OZ-Chat_Prod/20251125_OZ-Chat_Android_App/OZ-Chat_Android_Dev/vector/src/main/java/im/vector/app/features/roomprofile/RoomProfileController.kt, /home/codenia/Videos/OZ-Chat_Prod_23_Mar_bgNoti_working/OZ-Chat_Prod/20251125_OZ-Chat_Android_App/OZ-Chat_Android_Dev/vector/src/main/java/im/vector/app/features/roomprofile/RoomProfileSharedActionViewModel.kt, /home/codenia/Videos/OZ-Chat_Prod_23_Mar_bgNoti_working/OZ-Chat_Prod/20251125_OZ-Chat_Android_App/OZ-Chat_Android_Dev/vector/src/main/java/im/vector/app/features/roomprofile/RoomProfileFragment.kt, /home/codenia/Videos/OZ-Chat_Prod_23_Mar_bgNoti_working/OZ-Chat_Prod/20251125_OZ-Chat_Android_App/OZ-Chat_Android_Dev/vector/src/main/java/im/vector/app/features/roomprofile/permissions/RoomPermissionsFragment.kt, /home/codenia/Videos/OZ-Chat_Prod_23_Mar_bgNoti_working/OZ-Chat_Prod/20251125_OZ-Chat_Android_App/OZ-Chat_Android_Dev/vector/src/main/java/im/vector/app/features/roomprofile/permissions/RoomPermissionsViewEvents.kt, /home/codenia/Videos/OZ-Chat_Prod_23_Mar_bgNoti_working/OZ-Chat_Prod/20251125_OZ-Chat_Android_App/OZ-Chat_Android_Dev/vector/src/main/java/im/vector/app/features/roomprofile/permissions/RoomPermissionsViewState.kt, /home/codenia/Videos/OZ-Chat_Prod_23_Mar_bgNoti_working/OZ-Chat_Prod/20251125_OZ-Chat_Android_App/OZ-Chat_Android_Dev/vector/src/main/java/im/vector/app/features/roomprofile/permissions/RoomPermissionsController.kt, /home/codenia/Videos/OZ-Chat_Prod_23_Mar_bgNoti_working/OZ-Chat_Prod/20251125_OZ-Chat_Android_App/OZ-Chat_Android_Dev/vector/src/main/java/im/vector/app/features/roomprofile/permissions/RoomPermissionsViewModel.kt, /home/codenia/Videos/OZ-Chat_Prod_23_Mar_bgNoti_working/OZ-Chat_Prod/20251125_OZ-Chat_Android_App/OZ-Chat_Android_Dev/vector/src/main/java/im/vector/app/features/roomprofile/permissions/RoleFormatter.kt, /home/codenia/Videos/OZ-Chat_Prod_23_Mar_bgNoti_working/OZ-Chat_Prod/20251125_OZ-Chat_Android_App/OZ-Chat_Android_Dev/vector/src/main/java/im/vector/app/features/roomprofile/permissions/RoomPermissionsAction.kt, /home/codenia/Videos/OZ-Chat_Prod_23_Mar_bgNoti_working/OZ-Chat_Prod/20251125_OZ-Chat_Android_App/OZ-Chat_Android_Dev/vector/src/main/java/im/vector/app/features/roomprofile/permissions/EditablePermission.kt, /home/codenia/Videos/OZ-Chat_Prod_23_Mar_bgNoti_working/OZ-Chat_Prod/20251125_OZ-Chat_Android_App/OZ-Chat_Android_Dev/vector/src/main/java/im/vector/app/features/roomprofile/notifications/RoomNotificationSettingsViewState.kt, /home/codenia/Videos/OZ-Chat_Prod_23_Mar_bgNoti_working/OZ-Chat_Prod/20251125_OZ-Chat_Android_App/OZ-Chat_Android_Dev/vector/src/main/java/im/vector/app/features/roomprofile/notifications/RoomNotificationSettingsController.kt, /home/codenia/Videos/OZ-Chat_Prod_23_Mar_bgNoti_working/OZ-Chat_Prod/20251125_OZ-Chat_Android_App/OZ-Chat_Android_Dev/vector/src/main/java/im/vector/app/features/roomprofile/notifications/RoomNotificationSettingsViewModel.kt, /home/codenia/Videos/OZ-Chat_Prod_23_Mar_bgNoti_working/OZ-Chat_Prod/20251125_OZ-Chat_Android_App/OZ-Chat_Android_Dev/vector/src/main/java/im/vector/app/features/roomprofile/notifications/RoomNotificationSettingsViewEvents.kt, /home/codenia/Videos/OZ-Chat_Prod_23_Mar_bgNoti_working/OZ-Chat_Prod/20251125_OZ-Chat_Android_App/OZ-Chat_Android_Dev/vector/src/main/java/im/vector/app/features/roomprofile/notifications/RoomNotificationSettingsAction.kt, /home/codenia/Videos/OZ-Chat_Prod_23_Mar_bgNoti_working/OZ-Chat_Prod/20251125_OZ-Chat_Android_App/OZ-Chat_Android_Dev/vector/src/main/java/im/vector/app/features/roomprofile/notifications/RoomNotificationSettingsFragment.kt, /home/codenia/Videos/OZ-Chat_Prod_23_Mar_bgNoti_working/OZ-Chat_Prod/20251125_OZ-Chat_Android_App/OZ-Chat_Android_Dev/vector/src/main/java/im/vector/app/features/roomprofile/banned/RoomBannedMemberListFragment.kt, /home/codenia/Videos/OZ-Chat_Prod_23_Mar_bgNoti_working/OZ-Chat_Prod/20251125_OZ-Chat_Android_App/OZ-Chat_Android_Dev/vector/src/main/java/im/vector/app/features/roomprofile/banned/RoomBannedMemberListViewEvents.kt, /home/codenia/Videos/OZ-Chat_Prod_23_Mar_bgNoti_working/OZ-Chat_Prod/20251125_OZ-Chat_Android_App/OZ-Chat_Android_Dev/vector/src/main/java/im/vector/app/features/roomprofile/banned/RoomBannedMemberListViewModel.kt, /home/codenia/Videos/OZ-Chat_Prod_23_Mar_bgNoti_working/OZ-Chat_Prod/20251125_OZ-Chat_Android_App/OZ-Chat_Android_Dev/vector/src/main/java/im/vector/app/features/roomprofile/banned/RoomBannedMemberListController.kt, /home/codenia/Videos/OZ-Chat_Prod_23_Mar_bgNoti_working/OZ-Chat_Prod/20251125_OZ-Chat_Android_App/OZ-Chat_Android_Dev/vector/src/main/java/im/vector/app/features/roomprofile/banned/RoomBannedMemberListViewState.kt, /home/codenia/Videos/OZ-Chat_Prod_23_Mar_bgNoti_working/OZ-Chat_Prod/20251125_OZ-Chat_Android_App/OZ-Chat_Android_Dev/vector/src/main/java/im/vector/app/features/roomprofile/banned/RoomBannedMemberListAction.kt, /home/codenia/Videos/OZ-Chat_Prod_23_Mar_bgNoti_working/OZ-Chat_Prod/20251125_OZ-Chat_Android_App/OZ-Chat_Android_Dev/vector/src/main/java/im/vector/app/features/roomprofile/polls/RoomPollsPagerAdapter.kt, /home/codenia/Videos/OZ-Chat_Prod_23_Mar_bgNoti_working/OZ-Chat_Prod/20251125_OZ-Chat_Android_App/OZ-Chat_Android_Dev/vector/src/main/java/im/vector/app/features/roomprofile/polls/RoomPollsLoadingError.kt, /home/codenia/Videos/OZ-Chat_Prod_23_Mar_bgNoti_working/OZ-Chat_Prod/20251125_OZ-Chat_Android_App/OZ-Chat_Android_Dev/vector/src/main/java/im/vector/app/features/roomprofile/polls/RoomPollsAction.kt, /home/codenia/Videos/OZ-Chat_Prod_23_Mar_bgNoti_working/OZ-Chat_Prod/20251125_OZ-Chat_Android_App/OZ-Chat_Android_Dev/vector/src/main/java/im/vector/app/features/roomprofile/polls/RoomPollsViewEvent.kt, /home/codenia/Videos/OZ-Chat_Prod_23_Mar_bgNoti_working/OZ-Chat_Prod/20251125_OZ-Chat_Android_App/OZ-Chat_Android_Dev/vector/src/main/java/im/vector/app/features/roomprofile/polls/RoomPollsViewState.kt, /home/codenia/Videos/OZ-Chat_Prod_23_Mar_bgNoti_working/OZ-Chat_Prod/20251125_OZ-Chat_Android_App/OZ-Chat_Android_Dev/vector/src/main/java/im/vector/app/features/roomprofile/polls/ended/RoomEndedPollsFragment.kt, /home/codenia/Videos/OZ-Chat_Prod_23_Mar_bgNoti_working/OZ-Chat_Prod/20251125_OZ-Chat_Android_App/OZ-Chat_Android_Dev/vector/src/main/java/im/vector/app/features/roomprofile/polls/active/RoomActivePollsFragment.kt, /home/codenia/Videos/OZ-Chat_Prod_23_Mar_bgNoti_working/OZ-Chat_Prod/20251125_OZ-Chat_Android_App/OZ-Chat_Android_Dev/vector/src/main/java/im/vector/app/features/roomprofile/polls/RoomPollsType.kt, /home/codenia/Videos/OZ-Chat_Prod_23_Mar_bgNoti_working/OZ-Chat_Prod/20251125_OZ-Chat_Android_App/OZ-Chat_Android_Dev/vector/src/main/java/im/vector/app/features/roomprofile/polls/RoomPollsFragment.kt, /home/codenia/Videos/OZ-Chat_Prod_23_Mar_bgNoti_working/OZ-Chat_Prod/20251125_OZ-Chat_Android_App/OZ-Chat_Android_Dev/vector/src/main/java/im/vector/app/features/roomprofile/polls/RoomPollsViewModel.kt, /home/codenia/Videos/OZ-Chat_Prod_23_Mar_bgNoti_working/OZ-Chat_Prod/20251125_OZ-Chat_Android_App/OZ-Chat_Android_Dev/vector/src/main/java/im/vector/app/features/roomprofile/polls/list/domain/DisposePollHistoryUseCase.kt, /home/codenia/Videos/OZ-Chat_Prod_23_Mar_bgNoti_working/OZ-Chat_Prod/20251125_OZ-Chat_Android_App/OZ-Chat_Android_Dev/vector/src/main/java/im/vector/app/features/roomprofile/polls/list/domain/LoadMorePollsUseCase.kt, /home/codenia/Videos/OZ-Chat_Prod_23_Mar_bgNoti_working/OZ-Chat_Prod/20251125_OZ-Chat_Android_App/OZ-Chat_Android_Dev/vector/src/main/java/im/vector/app/features/roomprofile/polls/list/domain/GetLoadedPollsStatusUseCase.kt, /home/codenia/Videos/OZ-Chat_Prod_23_Mar_bgNoti_working/OZ-Chat_Prod/20251125_OZ-Chat_Android_App/OZ-Chat_Android_Dev/vector/src/main/java/im/vector/app/features/roomprofile/polls/list/domain/SyncPollsUseCase.kt, /home/codenia/Videos/OZ-Chat_Prod_23_Mar_bgNoti_working/OZ-Chat_Prod/20251125_OZ-Chat_Android_App/OZ-Chat_Android_Dev/vector/src/main/java/im/vector/app/features/roomprofile/polls/list/domain/GetPollsUseCase.kt, /home/codenia/Videos/OZ-Chat_Prod_23_Mar_bgNoti_working/OZ-Chat_Prod/20251125_OZ-Chat_Android_App/OZ-Chat_Android_Dev/vector/src/main/java/im/vector/app/features/roomprofile/polls/list/ui/RoomPollsListFragment.kt, /home/codenia/Videos/OZ-Chat_Prod_23_Mar_bgNoti_working/OZ-Chat_Prod/20251125_OZ-Chat_Android_App/OZ-Chat_Android_Dev/vector/src/main/java/im/vector/app/features/roomprofile/polls/list/ui/PollSummary.kt, /home/codenia/Videos/OZ-Chat_Prod_23_Mar_bgNoti_working/OZ-Chat_Prod/20251125_OZ-Chat_Android_App/OZ-Chat_Android_Dev/vector/src/main/java/im/vector/app/features/roomprofile/polls/list/ui/RoomPollsController.kt, /home/codenia/Videos/OZ-Chat_Prod_23_Mar_bgNoti_working/OZ-Chat_Prod/20251125_OZ-Chat_Android_App/OZ-Chat_Android_Dev/vector/src/main/java/im/vector/app/features/roomprofile/polls/list/ui/RoomPollItem.kt, /home/codenia/Videos/OZ-Chat_Prod_23_Mar_bgNoti_working/OZ-Chat_Prod/20251125_OZ-Chat_Android_App/OZ-Chat_Android_Dev/vector/src/main/java/im/vector/app/features/roomprofile/polls/list/ui/RoomPollsListNavigator.kt, /home/codenia/Videos/OZ-Chat_Prod_23_Mar_bgNoti_working/OZ-Chat_Prod/20251125_OZ-Chat_Android_App/OZ-Chat_Android_Dev/vector/src/main/java/im/vector/app/features/roomprofile/polls/list/ui/RoomPollLoadMoreItem.kt, /home/codenia/Videos/OZ-Chat_Prod_23_Mar_bgNoti_working/OZ-Chat_Prod/20251125_OZ-Chat_Android_App/OZ-Chat_Android_Dev/vector/src/main/java/im/vector/app/features/roomprofile/polls/list/ui/PollSummaryMapper.kt, /home/codenia/Videos/OZ-Chat_Prod_23_Mar_bgNoti_working/OZ-Chat_Prod/20251125_OZ-Chat_Android_App/OZ-Chat_Android_Dev/vector/src/main/java/im/vector/app/features/roomprofile/polls/list/data/PollHistoryError.kt, /home/codenia/Videos/OZ-Chat_Prod_23_Mar_bgNoti_working/OZ-Chat_Prod/20251125_OZ-Chat_Android_App/OZ-Chat_Android_Dev/vector/src/main/java/im/vector/app/features/roomprofile/polls/list/data/RoomPollRepository.kt, /home/codenia/Videos/OZ-Chat_Prod_23_Mar_bgNoti_working/OZ-Chat_Prod/20251125_OZ-Chat_Android_App/OZ-Chat_Android_Dev/vector/src/main/java/im/vector/app/features/roomprofile/polls/list/data/RoomPollDataSource.kt, /home/codenia/Videos/OZ-Chat_Prod_23_Mar_bgNoti_working/OZ-Chat_Prod/20251125_OZ-Chat_Android_App/OZ-Chat_Android_Dev/vector/src/main/java/im/vector/app/features/roomprofile/polls/detail/domain/GetEndedPollEventIdUseCase.kt, /home/codenia/Videos/OZ-Chat_Prod_23_Mar_bgNoti_working/OZ-Chat_Prod/20251125_OZ-Chat_Android_App/OZ-Chat_Android_Dev/vector/src/main/java/im/vector/app/features/roomprofile/polls/detail/ui/RoomPollDetail.kt, /home/codenia/Videos/OZ-Chat_Prod_23_Mar_bgNoti_working/OZ-Chat_Prod/20251125_OZ-Chat_Android_App/OZ-Chat_Android_Dev/vector/src/main/java/im/vector/app/features/roomprofile/polls/detail/ui/RoomPollDetailActivity.kt, /home/codenia/Videos/OZ-Chat_Prod_23_Mar_bgNoti_working/OZ-Chat_Prod/20251125_OZ-Chat_Android_App/OZ-Chat_Android_Dev/vector/src/main/java/im/vector/app/features/roomprofile/polls/detail/ui/RoomPollDetailMapper.kt, /home/codenia/Videos/OZ-Chat_Prod_23_Mar_bgNoti_working/OZ-Chat_Prod/20251125_OZ-Chat_Android_App/OZ-Chat_Android_Dev/vector/src/main/java/im/vector/app/features/roomprofile/polls/detail/ui/RoomPollDetailAction.kt, /home/codenia/Videos/OZ-Chat_Prod_23_Mar_bgNoti_working/OZ-Chat_Prod/20251125_OZ-Chat_Android_App/OZ-Chat_Android_Dev/vector/src/main/java/im/vector/app/features/roomprofile/polls/detail/ui/RoomPollDetailNavigator.kt, /home/codenia/Videos/OZ-Chat_Prod_23_Mar_bgNoti_working/OZ-Chat_Prod/20251125_OZ-Chat_Android_App/OZ-Chat_Android_Dev/vector/src/main/java/im/vector/app/features/roomprofile/polls/detail/ui/RoomPollDetailViewModel.kt, /home/codenia/Videos/OZ-Chat_Prod_23_Mar_bgNoti_working/OZ-Chat_Prod/20251125_OZ-Chat_Android_App/OZ-Chat_Android_Dev/vector/src/main/java/im/vector/app/features/roomprofile/polls/detail/ui/RoomPollDetailViewState.kt, /home/codenia/Videos/OZ-Chat_Prod_23_Mar_bgNoti_working/OZ-Chat_Prod/20251125_OZ-Chat_Android_App/OZ-Chat_Android_Dev/vector/src/main/java/im/vector/app/features/roomprofile/polls/detail/ui/RoomPollDetailItem.kt, /home/codenia/Videos/OZ-Chat_Prod_23_Mar_bgNoti_working/OZ-Chat_Prod/20251125_OZ-Chat_Android_App/OZ-Chat_Android_Dev/vector/src/main/java/im/vector/app/features/roomprofile/polls/detail/ui/RoomPollDetailController.kt, /home/codenia/Videos/OZ-Chat_Prod_23_Mar_bgNoti_working/OZ-Chat_Prod/20251125_OZ-Chat_Android_App/OZ-Chat_Android_Dev/vector/src/main/java/im/vector/app/features/roomprofile/polls/detail/ui/RoomPollGoToTimelineItem.kt, /home/codenia/Videos/OZ-Chat_Prod_23_Mar_bgNoti_working/OZ-Chat_Prod/20251125_OZ-Chat_Android_App/OZ-Chat_Android_Dev/vector/src/main/java/im/vector/app/features/roomprofile/polls/detail/ui/RoomPollDetailFragment.kt, /home/codenia/Videos/OZ-Chat_Prod_23_Mar_bgNoti_working/OZ-Chat_Prod/20251125_OZ-Chat_Android_App/OZ-Chat_Android_Dev/vector/src/main/java/im/vector/app/features/roomprofile/RoomProfileActivity.kt, /home/codenia/Videos/OZ-Chat_Prod_23_Mar_bgNoti_working/OZ-Chat_Prod/20251125_OZ-Chat_Android_App/OZ-Chat_Android_Dev/vector/src/main/java/im/vector/app/features/roomprofile/uploads/media/RoomUploadsMediaFragment.kt, /home/codenia/Videos/OZ-Chat_Prod_23_Mar_bgNoti_working/OZ-Chat_Prod/20251125_OZ-Chat_Android_App/OZ-Chat_Android_Dev/vector/src/main/java/im/vector/app/features/roomprofile/uploads/media/Config.kt, /home/codenia/Videos/OZ-Chat_Prod_23_Mar_bgNoti_working/OZ-Chat_Prod/20251125_OZ-Chat_Android_App/OZ-Chat_Android_Dev/vector/src/main/java/im/vector/app/features/roomprofile/uploads/media/UploadsImageItem.kt, /home/codenia/Videos/OZ-Chat_Prod_23_Mar_bgNoti_working/OZ-Chat_Prod/20251125_OZ-Chat_Android_App/OZ-Chat_Android_Dev/vector/src/main/java/im/vector/app/features/roomprofile/uploads/media/UploadsVideoItem.kt, /home/codenia/Videos/OZ-Chat_Prod_23_Mar_bgNoti_working/OZ-Chat_Prod/20251125_OZ-Chat_Android_App/OZ-Chat_Android_Dev/vector/src/main/java/im/vector/app/features/roomprofile/uploads/media/UploadsMediaController.kt, /home/codenia/Videos/OZ-Chat_Prod_23_Mar_bgNoti_working/OZ-Chat_Prod/20251125_OZ-Chat_Android_App/OZ-Chat_Android_Dev/vector/src/main/java/im/vector/app/features/roomprofile/uploads/RoomUploadsViewEvents.kt, /home/codenia/Videos/OZ-Chat_Prod_23_Mar_bgNoti_working/OZ-Chat_Prod/20251125_OZ-Chat_Android_App/OZ-Chat_Android_Dev/vector/src/main/java/im/vector/app/features/roomprofile/uploads/RoomUploadsAction.kt, /home/codenia/Videos/OZ-Chat_Prod_23_Mar_bgNoti_working/OZ-Chat_Prod/20251125_OZ-Chat_Android_App/OZ-Chat_Android_Dev/vector/src/main/java/im/vector/app/features/roomprofile/uploads/RoomUploadsViewModel.kt, /home/codenia/Videos/OZ-Chat_Prod_23_Mar_bgNoti_working/OZ-Chat_Prod/20251125_OZ-Chat_Android_App/OZ-Chat_Android_Dev/vector/src/main/java/im/vector/app/features/roomprofile/uploads/RoomUploadsViewState.kt, /home/codenia/Videos/OZ-Chat_Prod_23_Mar_bgNoti_working/OZ-Chat_Prod/20251125_OZ-Chat_Android_App/OZ-Chat_Android_Dev/vector/src/main/java/im/vector/app/features/roomprofile/uploads/files/UploadsFileItem.kt, /home/codenia/Videos/OZ-Chat_Prod_23_Mar_bgNoti_working/OZ-Chat_Prod/20251125_OZ-Chat_Android_App/OZ-Chat_Android_Dev/vector/src/main/java/im/vector/app/features/roomprofile/uploads/files/UploadsFileController.kt, /home/codenia/Videos/OZ-Chat_Prod_23_Mar_bgNoti_working/OZ-Chat_Prod/20251125_OZ-Chat_Android_App/OZ-Chat_Android_Dev/vector/src/main/java/im/vector/app/features/roomprofile/uploads/files/RoomUploadsFilesFragment.kt, /home/codenia/Videos/OZ-Chat_Prod_23_Mar_bgNoti_working/OZ-Chat_Prod/20251125_OZ-Chat_Android_App/OZ-Chat_Android_Dev/vector/src/main/java/im/vector/app/features/roomprofile/uploads/RoomUploadsFragment.kt, /home/codenia/Videos/OZ-Chat_Prod_23_Mar_bgNoti_working/OZ-Chat_Prod/20251125_OZ-Chat_Android_App/OZ-Chat_Android_Dev/vector/src/main/java/im/vector/app/features/roomprofile/uploads/RoomUploadsPagerAdapter.kt, /home/codenia/Videos/OZ-Chat_Prod_23_Mar_bgNoti_working/OZ-Chat_Prod/20251125_OZ-Chat_Android_App/OZ-Chat_Android_Dev/vector/src/main/java/im/vector/app/features/roomprofile/alias/RoomAliasViewModel.kt, /home/codenia/Videos/OZ-Chat_Prod_23_Mar_bgNoti_working/OZ-Chat_Prod/20251125_OZ-Chat_Android_App/OZ-Chat_Android_Dev/vector/src/main/java/im/vector/app/features/roomprofile/alias/RoomAliasViewEvents.kt, /home/codenia/Videos/OZ-Chat_Prod_23_Mar_bgNoti_working/OZ-Chat_Prod/20251125_OZ-Chat_Android_App/OZ-Chat_Android_Dev/vector/src/main/java/im/vector/app/features/roomprofile/alias/RoomAliasController.kt, /home/codenia/Videos/OZ-Chat_Prod_23_Mar_bgNoti_working/OZ-Chat_Prod/20251125_OZ-Chat_Android_App/OZ-Chat_Android_Dev/vector/src/main/java/im/vector/app/features/roomprofile/alias/RoomAliasAction.kt, /home/codenia/Videos/OZ-Chat_Prod_23_Mar_bgNoti_working/OZ-Chat_Prod/20251125_OZ-Chat_Android_App/OZ-Chat_Android_Dev/vector/src/main/java/im/vector/app/features/roomprofile/alias/RoomAliasViewState.kt, /home/codenia/Videos/OZ-Chat_Prod_23_Mar_bgNoti_working/OZ-Chat_Prod/20251125_OZ-Chat_Android_App/OZ-Chat_Android_Dev/vector/src/main/java/im/vector/app/features/roomprofile/alias/RoomAliasFragment.kt, /home/codenia/Videos/OZ-Chat_Prod_23_Mar_bgNoti_working/OZ-Chat_Prod/20251125_OZ-Chat_Android_App/OZ-Chat_Android_Dev/vector/src/main/java/im/vector/app/features/roomprofile/alias/detail/RoomAliasBottomSheetSharedAction.kt, /home/codenia/Videos/OZ-Chat_Prod_23_Mar_bgNoti_working/OZ-Chat_Prod/20251125_OZ-Chat_Android_App/OZ-Chat_Android_Dev/vector/src/main/java/im/vector/app/features/roomprofile/alias/detail/RoomAliasBottomSheet.kt, /home/codenia/Videos/OZ-Chat_Prod_23_Mar_bgNoti_working/OZ-Chat_Prod/20251125_OZ-Chat_Android_App/OZ-Chat_Android_Dev/vector/src/main/java/im/vector/app/features/roomprofile/alias/detail/RoomAliasBottomSheetViewModel.kt, /home/codenia/Videos/OZ-Chat_Prod_23_Mar_bgNoti_working/OZ-Chat_Prod/20251125_OZ-Chat_Android_App/OZ-Chat_Android_Dev/vector/src/main/java/im/vector/app/features/roomprofile/alias/detail/RoomAliasBottomSheetController.kt, /home/codenia/Videos/OZ-Chat_Prod_23_Mar_bgNoti_working/OZ-Chat_Prod/20251125_OZ-Chat_Android_App/OZ-Chat_Android_Dev/vector/src/main/java/im/vector/app/features/roomprofile/alias/detail/RoomAliasBottomSheetSharedActionViewModel.kt, /home/codenia/Videos/OZ-Chat_Prod_23_Mar_bgNoti_working/OZ-Chat_Prod/20251125_OZ-Chat_Android_App/OZ-Chat_Android_Dev/vector/src/main/java/im/vector/app/features/roomprofile/alias/detail/RoomAliasBottomSheetState.kt, /home/codenia/Videos/OZ-Chat_Prod_23_Mar_bgNoti_working/OZ-Chat_Prod/20251125_OZ-Chat_Android_App/OZ-Chat_Android_Dev/vector/src/main/java/im/vector/app/features/roomprofile/RoomProfileAction.kt, /home/codenia/Videos/OZ-Chat_Prod_23_Mar_bgNoti_working/OZ-Chat_Prod/20251125_OZ-Chat_Android_App/OZ-Chat_Android_Dev/vector/src/main/java/im/vector/app/features/roomprofile/members/RoomMemberListAction.kt, /home/codenia/Videos/OZ-Chat_Prod_23_Mar_bgNoti_working/OZ-Chat_Prod/20251125_OZ-Chat_Android_App/OZ-Chat_Android_Dev/vector/src/main/java/im/vector/app/features/roomprofile/members/RoomMemberListViewState.kt, /home/codenia/Videos/OZ-Chat_Prod_23_Mar_bgNoti_working/OZ-Chat_Prod/20251125_OZ-Chat_Android_App/OZ-Chat_Android_Dev/vector/src/main/java/im/vector/app/features/roomprofile/members/RoomMemberSummaryFilter.kt, /home/codenia/Videos/OZ-Chat_Prod_23_Mar_bgNoti_working/OZ-Chat_Prod/20251125_OZ-Chat_Android_App/OZ-Chat_Android_Dev/vector/src/main/java/im/vector/app/features/roomprofile/members/RoomMemberListFragment.kt, /home/codenia/Videos/OZ-Chat_Prod_23_Mar_bgNoti_working/OZ-Chat_Prod/20251125_OZ-Chat_Android_App/OZ-Chat_Android_Dev/vector/src/main/java/im/vector/app/features/roomprofile/members/RoomMemberListViewModel.kt, /home/codenia/Videos/OZ-Chat_Prod_23_Mar_bgNoti_working/OZ-Chat_Prod/20251125_OZ-Chat_Android_App/OZ-Chat_Android_Dev/vector/src/main/java/im/vector/app/features/roomprofile/members/RoomMemberListController.kt, /home/codenia/Videos/OZ-Chat_Prod_23_Mar_bgNoti_working/OZ-Chat_Prod/20251125_OZ-Chat_Android_App/OZ-Chat_Android_Dev/vector/src/main/java/im/vector/app/features/roomprofile/members/RoomMemberSummaryComparator.kt, /home/codenia/Videos/OZ-Chat_Prod_23_Mar_bgNoti_working/OZ-Chat_Prod/20251125_OZ-Chat_Android_App/OZ-Chat_Android_Dev/vector/src/main/java/im/vector/app/features/roomprofile/RoomProfileSharedAction.kt, /home/codenia/Videos/OZ-Chat_Prod_23_Mar_bgNoti_working/OZ-Chat_Prod/20251125_OZ-Chat_Android_App/OZ-Chat_Android_Dev/vector/src/main/java/im/vector/app/features/roomprofile/RoomProfileViewModel.kt, /home/codenia/Videos/OZ-Chat_Prod_23_Mar_bgNoti_working/OZ-Chat_Prod/20251125_OZ-Chat_Android_App/OZ-Chat_Android_Dev/vector/src/main/java/im/vector/app/features/push/NotificationTroubleshootTestManagerFactory.kt, /home/codenia/Videos/OZ-Chat_Prod_23_Mar_bgNoti_working/OZ-Chat_Prod/20251125_OZ-Chat_Android_App/OZ-Chat_Android_Dev/vector/src/main/java/im/vector/app/features/SyncWorker.kt, /home/codenia/Videos/OZ-Chat_Prod_23_Mar_bgNoti_working/OZ-Chat_Prod/20251125_OZ-Chat_Android_App/OZ-Chat_Android_Dev/vector/src/main/java/im/vector/app/features/mdm/MdmService.kt, /home/codenia/Videos/OZ-Chat_Prod_23_Mar_bgNoti_working/OZ-Chat_Prod/20251125_OZ-Chat_Android_App/OZ-Chat_Android_Dev/vector/src/main/java/im/vector/app/features/mdm/DefaultMdmService.kt, /home/codenia/Videos/OZ-Chat_Prod_23_Mar_bgNoti_working/OZ-Chat_Prod/20251125_OZ-Chat_Android_App/OZ-Chat_Android_Dev/vector/src/main/java/im/vector/app/features/auth/ReAuthActions.kt, /home/codenia/Videos/OZ-Chat_Prod_23_Mar_bgNoti_working/OZ-Chat_Prod/20251125_OZ-Chat_Android_App/OZ-Chat_Android_Dev/vector/src/main/java/im/vector/app/features/auth/PromptFragment.kt, /home/codenia/Videos/OZ-Chat_Prod_23_Mar_bgNoti_working/OZ-Chat_Prod/20251125_OZ-Chat_Android_App/OZ-Chat_Android_Dev/vector/src/main/java/im/vector/app/features/auth/ReAuthViewModel.kt, /home/codenia/Videos/OZ-Chat_Prod_23_Mar_bgNoti_working/OZ-Chat_Prod/20251125_OZ-Chat_Android_App/OZ-Chat_Android_Dev/vector/src/main/java/im/vector/app/features/auth/ReAuthState.kt, /home/codenia/Videos/OZ-Chat_Prod_23_Mar_bgNoti_working/OZ-Chat_Prod/20251125_OZ-Chat_Android_App/OZ-Chat_Android_Dev/vector/src/main/java/im/vector/app/features/auth/PendingAuthHandler.kt, /home/codenia/Videos/OZ-Chat_Prod_23_Mar_bgNoti_working/OZ-Chat_Prod/20251125_OZ-Chat_Android_App/OZ-Chat_Android_Dev/vector/src/main/java/im/vector/app/features/auth/ReAuthEvents.kt, /home/codenia/Videos/OZ-Chat_Prod_23_Mar_bgNoti_working/OZ-Chat_Prod/20251125_OZ-Chat_Android_App/OZ-Chat_Android_Dev/vector/src/main/java/im/vector/app/features/auth/ReAuthActivity.kt, /home/codenia/Videos/OZ-Chat_Prod_23_Mar_bgNoti_working/OZ-Chat_Prod/20251125_OZ-Chat_Android_App/OZ-Chat_Android_Dev/vector/src/main/java/im/vector/app/features/voice/VoiceRecorder.kt, /home/codenia/Videos/OZ-Chat_Prod_23_Mar_bgNoti_working/OZ-Chat_Prod/20251125_OZ-Chat_Android_App/OZ-Chat_Android_Dev/vector/src/main/java/im/vector/app/features/voice/AudioWaveformView.kt, /home/codenia/Videos/OZ-Chat_Prod_23_Mar_bgNoti_working/OZ-Chat_Prod/20251125_OZ-Chat_Android_App/OZ-Chat_Android_Dev/vector/src/main/java/im/vector/app/features/voice/AbstractVoiceRecorder.kt, /home/codenia/Videos/OZ-Chat_Prod_23_Mar_bgNoti_working/OZ-Chat_Prod/20251125_OZ-Chat_Android_App/OZ-Chat_Android_Dev/vector/src/main/java/im/vector/app/features/voice/VoiceRecorderL.kt, /home/codenia/Videos/OZ-Chat_Prod_23_Mar_bgNoti_working/OZ-Chat_Prod/20251125_OZ-Chat_Android_App/OZ-Chat_Android_Dev/vector/src/main/java/im/vector/app/features/voice/VoiceRecorderProvider.kt, /home/codenia/Videos/OZ-Chat_Prod_23_Mar_bgNoti_working/OZ-Chat_Prod/20251125_OZ-Chat_Android_App/OZ-Chat_Android_Dev/vector/src/main/java/im/vector/app/features/voice/VoiceFailure.kt, /home/codenia/Videos/OZ-Chat_Prod_23_Mar_bgNoti_working/OZ-Chat_Prod/20251125_OZ-Chat_Android_App/OZ-Chat_Android_Dev/vector/src/main/java/im/vector/app/features/voice/VoiceRecorderQ.kt, /home/codenia/Videos/OZ-Chat_Prod_23_Mar_bgNoti_working/OZ-Chat_Prod/20251125_OZ-Chat_Android_App/OZ-Chat_Android_Dev/vector/src/main/java/im/vector/app/features/voice/AbstractVoiceRecorderQ.kt, /home/codenia/Videos/OZ-Chat_Prod_23_Mar_bgNoti_working/OZ-Chat_Prod/20251125_OZ-Chat_Android_App/OZ-Chat_Android_Dev/vector/src/main/java/im/vector/app/features/permalink/PermalinkHandler.kt, /home/codenia/Videos/OZ-Chat_Prod_23_Mar_bgNoti_working/OZ-Chat_Prod/20251125_OZ-Chat_Android_App/OZ-Chat_Android_Dev/vector/src/main/java/im/vector/app/features/permalink/PermalinkFactory.kt, /home/codenia/Videos/OZ-Chat_Prod_23_Mar_bgNoti_working/OZ-Chat_Prod/20251125_OZ-Chat_Android_App/OZ-Chat_Android_Dev/vector/src/main/java/im/vector/app/features/SimplePresenceHandler.kt, /home/codenia/Videos/OZ-Chat_Prod_23_Mar_bgNoti_working/OZ-Chat_Prod/20251125_OZ-Chat_Android_App/OZ-Chat_Android_Dev/vector/src/main/java/im/vector/app/features/room/RequireActiveMembershipViewState.kt, /home/codenia/Videos/OZ-Chat_Prod_23_Mar_bgNoti_working/OZ-Chat_Prod/20251125_OZ-Chat_Android_App/OZ-Chat_Android_Dev/vector/src/main/java/im/vector/app/features/room/RequireActiveMembershipViewEvents.kt, /home/codenia/Videos/OZ-Chat_Prod_23_Mar_bgNoti_working/OZ-Chat_Prod/20251125_OZ-Chat_Android_App/OZ-Chat_Android_Dev/vector/src/main/java/im/vector/app/features/room/FunctionalMembersState.kt, /home/codenia/Videos/OZ-Chat_Prod_23_Mar_bgNoti_working/OZ-Chat_Prod/20251125_OZ-Chat_Android_App/OZ-Chat_Android_Dev/vector/src/main/java/im/vector/app/features/room/RequireActiveMembershipViewModel.kt, /home/codenia/Videos/OZ-Chat_Prod_23_Mar_bgNoti_working/OZ-Chat_Prod/20251125_OZ-Chat_Android_App/OZ-Chat_Android_Dev/vector/src/main/java/im/vector/app/features/room/RequireActiveMembershipAction.kt, /home/codenia/Videos/OZ-Chat_Prod_23_Mar_bgNoti_working/OZ-Chat_Prod/20251125_OZ-Chat_Android_App/OZ-Chat_Android_Dev/vector/src/main/java/im/vector/app/features/room/VectorRoomDisplayNameFallbackProvider.kt, /home/codenia/Videos/OZ-Chat_Prod_23_Mar_bgNoti_working/OZ-Chat_Prod/20251125_OZ-Chat_Android_App/OZ-Chat_Android_Dev/vector/src/main/java/im/vector/app/features/poll/PollItemViewState.kt, /home/codenia/Videos/OZ-Chat_Prod_23_Mar_bgNoti_working/OZ-Chat_Prod/20251125_OZ-Chat_Android_App/OZ-Chat_Android_Dev/vector/src/main/java/im/vector/app/features/poll/PollMode.kt, /home/codenia/Videos/OZ-Chat_Prod_23_Mar_bgNoti_working/OZ-Chat_Prod/20251125_OZ-Chat_Android_App/OZ-Chat_Android_Dev/vector/src/main/java/im/vector/app/features/poll/create/PollTypeSelectionItem.kt, /home/codenia/Videos/OZ-Chat_Prod_23_Mar_bgNoti_working/OZ-Chat_Prod/20251125_OZ-Chat_Android_App/OZ-Chat_Android_Dev/vector/src/main/java/im/vector/app/features/poll/create/CreatePollFragment.kt, /home/codenia/Videos/OZ-Chat_Prod_23_Mar_bgNoti_working/OZ-Chat_Prod/20251125_OZ-Chat_Android_App/OZ-Chat_Android_Dev/vector/src/main/java/im/vector/app/features/poll/create/CreatePollAction.kt, /home/codenia/Videos/OZ-Chat_Prod_23_Mar_bgNoti_working/OZ-Chat_Prod/20251125_OZ-Chat_Android_App/OZ-Chat_Android_Dev/vector/src/main/java/im/vector/app/features/poll/create/CreatePollViewState.kt, /home/codenia/Videos/OZ-Chat_Prod_23_Mar_bgNoti_working/OZ-Chat_Prod/20251125_OZ-Chat_Android_App/OZ-Chat_Android_Dev/vector/src/main/java/im/vector/app/features/poll/create/CreatePollViewEvents.kt, /home/codenia/Videos/OZ-Chat_Prod_23_Mar_bgNoti_working/OZ-Chat_Prod/20251125_OZ-Chat_Android_App/OZ-Chat_Android_Dev/vector/src/main/java/im/vector/app/features/poll/create/CreatePollController.kt, /home/codenia/Videos/OZ-Chat_Prod_23_Mar_bgNoti_working/OZ-Chat_Prod/20251125_OZ-Chat_Android_App/OZ-Chat_Android_Dev/vector/src/main/java/im/vector/app/features/poll/create/CreatePollViewModel.kt, /home/codenia/Videos/OZ-Chat_Prod_23_Mar_bgNoti_working/OZ-Chat_Prod/20251125_OZ-Chat_Android_App/OZ-Chat_Android_Dev/vector/src/main/java/im/vector/app/features/poll/create/CreatePollActivity.kt, /home/codenia/Videos/OZ-Chat_Prod_23_Mar_bgNoti_working/OZ-Chat_Prod/20251125_OZ-Chat_Android_App/OZ-Chat_Android_Dev/vector/src/main/java/im/vector/app/features/VectorFeatures.kt, /home/codenia/Videos/OZ-Chat_Prod_23_Mar_bgNoti_working/OZ-Chat_Prod/20251125_OZ-Chat_Android_App/OZ-Chat_Android_Dev/vector/src/main/java/im/vector/app/features/reactions/EmojiChooserViewModel.kt, /home/codenia/Videos/OZ-Chat_Prod_23_Mar_bgNoti_working/OZ-Chat_Prod/20251125_OZ-Chat_Android_App/OZ-Chat_Android_Dev/vector/src/main/java/im/vector/app/features/reactions/EmojiReactionPickerActivity.kt, /home/codenia/Videos/OZ-Chat_Prod_23_Mar_bgNoti_working/OZ-Chat_Prod/20251125_OZ-Chat_Android_App/OZ-Chat_Android_Dev/vector/src/main/java/im/vector/app/features/reactions/ReactionClickListener.kt, /home/codenia/Videos/OZ-Chat_Prod_23_Mar_bgNoti_working/OZ-Chat_Prod/20251125_OZ-Chat_Android_App/OZ-Chat_Android_Dev/vector/src/main/java/im/vector/app/features/reactions/EmojiSearchResultFragment.kt, /home/codenia/Videos/OZ-Chat_Prod_23_Mar_bgNoti_working/OZ-Chat_Prod/20251125_OZ-Chat_Android_App/OZ-Chat_Android_Dev/vector/src/main/java/im/vector/app/features/reactions/EmojiSearchResultItem.kt, /home/codenia/Videos/OZ-Chat_Prod_23_Mar_bgNoti_working/OZ-Chat_Prod/20251125_OZ-Chat_Android_App/OZ-Chat_Android_Dev/vector/src/main/java/im/vector/app/features/reactions/EmojiSearchAction.kt, /home/codenia/Videos/OZ-Chat_Prod_23_Mar_bgNoti_working/OZ-Chat_Prod/20251125_OZ-Chat_Android_App/OZ-Chat_Android_Dev/vector/src/main/java/im/vector/app/features/reactions/EmojiChooserFragment.kt, /home/codenia/Videos/OZ-Chat_Prod_23_Mar_bgNoti_working/OZ-Chat_Prod/20251125_OZ-Chat_Android_App/OZ-Chat_Android_Dev/vector/src/main/java/im/vector/app/features/reactions/EmojiDrawView.kt, /home/codenia/Videos/OZ-Chat_Prod_23_Mar_bgNoti_working/OZ-Chat_Prod/20251125_OZ-Chat_Android_App/OZ-Chat_Android_Dev/vector/src/main/java/im/vector/app/features/reactions/EmojiSearchResultViewModel.kt, /home/codenia/Videos/OZ-Chat_Prod_23_Mar_bgNoti_working/OZ-Chat_Prod/20251125_OZ-Chat_Android_App/OZ-Chat_Android_Dev/vector/src/main/java/im/vector/app/features/reactions/widget/CircleView.kt, /home/codenia/Videos/OZ-Chat_Prod_23_Mar_bgNoti_working/OZ-Chat_Prod/20251125_OZ-Chat_Android_App/OZ-Chat_Android_Dev/vector/src/main/java/im/vector/app/features/reactions/widget/DotsView.kt, /home/codenia/Videos/OZ-Chat_Prod_23_Mar_bgNoti_working/OZ-Chat_Prod/20251125_OZ-Chat_Android_App/OZ-Chat_Android_Dev/vector/src/main/java/im/vector/app/features/reactions/widget/ReactionButton.kt, /home/codenia/Videos/OZ-Chat_Prod_23_Mar_bgNoti_working/OZ-Chat_Prod/20251125_OZ-Chat_Android_App/OZ-Chat_Android_Dev/vector/src/main/java/im/vector/app/features/reactions/EmojiSearchResultController.kt, /home/codenia/Videos/OZ-Chat_Prod_23_Mar_bgNoti_working/OZ-Chat_Prod/20251125_OZ-Chat_Android_App/OZ-Chat_Android_Dev/vector/src/main/java/im/vector/app/features/reactions/data/EmojiDataSource.kt, /home/codenia/Videos/OZ-Chat_Prod_23_Mar_bgNoti_working/OZ-Chat_Prod/20251125_OZ-Chat_Android_App/OZ-Chat_Android_Dev/vector/src/main/java/im/vector/app/features/reactions/data/EmojiData.kt, /home/codenia/Videos/OZ-Chat_Prod_23_Mar_bgNoti_working/OZ-Chat_Prod/20251125_OZ-Chat_Android_App/OZ-Chat_Android_Dev/vector/src/main/java/im/vector/app/features/reactions/data/EmojiItem.kt, /home/codenia/Videos/OZ-Chat_Prod_23_Mar_bgNoti_working/OZ-Chat_Prod/20251125_OZ-Chat_Android_App/OZ-Chat_Android_Dev/vector/src/main/java/im/vector/app/features/reactions/data/EmojiCategory.kt, /home/codenia/Videos/OZ-Chat_Prod_23_Mar_bgNoti_working/OZ-Chat_Prod/20251125_OZ-Chat_Android_App/OZ-Chat_Android_Dev/vector/src/main/java/im/vector/app/features/reactions/EmojiRecyclerAdapter.kt, /home/codenia/Videos/OZ-Chat_Prod_23_Mar_bgNoti_working/OZ-Chat_Prod/20251125_OZ-Chat_Android_App/OZ-Chat_Android_Dev/vector/src/main/java/im/vector/app/features/autocomplete/RecyclerViewPresenter.kt, /home/codenia/Videos/OZ-Chat_Prod_23_Mar_bgNoti_working/OZ-Chat_Prod/20251125_OZ-Chat_Android_App/OZ-Chat_Android_Dev/vector/src/main/java/im/vector/app/features/autocomplete/command/AutocompleteCommandController.kt, /home/codenia/Videos/OZ-Chat_Prod_23_Mar_bgNoti_working/OZ-Chat_Prod/20251125_OZ-Chat_Android_App/OZ-Chat_Android_Dev/vector/src/main/java/im/vector/app/features/autocomplete/command/CommandAutocompletePolicy.kt, /home/codenia/Videos/OZ-Chat_Prod_23_Mar_bgNoti_working/OZ-Chat_Prod/20251125_OZ-Chat_Android_App/OZ-Chat_Android_Dev/vector/src/main/java/im/vector/app/features/autocomplete/command/AutocompleteCommandPresenter.kt, /home/codenia/Videos/OZ-Chat_Prod_23_Mar_bgNoti_working/OZ-Chat_Prod/20251125_OZ-Chat_Android_App/OZ-Chat_Android_Dev/vector/src/main/java/im/vector/app/features/autocomplete/command/AutocompleteCommandItem.kt, /home/codenia/Videos/OZ-Chat_Prod_23_Mar_bgNoti_working/OZ-Chat_Prod/20251125_OZ-Chat_Android_App/OZ-Chat_Android_Dev/vector/src/main/java/im/vector/app/features/autocomplete/AutocompleteClickListener.kt, /home/codenia/Videos/OZ-Chat_Prod_23_Mar_bgNoti_working/OZ-Chat_Prod/20251125_OZ-Chat_Android_App/OZ-Chat_Android_Dev/vector/src/main/java/im/vector/app/features/autocomplete/AutocompleteHeaderItem.kt, /home/codenia/Videos/OZ-Chat_Prod_23_Mar_bgNoti_working/OZ-Chat_Prod/20251125_OZ-Chat_Android_App/OZ-Chat_Android_Dev/vector/src/main/java/im/vector/app/features/autocomplete/AutocompleteMatrixItem.kt, /home/codenia/Videos/OZ-Chat_Prod_23_Mar_bgNoti_working/OZ-Chat_Prod/20251125_OZ-Chat_Android_App/OZ-Chat_Android_Dev/vector/src/main/java/im/vector/app/features/autocomplete/member/AutocompleteMemberPresenter.kt, /home/codenia/Videos/OZ-Chat_Prod_23_Mar_bgNoti_working/OZ-Chat_Prod/20251125_OZ-Chat_Android_App/OZ-Chat_Android_Dev/vector/src/main/java/im/vector/app/features/autocomplete/member/AutocompleteMemberController.kt, /home/codenia/Videos/OZ-Chat_Prod_23_Mar_bgNoti_working/OZ-Chat_Prod/20251125_OZ-Chat_Android_App/OZ-Chat_Android_Dev/vector/src/main/java/im/vector/app/features/autocomplete/member/AutocompleteMemberItem.kt, /home/codenia/Videos/OZ-Chat_Prod_23_Mar_bgNoti_working/OZ-Chat_Prod/20251125_OZ-Chat_Android_App/OZ-Chat_Android_Dev/vector/src/main/java/im/vector/app/features/autocomplete/room/AutocompleteRoomController.kt, /home/codenia/Videos/OZ-Chat_Prod_23_Mar_bgNoti_working/OZ-Chat_Prod/20251125_OZ-Chat_Android_App/OZ-Chat_Android_Dev/vector/src/main/java/im/vector/app/features/autocomplete/room/AutocompleteRoomPresenter.kt, /home/codenia/Videos/OZ-Chat_Prod_23_Mar_bgNoti_working/OZ-Chat_Prod/20251125_OZ-Chat_Android_App/OZ-Chat_Android_Dev/vector/src/main/java/im/vector/app/features/autocomplete/emoji/AutocompleteMoreResultItem.kt, /home/codenia/Videos/OZ-Chat_Prod_23_Mar_bgNoti_working/OZ-Chat_Prod/20251125_OZ-Chat_Android_App/OZ-Chat_Android_Dev/vector/src/main/java/im/vector/app/features/autocomplete/emoji/AutocompleteEmojiItem.kt, /home/codenia/Videos/OZ-Chat_Prod_23_Mar_bgNoti_working/OZ-Chat_Prod/20251125_OZ-Chat_Android_App/OZ-Chat_Android_Dev/vector/src/main/java/im/vector/app/features/autocomplete/emoji/AutocompleteEmojiController.kt, /home/codenia/Videos/OZ-Chat_Prod_23_Mar_bgNoti_working/OZ-Chat_Prod/20251125_OZ-Chat_Android_App/OZ-Chat_Android_Dev/vector/src/main/java/im/vector/app/features/autocomplete/emoji/AutocompleteEmojiPresenter.kt, /home/codenia/Videos/OZ-Chat_Prod_23_Mar_bgNoti_working/OZ-Chat_Prod/20251125_OZ-Chat_Android_App/OZ-Chat_Android_Dev/vector/src/main/java/im/vector/app/features/sync/widget/SyncStateView.kt, /home/codenia/Videos/OZ-Chat_Prod_23_Mar_bgNoti_working/OZ-Chat_Prod/20251125_OZ-Chat_Android_App/OZ-Chat_Android_Dev/vector/src/main/java/im/vector/app/features/html/SpoilerSpan.kt, /home/codenia/Videos/OZ-Chat_Prod_23_Mar_bgNoti_working/OZ-Chat_Prod/20251125_OZ-Chat_Android_App/OZ-Chat_Android_Dev/vector/src/main/java/im/vector/app/features/html/PillsPostProcessor.kt, /home/codenia/Videos/OZ-Chat_Prod_23_Mar_bgNoti_working/OZ-Chat_Prod/20251125_OZ-Chat_Android_App/OZ-Chat_Android_Dev/vector/src/main/java/im/vector/app/features/html/MxReplyTagHandler.kt, /home/codenia/Videos/OZ-Chat_Prod_23_Mar_bgNoti_working/OZ-Chat_Prod/20251125_OZ-Chat_Android_App/OZ-Chat_Android_Dev/vector/src/main/java/im/vector/app/features/html/FontTagHandler.kt, /home/codenia/Videos/OZ-Chat_Prod_23_Mar_bgNoti_working/OZ-Chat_Prod/20251125_OZ-Chat_Android_App/OZ-Chat_Android_Dev/vector/src/main/java/im/vector/app/features/html/HtmlCodeSpan.kt, /home/codenia/Videos/OZ-Chat_Prod_23_Mar_bgNoti_working/OZ-Chat_Prod/20251125_OZ-Chat_Android_App/OZ-Chat_Android_Dev/vector/src/main/java/im/vector/app/features/html/SpanUtils.kt, /home/codenia/Videos/OZ-Chat_Prod_23_Mar_bgNoti_working/OZ-Chat_Prod/20251125_OZ-Chat_Android_App/OZ-Chat_Android_Dev/vector/src/main/java/im/vector/app/features/html/PillImageSpan.kt, /home/codenia/Videos/OZ-Chat_Prod_23_Mar_bgNoti_working/OZ-Chat_Prod/20251125_OZ-Chat_Android_App/OZ-Chat_Android_Dev/vector/src/main/java/im/vector/app/features/html/VectorHtmlCompressor.kt, /home/codenia/Videos/OZ-Chat_Prod_23_Mar_bgNoti_working/OZ-Chat_Prod/20251125_OZ-Chat_Android_App/OZ-Chat_Android_Dev/vector/src/main/java/im/vector/app/features/html/HtmlRootTagPlugin.kt, /home/codenia/Videos/OZ-Chat_Prod_23_Mar_bgNoti_working/OZ-Chat_Prod/20251125_OZ-Chat_Android_App/OZ-Chat_Android_Dev/vector/src/main/java/im/vector/app/features/html/ParagraphHandler.kt, /home/codenia/Videos/OZ-Chat_Prod_23_Mar_bgNoti_working/OZ-Chat_Prod/20251125_OZ-Chat_Android_App/OZ-Chat_Android_Dev/vector/src/main/java/im/vector/app/features/html/HtmlCodeHandlers.kt, /home/codenia/Videos/OZ-Chat_Prod_23_Mar_bgNoti_working/OZ-Chat_Prod/20251125_OZ-Chat_Android_App/OZ-Chat_Android_Dev/vector/src/main/java/im/vector/app/features/html/EventHtmlRenderer.kt, /home/codenia/Videos/OZ-Chat_Prod_23_Mar_bgNoti_working/OZ-Chat_Prod/20251125_OZ-Chat_Android_App/OZ-Chat_Android_Dev/vector/src/main/java/im/vector/app/features/html/SpanHandler.kt, /home/codenia/Videos/OZ-Chat_Prod_23_Mar_bgNoti_working/OZ-Chat_Prod/20251125_OZ-Chat_Android_App/OZ-Chat_Android_Dev/vector/src/main/java/im/vector/app/features/consent/ConsentNotGivenHelper.kt, /home/codenia/Videos/OZ-Chat_Prod_23_Mar_bgNoti_working/OZ-Chat_Prod/20251125_OZ-Chat_Android_App/OZ-Chat_Android_Dev/vector/src/main/java/im/vector/app/features/popup/PopupAlertManager.kt, /home/codenia/Videos/OZ-Chat_Prod_23_Mar_bgNoti_working/OZ-Chat_Prod/20251125_OZ-Chat_Android_App/OZ-Chat_Android_Dev/vector/src/main/java/im/vector/app/features/popup/VerificationVectorAlert.kt, /home/codenia/Videos/OZ-Chat_Prod_23_Mar_bgNoti_working/OZ-Chat_Prod/20251125_OZ-Chat_Android_App/OZ-Chat_Android_Dev/vector/src/main/java/im/vector/app/features/popup/IncomingCallAlert.kt, /home/codenia/Videos/OZ-Chat_Prod_23_Mar_bgNoti_working/OZ-Chat_Prod/20251125_OZ-Chat_Android_App/OZ-Chat_Android_Dev/vector/src/main/java/im/vector/app/features/popup/VectorAlert.kt, /home/codenia/Videos/OZ-Chat_Prod_23_Mar_bgNoti_working/OZ-Chat_Prod/20251125_OZ-Chat_Android_App/OZ-Chat_Android_Dev/vector/src/main/java/im/vector/app/features/createdirect/CreateDirectRoomActivity.kt, /home/codenia/Videos/OZ-Chat_Prod_23_Mar_bgNoti_working/OZ-Chat_Prod/20251125_OZ-Chat_Android_App/OZ-Chat_Android_Dev/vector/src/main/java/im/vector/app/features/createdirect/DirectRoomHelper.kt, /home/codenia/Videos/OZ-Chat_Prod_23_Mar_bgNoti_working/OZ-Chat_Prod/20251125_OZ-Chat_Android_App/OZ-Chat_Android_Dev/vector/src/main/java/im/vector/app/features/createdirect/CreateDirectRoomViewModel.kt, /home/codenia/Videos/OZ-Chat_Prod_23_Mar_bgNoti_working/OZ-Chat_Prod/20251125_OZ-Chat_Android_App/OZ-Chat_Android_Dev/vector/src/main/java/im/vector/app/features/createdirect/CreateDirectRoomAction.kt, /home/codenia/Videos/OZ-Chat_Prod_23_Mar_bgNoti_working/OZ-Chat_Prod/20251125_OZ-Chat_Android_App/OZ-Chat_Android_Dev/vector/src/main/java/im/vector/app/features/createdirect/CreateDirectRoomViewEvents.kt, /home/codenia/Videos/OZ-Chat_Prod_23_Mar_bgNoti_working/OZ-Chat_Prod/20251125_OZ-Chat_Android_App/OZ-Chat_Android_Dev/vector/src/main/java/im/vector/app/features/createdirect/CreateDirectRoomViewState.kt, /home/codenia/Videos/OZ-Chat_Prod_23_Mar_bgNoti_working/OZ-Chat_Prod/20251125_OZ-Chat_Android_App/OZ-Chat_Android_Dev/vector/src/main/java/im/vector/app/features/lifecycle/VectorActivityLifecycleCallbacks.kt, /home/codenia/Videos/OZ-Chat_Prod_23_Mar_bgNoti_working/OZ-Chat_Prod/20251125_OZ-Chat_Android_App/OZ-Chat_Android_Dev/vector/src/main/java/im/vector/app/features/signout/hard/SignedOutActivity.kt, /home/codenia/Videos/OZ-Chat_Prod_23_Mar_bgNoti_working/OZ-Chat_Prod/20251125_OZ-Chat_Android_App/OZ-Chat_Android_Dev/vector/src/main/java/im/vector/app/features/signout/soft/SoftLogoutViewModel.kt, /home/codenia/Videos/OZ-Chat_Prod_23_Mar_bgNoti_working/OZ-Chat_Prod/20251125_OZ-Chat_Android_App/OZ-Chat_Android_Dev/vector/src/main/java/im/vector/app/features/signout/soft/SoftLogoutViewEvents.kt, /home/codenia/Videos/OZ-Chat_Prod_23_Mar_bgNoti_working/OZ-Chat_Prod/20251125_OZ-Chat_Android_App/OZ-Chat_Android_Dev/vector/src/main/java/im/vector/app/features/signout/soft/epoxy/LoginCenterButtonItem.kt, /home/codenia/Videos/OZ-Chat_Prod_23_Mar_bgNoti_working/OZ-Chat_Prod/20251125_OZ-Chat_Android_App/OZ-Chat_Android_Dev/vector/src/main/java/im/vector/app/features/signout/soft/epoxy/LoginPasswordFormItem.kt, /home/codenia/Videos/OZ-Chat_Prod_23_Mar_bgNoti_working/OZ-Chat_Prod/20251125_OZ-Chat_Android_App/OZ-Chat_Android_Dev/vector/src/main/java/im/vector/app/features/signout/soft/epoxy/LoginHeaderItem.kt, /home/codenia/Videos/OZ-Chat_Prod_23_Mar_bgNoti_working/OZ-Chat_Prod/20251125_OZ-Chat_Android_App/OZ-Chat_Android_Dev/vector/src/main/java/im/vector/app/features/signout/soft/epoxy/LoginTitleSmallItem.kt, /home/codenia/Videos/OZ-Chat_Prod_23_Mar_bgNoti_working/OZ-Chat_Prod/20251125_OZ-Chat_Android_App/OZ-Chat_Android_Dev/vector/src/main/java/im/vector/app/features/signout/soft/epoxy/LoginTextItem.kt, /home/codenia/Videos/OZ-Chat_Prod_23_Mar_bgNoti_working/OZ-Chat_Prod/20251125_OZ-Chat_Android_App/OZ-Chat_Android_Dev/vector/src/main/java/im/vector/app/features/signout/soft/epoxy/LoginRedButtonItem.kt, /home/codenia/Videos/OZ-Chat_Prod_23_Mar_bgNoti_working/OZ-Chat_Prod/20251125_OZ-Chat_Android_App/OZ-Chat_Android_Dev/vector/src/main/java/im/vector/app/features/signout/soft/epoxy/LoginErrorWithRetryItem.kt, /home/codenia/Videos/OZ-Chat_Prod_23_Mar_bgNoti_working/OZ-Chat_Prod/20251125_OZ-Chat_Android_App/OZ-Chat_Android_Dev/vector/src/main/java/im/vector/app/features/signout/soft/epoxy/LoginTitleItem.kt, /home/codenia/Videos/OZ-Chat_Prod_23_Mar_bgNoti_working/OZ-Chat_Prod/20251125_OZ-Chat_Android_App/OZ-Chat_Android_Dev/vector/src/main/java/im/vector/app/features/signout/soft/SoftLogoutController.kt, /home/codenia/Videos/OZ-Chat_Prod_23_Mar_bgNoti_working/OZ-Chat_Prod/20251125_OZ-Chat_Android_App/OZ-Chat_Android_Dev/vector/src/main/java/im/vector/app/features/signout/soft/SoftLogoutActivity.kt, /home/codenia/Videos/OZ-Chat_Prod_23_Mar_bgNoti_working/OZ-Chat_Prod/20251125_OZ-Chat_Android_App/OZ-Chat_Android_Dev/vector/src/main/java/im/vector/app/features/signout/soft/SoftLogoutFragment.kt, /home/codenia/Videos/OZ-Chat_Prod_23_Mar_bgNoti_working/OZ-Chat_Prod/20251125_OZ-Chat_Android_App/OZ-Chat_Android_Dev/vector/src/main/java/im/vector/app/features/signout/soft/SoftLogoutViewState.kt, /home/codenia/Videos/OZ-Chat_Prod_23_Mar_bgNoti_working/OZ-Chat_Prod/20251125_OZ-Chat_Android_App/OZ-Chat_Android_Dev/vector/src/main/java/im/vector/app/features/signout/soft/SoftLogoutAction.kt, /home/codenia/Videos/OZ-Chat_Prod_23_Mar_bgNoti_working/OZ-Chat_Prod/20251125_OZ-Chat_Android_App/OZ-Chat_Android_Dev/vector/src/main/java/im/vector/app/features/home/HomePagerAdapter.kt, /home/codenia/Videos/OZ-Chat_Prod_23_Mar_bgNoti_working/OZ-Chat_Prod/20251125_OZ-Chat_Android_App/OZ-Chat_Android_Dev/vector/src/main/java/im/vector/app/features/home/CurrentSpaceSuggestedRoomListDataSource.kt, /home/codenia/Videos/OZ-Chat_Prod_23_Mar_bgNoti_working/OZ-Chat_Prod/20251125_OZ-Chat_Android_App/OZ-Chat_Android_Dev/vector/src/main/java/im/vector/app/features/home/NewHomeDetailViewState.kt, /home/codenia/Videos/OZ-Chat_Prod_23_Mar_bgNoti_working/OZ-Chat_Prod/20251125_OZ-Chat_Android_App/OZ-Chat_Android_Dev/vector/src/main/java/im/vector/app/features/home/ShortcutsHandler.kt, /home/codenia/Videos/OZ-Chat_Prod_23_Mar_bgNoti_working/OZ-Chat_Prod/20251125_OZ-Chat_Android_App/OZ-Chat_Android_Dev/vector/src/main/java/im/vector/app/features/home/NightlyProxy.kt, /home/codenia/Videos/OZ-Chat_Prod_23_Mar_bgNoti_working/OZ-Chat_Prod/20251125_OZ-Chat_Android_App/OZ-Chat_Android_Dev/vector/src/main/java/im/vector/app/features/home/LoadingFragment.kt, /home/codenia/Videos/OZ-Chat_Prod_23_Mar_bgNoti_working/OZ-Chat_Prod/20251125_OZ-Chat_Android_App/OZ-Chat_Android_Dev/vector/src/main/java/im/vector/app/features/home/UnknownDeviceDetectorSharedViewModel.kt, /home/codenia/Videos/OZ-Chat_Prod_23_Mar_bgNoti_working/OZ-Chat_Prod/20251125_OZ-Chat_Android_App/OZ-Chat_Android_Dev/vector/src/main/java/im/vector/app/features/home/HomeDetailViewModel.kt, /home/codenia/Videos/OZ-Chat_Prod_23_Mar_bgNoti_working/OZ-Chat_Prod/20251125_OZ-Chat_Android_App/OZ-Chat_Android_Dev/vector/src/main/java/im/vector/app/features/home/ShortcutCreator.kt, /home/codenia/Videos/OZ-Chat_Prod_23_Mar_bgNoti_working/OZ-Chat_Prod/20251125_OZ-Chat_Android_App/OZ-Chat_Android_Dev/vector/src/main/java/im/vector/app/features/home/InitSyncStepFormatter.kt, /home/codenia/Videos/OZ-Chat_Prod_23_Mar_bgNoti_working/OZ-Chat_Prod/20251125_OZ-Chat_Android_App/OZ-Chat_Android_Dev/vector/src/main/java/im/vector/app/features/home/ShouldShowUnverifiedSessionsAlertUseCase.kt, /home/codenia/Videos/OZ-Chat_Prod_23_Mar_bgNoti_working/OZ-Chat_Prod/20251125_OZ-Chat_Android_App/OZ-Chat_Android_Dev/vector/src/main/java/im/vector/app/features/home/UserStatusFragment.kt, /home/codenia/Videos/OZ-Chat_Prod_23_Mar_bgNoti_working/OZ-Chat_Prod/20251125_OZ-Chat_Android_App/OZ-Chat_Android_Dev/vector/src/main/java/im/vector/app/features/home/NewHomeDetailViewModel.kt, /home/codenia/Videos/OZ-Chat_Prod_23_Mar_bgNoti_working/OZ-Chat_Prod/20251125_OZ-Chat_Android_App/OZ-Chat_Android_Dev/vector/src/main/java/im/vector/app/features/home/callhometab/CallHomeViewEvents.kt, /home/codenia/Videos/OZ-Chat_Prod_23_Mar_bgNoti_working/OZ-Chat_Prod/20251125_OZ-Chat_Android_App/OZ-Chat_Android_Dev/vector/src/main/java/im/vector/app/features/home/callhometab/CallHomeViewModel.kt, /home/codenia/Videos/OZ-Chat_Prod_23_Mar_bgNoti_working/OZ-Chat_Prod/20251125_OZ-Chat_Android_App/OZ-Chat_Android_Dev/vector/src/main/java/im/vector/app/features/home/callhometab/CallHomeScreenModel.kt, /home/codenia/Videos/OZ-Chat_Prod_23_Mar_bgNoti_working/OZ-Chat_Prod/20251125_OZ-Chat_Android_App/OZ-Chat_Android_Dev/vector/src/main/java/im/vector/app/features/home/callhometab/TimelineSnapshotAwaiter.kt, /home/codenia/Videos/OZ-Chat_Prod_23_Mar_bgNoti_working/OZ-Chat_Prod/20251125_OZ-Chat_Android_App/OZ-Chat_Android_Dev/vector/src/main/java/im/vector/app/features/home/callhometab/CallScreenComposeUI.kt, /home/codenia/Videos/OZ-Chat_Prod_23_Mar_bgNoti_working/OZ-Chat_Prod/20251125_OZ-Chat_Android_App/OZ-Chat_Android_Dev/vector/src/main/java/im/vector/app/features/home/callhometab/CallHomeActions.kt, /home/codenia/Videos/OZ-Chat_Prod_23_Mar_bgNoti_working/OZ-Chat_Prod/20251125_OZ-Chat_Android_App/OZ-Chat_Android_Dev/vector/src/main/java/im/vector/app/features/home/callhometab/CallItemMapper.kt, /home/codenia/Videos/OZ-Chat_Prod_23_Mar_bgNoti_working/OZ-Chat_Prod/20251125_OZ-Chat_Android_App/OZ-Chat_Android_Dev/vector/src/main/java/im/vector/app/features/home/callhometab/CallHomeViewState.kt, /home/codenia/Videos/OZ-Chat_Prod_23_Mar_bgNoti_working/OZ-Chat_Prod/20251125_OZ-Chat_Android_App/OZ-Chat_Android_Dev/vector/src/main/java/im/vector/app/features/home/callhometab/DefaultCallHistoryRepository.kt, /home/codenia/Videos/OZ-Chat_Prod_23_Mar_bgNoti_working/OZ-Chat_Prod/20251125_OZ-Chat_Android_App/OZ-Chat_Android_Dev/vector/src/main/java/im/vector/app/features/home/callhometab/CallHistoryRepository.kt, /home/codenia/Videos/OZ-Chat_Prod_23_Mar_bgNoti_working/OZ-Chat_Prod/20251125_OZ-Chat_Android_App/OZ-Chat_Android_Dev/vector/src/main/java/im/vector/app/features/home/HomeDetailFragment.kt, /home/codenia/Videos/OZ-Chat_Prod_23_Mar_bgNoti_working/OZ-Chat_Prod/20251125_OZ-Chat_Android_App/OZ-Chat_Android_Dev/vector/src/main/java/im/vector/app/features/home/HomeActivityViewActions.kt, /home/codenia/Videos/OZ-Chat_Prod_23_Mar_bgNoti_working/OZ-Chat_Prod/20251125_OZ-Chat_Android_App/OZ-Chat_Android_Dev/vector/src/main/java/im/vector/app/features/home/HomeActivityViewEvents.kt, /home/codenia/Videos/OZ-Chat_Prod_23_Mar_bgNoti_working/OZ-Chat_Prod/20251125_OZ-Chat_Android_App/OZ-Chat_Android_Dev/vector/src/main/java/im/vector/app/features/home/HomeActivityViewState.kt, /home/codenia/Videos/OZ-Chat_Prod_23_Mar_bgNoti_working/OZ-Chat_Prod/20251125_OZ-Chat_Android_App/OZ-Chat_Android_Dev/vector/src/main/java/im/vector/app/features/home/HomeActivity.kt, /home/codenia/Videos/OZ-Chat_Prod_23_Mar_bgNoti_working/OZ-Chat_Prod/20251125_OZ-Chat_Android_App/OZ-Chat_Android_Dev/vector/src/main/java/im/vector/app/features/home/HomeDrawerFragment.kt, /home/codenia/Videos/OZ-Chat_Prod_23_Mar_bgNoti_working/OZ-Chat_Prod/20251125_OZ-Chat_Android_App/OZ-Chat_Android_Dev/vector/src/main/java/im/vector/app/features/home/RoomListDisplayMode.kt, /home/codenia/Videos/OZ-Chat_Prod_23_Mar_bgNoti_working/OZ-Chat_Prod/20251125_OZ-Chat_Android_App/OZ-Chat_Android_Dev/vector/src/main/java/im/vector/app/features/home/SetUnverifiedSessionsAlertShownUseCase.kt, /home/codenia/Videos/OZ-Chat_Prod_23_Mar_bgNoti_working/OZ-Chat_Prod/20251125_OZ-Chat_Android_App/OZ-Chat_Android_Dev/vector/src/main/java/im/vector/app/features/home/GetSpacesNotificationBadgeStateUseCase.kt, /home/codenia/Videos/OZ-Chat_Prod_23_Mar_bgNoti_working/OZ-Chat_Prod/20251125_OZ-Chat_Android_App/OZ-Chat_Android_Dev/vector/src/main/java/im/vector/app/features/home/UserColorAccountDataViewModel.kt, /home/codenia/Videos/OZ-Chat_Prod_23_Mar_bgNoti_working/OZ-Chat_Prod/20251125_OZ-Chat_Android_App/OZ-Chat_Android_Dev/vector/src/main/java/im/vector/app/features/home/AdaptiveIconTransformation.kt, /home/codenia/Videos/OZ-Chat_Prod_23_Mar_bgNoti_working/OZ-Chat_Prod/20251125_OZ-Chat_Android_App/OZ-Chat_Android_Dev/vector/src/main/java/im/vector/app/features/home/HomeSharedActionViewModel.kt, /home/codenia/Videos/OZ-Chat_Prod_23_Mar_bgNoti_working/OZ-Chat_Prod/20251125_OZ-Chat_Android_App/OZ-Chat_Android_Dev/vector/src/main/java/im/vector/app/features/home/room/breadcrumbs/BreadcrumbsViewState.kt, /home/codenia/Videos/OZ-Chat_Prod_23_Mar_bgNoti_working/OZ-Chat_Prod/20251125_OZ-Chat_Android_App/OZ-Chat_Android_Dev/vector/src/main/java/im/vector/app/features/home/room/breadcrumbs/BreadcrumbsItem.kt, /home/codenia/Videos/OZ-Chat_Prod_23_Mar_bgNoti_working/OZ-Chat_Prod/20251125_OZ-Chat_Android_App/OZ-Chat_Android_Dev/vector/src/main/java/im/vector/app/features/home/room/breadcrumbs/BreadcrumbsFragment.kt, /home/codenia/Videos/OZ-Chat_Prod_23_Mar_bgNoti_working/OZ-Chat_Prod/20251125_OZ-Chat_Android_App/OZ-Chat_Android_Dev/vector/src/main/java/im/vector/app/features/home/room/breadcrumbs/BreadcrumbsController.kt, /home/codenia/Videos/OZ-Chat_Prod_23_Mar_bgNoti_working/OZ-Chat_Prod/20251125_OZ-Chat_Android_App/OZ-Chat_Android_Dev/vector/src/main/java/im/vector/app/features/home/room/breadcrumbs/BreadcrumbsAnimator.kt, /home/codenia/Videos/OZ-Chat_Prod_23_Mar_bgNoti_working/OZ-Chat_Prod/20251125_OZ-Chat_Android_App/OZ-Chat_Android_Dev/vector/src/main/java/im/vector/app/features/home/room/breadcrumbs/BreadcrumbsViewModel.kt, /home/codenia/Videos/OZ-Chat_Prod_23_Mar_bgNoti_working/OZ-Chat_Prod/20251125_OZ-Chat_Android_App/OZ-Chat_Android_Dev/vector/src/main/java/im/vector/app/features/home/room/typing/TypingHelper.kt, /home/codenia/Videos/OZ-Chat_Prod_23_Mar_bgNoti_working/OZ-Chat_Prod/20251125_OZ-Chat_Android_App/OZ-Chat_Android_Dev/vector/src/main/java/im/vector/app/features/home/room/threads/ThreadsActivity.kt, /home/codenia/Videos/OZ-Chat_Prod_23_Mar_bgNoti_working/OZ-Chat_Prod/20251125_OZ-Chat_Android_App/OZ-Chat_Android_Dev/vector/src/main/java/im/vector/app/features/home/room/threads/ThreadsManager.kt, /home/codenia/Videos/OZ-Chat_Prod_23_Mar_bgNoti_working/OZ-Chat_Prod/20251125_OZ-Chat_Android_App/OZ-Chat_Android_Dev/vector/src/main/java/im/vector/app/features/home/room/threads/arguments/ThreadTimelineArgs.kt, /home/codenia/Videos/OZ-Chat_Prod_23_Mar_bgNoti_working/OZ-Chat_Prod/20251125_OZ-Chat_Android_App/OZ-Chat_Android_Dev/vector/src/main/java/im/vector/app/features/home/room/threads/arguments/ThreadListArgs.kt, /home/codenia/Videos/OZ-Chat_Prod_23_Mar_bgNoti_working/OZ-Chat_Prod/20251125_OZ-Chat_Android_App/OZ-Chat_Android_Dev/vector/src/main/java/im/vector/app/features/home/room/threads/list/views/ThreadListFragment.kt, /home/codenia/Videos/OZ-Chat_Prod_23_Mar_bgNoti_working/OZ-Chat_Prod/20251125_OZ-Chat_Android_App/OZ-Chat_Android_Dev/vector/src/main/java/im/vector/app/features/home/room/threads/list/views/ThreadListBottomSheet.kt, /home/codenia/Videos/OZ-Chat_Prod_23_Mar_bgNoti_working/OZ-Chat_Prod/20251125_OZ-Chat_Android_App/OZ-Chat_Android_Dev/vector/src/main/java/im/vector/app/features/home/room/threads/list/viewmodel/ThreadListViewEvents.kt, /home/codenia/Videos/OZ-Chat_Prod_23_Mar_bgNoti_working/OZ-Chat_Prod/20251125_OZ-Chat_Android_App/OZ-Chat_Android_Dev/vector/src/main/java/im/vector/app/features/home/room/threads/list/viewmodel/ThreadListViewActions.kt, /home/codenia/Videos/OZ-Chat_Prod_23_Mar_bgNoti_working/OZ-Chat_Prod/20251125_OZ-Chat_Android_App/OZ-Chat_Android_Dev/vector/src/main/java/im/vector/app/features/home/room/threads/list/viewmodel/ThreadListViewState.kt, /home/codenia/Videos/OZ-Chat_Prod_23_Mar_bgNoti_working/OZ-Chat_Prod/20251125_OZ-Chat_Android_App/OZ-Chat_Android_Dev/vector/src/main/java/im/vector/app/features/home/room/threads/list/viewmodel/ThreadListPagedController.kt, /home/codenia/Videos/OZ-Chat_Prod_23_Mar_bgNoti_working/OZ-Chat_Prod/20251125_OZ-Chat_Android_App/OZ-Chat_Android_Dev/vector/src/main/java/im/vector/app/features/home/room/threads/list/viewmodel/ThreadListViewModel.kt, /home/codenia/Videos/OZ-Chat_Prod_23_Mar_bgNoti_working/OZ-Chat_Prod/20251125_OZ-Chat_Android_App/OZ-Chat_Android_Dev/vector/src/main/java/im/vector/app/features/home/room/threads/list/viewmodel/ThreadListController.kt, /home/codenia/Videos/OZ-Chat_Prod_23_Mar_bgNoti_working/OZ-Chat_Prod/20251125_OZ-Chat_Android_App/OZ-Chat_Android_Dev/vector/src/main/java/im/vector/app/features/home/room/threads/list/model/ThreadListItem.kt, /home/codenia/Videos/OZ-Chat_Prod_23_Mar_bgNoti_working/OZ-Chat_Prod/20251125_OZ-Chat_Android_App/OZ-Chat_Android_Dev/vector/src/main/java/im/vector/app/features/home/room/filtered/FilteredRoomsActivity.kt, /home/codenia/Videos/OZ-Chat_Prod_23_Mar_bgNoti_working/OZ-Chat_Prod/20251125_OZ-Chat_Android_App/OZ-Chat_Android_Dev/vector/src/main/java/im/vector/app/features/home/room/filtered/FilteredRoomFooterItem.kt, /home/codenia/Videos/OZ-Chat_Prod_23_Mar_bgNoti_working/OZ-Chat_Prod/20251125_OZ-Chat_Android_App/OZ-Chat_Android_Dev/vector/src/main/java/im/vector/app/features/home/room/list/RoomListSectionBuilder.kt, /home/codenia/Videos/OZ-Chat_Prod_23_Mar_bgNoti_working/OZ-Chat_Prod/20251125_OZ-Chat_Android_App/OZ-Chat_Android_Dev/vector/src/main/java/im/vector/app/features/home/room/list/CollapsableControllerExtension.kt, /home/codenia/Videos/OZ-Chat_Prod_23_Mar_bgNoti_working/OZ-Chat_Prod/20251125_OZ-Chat_Android_App/OZ-Chat_Android_Dev/vector/src/main/java/im/vector/app/features/home/room/list/RoomSummaryFormatter.kt, /home/codenia/Videos/OZ-Chat_Prod_23_Mar_bgNoti_working/OZ-Chat_Prod/20251125_OZ-Chat_Android_App/OZ-Chat_Android_Dev/vector/src/main/java/im/vector/app/features/home/room/list/RoomSummaryItem.kt, /home/codenia/Videos/OZ-Chat_Prod_23_Mar_bgNoti_working/OZ-Chat_Prod/20251125_OZ-Chat_Android_App/OZ-Chat_Android_Dev/vector/src/main/java/im/vector/app/features/home/room/list/RoomListListener.kt, /home/codenia/Videos/OZ-Chat_Prod_23_Mar_bgNoti_working/OZ-Chat_Prod/20251125_OZ-Chat_Android_App/OZ-Chat_Android_Dev/vector/src/main/java/im/vector/app/features/home/room/list/RoomListAction.kt, /home/codenia/Videos/OZ-Chat_Prod_23_Mar_bgNoti_working/OZ-Chat_Prod/20251125_OZ-Chat_Android_App/OZ-Chat_Android_Dev/vector/src/main/java/im/vector/app/features/home/room/list/SuggestedRoomInfo.kt, /home/codenia/Videos/OZ-Chat_Prod_23_Mar_bgNoti_working/OZ-Chat_Prod/20251125_OZ-Chat_Android_App/OZ-Chat_Android_Dev/vector/src/main/java/im/vector/app/features/home/room/list/actions/RoomListQuickActionsBottomSheet.kt, /home/codenia/Videos/OZ-Chat_Prod_23_Mar_bgNoti_working/OZ-Chat_Prod/20251125_OZ-Chat_Android_App/OZ-Chat_Android_Dev/vector/src/main/java/im/vector/app/features/home/room/list/actions/RoomListQuickActionViewState.kt, /home/codenia/Videos/OZ-Chat_Prod_23_Mar_bgNoti_working/OZ-Chat_Prod/20251125_OZ-Chat_Android_App/OZ-Chat_Android_Dev/vector/src/main/java/im/vector/app/features/home/room/list/actions/RoomListSharedAction.kt, /home/codenia/Videos/OZ-Chat_Prod_23_Mar_bgNoti_working/OZ-Chat_Prod/20251125_OZ-Chat_Android_App/OZ-Chat_Android_Dev/vector/src/main/java/im/vector/app/features/home/room/list/actions/RoomListSharedActionViewModel.kt, /home/codenia/Videos/OZ-Chat_Prod_23_Mar_bgNoti_working/OZ-Chat_Prod/20251125_OZ-Chat_Android_App/OZ-Chat_Android_Dev/vector/src/main/java/im/vector/app/features/home/room/list/actions/RoomListQuickActionsEpoxyController.kt, /home/codenia/Videos/OZ-Chat_Prod_23_Mar_bgNoti_working/OZ-Chat_Prod/20251125_OZ-Chat_Android_App/OZ-Chat_Android_Dev/vector/src/main/java/im/vector/app/features/home/room/list/actions/RoomListQuickActionsSharedAction.kt, /home/codenia/Videos/OZ-Chat_Prod_23_Mar_bgNoti_working/OZ-Chat_Prod/20251125_OZ-Chat_Android_App/OZ-Chat_Android_Dev/vector/src/main/java/im/vector/app/features/home/room/list/actions/RoomListQuickActionsSharedActionViewModel.kt, /home/codenia/Videos/OZ-Chat_Prod_23_Mar_bgNoti_working/OZ-Chat_Prod/20251125_OZ-Chat_Android_App/OZ-Chat_Android_Dev/vector/src/main/java/im/vector/app/features/home/room/list/ChronologicalRoomComparator.kt, /home/codenia/Videos/OZ-Chat_Prod_23_Mar_bgNoti_working/OZ-Chat_Prod/20251125_OZ-Chat_Android_App/OZ-Chat_Android_Dev/vector/src/main/java/im/vector/app/features/home/room/list/RoomListAnimator.kt, /home/codenia/Videos/OZ-Chat_Prod_23_Mar_bgNoti_working/OZ-Chat_Prod/20251125_OZ-Chat_Android_App/OZ-Chat_Android_Dev/vector/src/main/java/im/vector/app/features/home/room/list/SectionHeaderAdapter.kt, /home/codenia/Videos/OZ-Chat_Prod_23_Mar_bgNoti_working/OZ-Chat_Prod/20251125_OZ-Chat_Android_App/OZ-Chat_Android_Dev/vector/src/main/java/im/vector/app/features/home/room/list/AlphabeticalRoomComparator.kt, /home/codenia/Videos/OZ-Chat_Prod_23_Mar_bgNoti_working/OZ-Chat_Prod/20251125_OZ-Chat_Android_App/OZ-Chat_Android_Dev/vector/src/main/java/im/vector/app/features/home/room/list/RoomListFooterController.kt, /home/codenia/Videos/OZ-Chat_Prod_23_Mar_bgNoti_working/OZ-Chat_Prod/20251125_OZ-Chat_Android_App/OZ-Chat_Android_Dev/vector/src/main/java/im/vector/app/features/home/room/list/SpaceChildInfoItem.kt, /home/codenia/Videos/OZ-Chat_Prod_23_Mar_bgNoti_working/OZ-Chat_Prod/20251125_OZ-Chat_Android_App/OZ-Chat_Android_Dev/vector/src/main/java/im/vector/app/features/home/room/list/BreadcrumbsRoomComparator.kt, /home/codenia/Videos/OZ-Chat_Prod_23_Mar_bgNoti_working/OZ-Chat_Prod/20251125_OZ-Chat_Android_App/OZ-Chat_Android_Dev/vector/src/main/java/im/vector/app/features/home/room/list/RoomListUserController.kt, /home/codenia/Videos/OZ-Chat_Prod_23_Mar_bgNoti_working/OZ-Chat_Prod/20251125_OZ-Chat_Android_App/OZ-Chat_Android_Dev/vector/src/main/java/im/vector/app/features/home/room/list/usecase/GetLatestPreviewableEventUseCase.kt, /home/codenia/Videos/OZ-Chat_Prod_23_Mar_bgNoti_working/OZ-Chat_Prod/20251125_OZ-Chat_Android_App/OZ-Chat_Android_Dev/vector/src/main/java/im/vector/app/features/home/room/list/RoomListViewEvents.kt, /home/codenia/Videos/OZ-Chat_Prod_23_Mar_bgNoti_working/OZ-Chat_Prod/20251125_OZ-Chat_Android_App/OZ-Chat_Android_Dev/vector/src/main/java/im/vector/app/features/home/room/list/RoomSummaryPlaceHolderItem.kt, /home/codenia/Videos/OZ-Chat_Prod_23_Mar_bgNoti_working/OZ-Chat_Prod/20251125_OZ-Chat_Android_App/OZ-Chat_Android_Dev/vector/src/main/java/im/vector/app/features/home/room/list/SpaceDirectoryFilterNoResultsItem.kt, /home/codenia/Videos/OZ-Chat_Prod_23_Mar_bgNoti_working/OZ-Chat_Prod/20251125_OZ-Chat_Android_App/OZ-Chat_Android_Dev/vector/src/main/java/im/vector/app/features/home/room/list/RoomInvitationItem.kt, /home/codenia/Videos/OZ-Chat_Prod_23_Mar_bgNoti_working/OZ-Chat_Prod/20251125_OZ-Chat_Android_App/OZ-Chat_Android_Dev/vector/src/main/java/im/vector/app/features/home/room/list/RoomSummaryListController.kt, /home/codenia/Videos/OZ-Chat_Prod_23_Mar_bgNoti_working/OZ-Chat_Prod/20251125_OZ-Chat_Android_App/OZ-Chat_Android_Dev/vector/src/main/java/im/vector/app/features/home/room/list/RoomListViewModel.kt, /home/codenia/Videos/OZ-Chat_Prod_23_Mar_bgNoti_working/OZ-Chat_Prod/20251125_OZ-Chat_Android_App/OZ-Chat_Android_Dev/vector/src/main/java/im/vector/app/features/home/room/list/RoomListFragment.kt, /home/codenia/Videos/OZ-Chat_Prod_23_Mar_bgNoti_working/OZ-Chat_Prod/20251125_OZ-Chat_Android_App/OZ-Chat_Android_Dev/vector/src/main/java/im/vector/app/features/home/room/list/RoomSummaryItemFactory.kt, /home/codenia/Videos/OZ-Chat_Prod_23_Mar_bgNoti_working/OZ-Chat_Prod/20251125_OZ-Chat_Android_App/OZ-Chat_Android_Dev/vector/src/main/java/im/vector/app/features/home/room/list/SuggestedRoomListController.kt, /home/codenia/Videos/OZ-Chat_Prod_23_Mar_bgNoti_working/OZ-Chat_Prod/20251125_OZ-Chat_Android_App/OZ-Chat_Android_Dev/vector/src/main/java/im/vector/app/features/home/room/list/widget/NotifsFabMenuView.kt, /home/codenia/Videos/OZ-Chat_Prod_23_Mar_bgNoti_working/OZ-Chat_Prod/20251125_OZ-Chat_Android_App/OZ-Chat_Android_Dev/vector/src/main/java/im/vector/app/features/home/room/list/RoomSummaryPagedController.kt, /home/codenia/Videos/OZ-Chat_Prod_23_Mar_bgNoti_working/OZ-Chat_Prod/20251125_OZ-Chat_Android_App/OZ-Chat_Android_Dev/vector/src/main/java/im/vector/app/features/home/room/list/RoomsSection.kt, /home/codenia/Videos/OZ-Chat_Prod_23_Mar_bgNoti_working/OZ-Chat_Prod/20251125_OZ-Chat_Android_App/OZ-Chat_Android_Dev/vector/src/main/java/im/vector/app/features/home/room/list/RoomListNameFilter.kt, /home/codenia/Videos/OZ-Chat_Prod_23_Mar_bgNoti_working/OZ-Chat_Prod/20251125_OZ-Chat_Android_App/OZ-Chat_Android_Dev/vector/src/main/java/im/vector/app/features/home/room/list/UnreadCounterBadgeView.kt, /home/codenia/Videos/OZ-Chat_Prod_23_Mar_bgNoti_working/OZ-Chat_Prod/20251125_OZ-Chat_Android_App/OZ-Chat_Android_Dev/vector/src/main/java/im/vector/app/features/home/room/list/RoomSummaryPagedControllerFactory.kt, /home/codenia/Videos/OZ-Chat_Prod_23_Mar_bgNoti_working/OZ-Chat_Prod/20251125_OZ-Chat_Android_App/OZ-Chat_Android_Dev/vector/src/main/java/im/vector/app/features/home/room/list/CollapsableTypedEpoxyController.kt, /home/codenia/Videos/OZ-Chat_Prod_23_Mar_bgNoti_working/OZ-Chat_Prod/20251125_OZ-Chat_Android_App/OZ-Chat_Android_Dev/vector/src/main/java/im/vector/app/features/home/room/list/home/RoomSummaryRoomListDiffCallback.kt, /home/codenia/Videos/OZ-Chat_Prod_23_Mar_bgNoti_working/OZ-Chat_Prod/20251125_OZ-Chat_Android_App/OZ-Chat_Android_Dev/vector/src/main/java/im/vector/app/features/home/room/list/home/HomeRoomListAction.kt, /home/codenia/Videos/OZ-Chat_Prod_23_Mar_bgNoti_working/OZ-Chat_Prod/20251125_OZ-Chat_Android_App/OZ-Chat_Android_Dev/vector/src/main/java/im/vector/app/features/home/room/list/home/layout/HomeLayoutSettingBottomDialogFragment.kt, /home/codenia/Videos/OZ-Chat_Prod_23_Mar_bgNoti_working/OZ-Chat_Prod/20251125_OZ-Chat_Android_App/OZ-Chat_Android_Dev/vector/src/main/java/im/vector/app/features/home/room/list/home/HomeRoomListViewModel.kt, /home/codenia/Videos/OZ-Chat_Prod_23_Mar_bgNoti_working/OZ-Chat_Prod/20251125_OZ-Chat_Android_App/OZ-Chat_Android_Dev/vector/src/main/java/im/vector/app/features/home/room/list/home/HomeLayoutPreferencesStore.kt, /home/codenia/Videos/OZ-Chat_Prod_23_Mar_bgNoti_working/OZ-Chat_Prod/20251125_OZ-Chat_Android_App/OZ-Chat_Android_Dev/vector/src/main/java/im/vector/app/features/home/room/list/home/HomeRoomListViewState.kt, /home/codenia/Videos/OZ-Chat_Prod_23_Mar_bgNoti_working/OZ-Chat_Prod/20251125_OZ-Chat_Android_App/OZ-Chat_Android_Dev/vector/src/main/java/im/vector/app/features/home/room/list/home/invites/InvitesViewModel.kt, /home/codenia/Videos/OZ-Chat_Prod_23_Mar_bgNoti_working/OZ-Chat_Prod/20251125_OZ-Chat_Android_App/OZ-Chat_Android_Dev/vector/src/main/java/im/vector/app/features/home/room/list/home/invites/InvitesActivity.kt, /home/codenia/Videos/OZ-Chat_Prod_23_Mar_bgNoti_working/OZ-Chat_Prod/20251125_OZ-Chat_Android_App/OZ-Chat_Android_Dev/vector/src/main/java/im/vector/app/features/home/room/list/home/invites/InvitesViewEvents.kt, /home/codenia/Videos/OZ-Chat_Prod_23_Mar_bgNoti_working/OZ-Chat_Prod/20251125_OZ-Chat_Android_App/OZ-Chat_Android_Dev/vector/src/main/java/im/vector/app/features/home/room/list/home/invites/InvitesFragment.kt, /home/codenia/Videos/OZ-Chat_Prod_23_Mar_bgNoti_working/OZ-Chat_Prod/20251125_OZ-Chat_Android_App/OZ-Chat_Android_Dev/vector/src/main/java/im/vector/app/features/home/room/list/home/invites/InvitesAction.kt, /home/codenia/Videos/OZ-Chat_Prod_23_Mar_bgNoti_working/OZ-Chat_Prod/20251125_OZ-Chat_Android_App/OZ-Chat_Android_Dev/vector/src/main/java/im/vector/app/features/home/room/list/home/invites/InvitesController.kt, /home/codenia/Videos/OZ-Chat_Prod_23_Mar_bgNoti_working/OZ-Chat_Prod/20251125_OZ-Chat_Android_App/OZ-Chat_Android_Dev/vector/src/main/java/im/vector/app/features/home/room/list/home/invites/InvitesViewState.kt, /home/codenia/Videos/OZ-Chat_Prod_23_Mar_bgNoti_working/OZ-Chat_Prod/20251125_OZ-Chat_Android_App/OZ-Chat_Android_Dev/vector/src/main/java/im/vector/app/features/home/room/list/home/HomeFilteredRoomsController.kt, /home/codenia/Videos/OZ-Chat_Prod_23_Mar_bgNoti_working/OZ-Chat_Prod/20251125_OZ-Chat_Android_App/OZ-Chat_Android_Dev/vector/src/main/java/im/vector/app/features/home/room/list/home/NewChatBottomSheet.kt, /home/codenia/Videos/OZ-Chat_Prod_23_Mar_bgNoti_working/OZ-Chat_Prod/20251125_OZ-Chat_Android_App/OZ-Chat_Android_Dev/vector/src/main/java/im/vector/app/features/home/room/list/home/header/InviteCounterItem.kt, /home/codenia/Videos/OZ-Chat_Prod_23_Mar_bgNoti_working/OZ-Chat_Prod/20251125_OZ-Chat_Android_App/OZ-Chat_Android_Dev/vector/src/main/java/im/vector/app/features/home/room/list/home/header/RecentRoomItem.kt, /home/codenia/Videos/OZ-Chat_Prod_23_Mar_bgNoti_working/OZ-Chat_Prod/20251125_OZ-Chat_Android_App/OZ-Chat_Android_Dev/vector/src/main/java/im/vector/app/features/home/room/list/home/header/HomeRoomsHeadersController.kt, /home/codenia/Videos/OZ-Chat_Prod_23_Mar_bgNoti_working/OZ-Chat_Prod/20251125_OZ-Chat_Android_App/OZ-Chat_Android_Dev/vector/src/main/java/im/vector/app/features/home/room/list/home/header/HomeRoomFilter.kt, /home/codenia/Videos/OZ-Chat_Prod_23_Mar_bgNoti_working/OZ-Chat_Prod/20251125_OZ-Chat_Android_App/OZ-Chat_Android_Dev/vector/src/main/java/im/vector/app/features/home/room/list/home/header/RoomsHeadersData.kt, /home/codenia/Videos/OZ-Chat_Prod_23_Mar_bgNoti_working/OZ-Chat_Prod/20251125_OZ-Chat_Android_App/OZ-Chat_Android_Dev/vector/src/main/java/im/vector/app/features/home/room/list/home/header/RoomFilterHeaderItem.kt, /home/codenia/Videos/OZ-Chat_Prod_23_Mar_bgNoti_working/OZ-Chat_Prod/20251125_OZ-Chat_Android_App/OZ-Chat_Android_Dev/vector/src/main/java/im/vector/app/features/home/room/list/home/RoomListEmptyItem.kt, /home/codenia/Videos/OZ-Chat_Prod_23_Mar_bgNoti_working/OZ-Chat_Prod/20251125_OZ-Chat_Android_App/OZ-Chat_Android_Dev/vector/src/main/java/im/vector/app/features/home/room/list/home/HomeRoomListViewEvents.kt, /home/codenia/Videos/OZ-Chat_Prod_23_Mar_bgNoti_working/OZ-Chat_Prod/20251125_OZ-Chat_Android_App/OZ-Chat_Android_Dev/vector/src/main/java/im/vector/app/features/home/room/list/home/release/ReleaseNotesCarouselController.kt, /home/codenia/Videos/OZ-Chat_Prod_23_Mar_bgNoti_working/OZ-Chat_Prod/20251125_OZ-Chat_Android_App/OZ-Chat_Android_Dev/vector/src/main/java/im/vector/app/features/home/room/list/home/release/ReleaseCarouselItem.kt, /home/codenia/Videos/OZ-Chat_Prod_23_Mar_bgNoti_working/OZ-Chat_Prod/20251125_OZ-Chat_Android_App/OZ-Chat_Android_Dev/vector/src/main/java/im/vector/app/features/home/room/list/home/release/ReleaseCarouselData.kt, /home/codenia/Videos/OZ-Chat_Prod_23_Mar_bgNoti_working/OZ-Chat_Prod/20251125_OZ-Chat_Android_App/OZ-Chat_Android_Dev/vector/src/main/java/im/vector/app/features/home/room/list/home/release/ReleaseNotesViewModel.kt, /home/codenia/Videos/OZ-Chat_Prod_23_Mar_bgNoti_working/OZ-Chat_Prod/20251125_OZ-Chat_Android_App/OZ-Chat_Android_Dev/vector/src/main/java/im/vector/app/features/home/room/list/home/release/ReleaseNotesPreferencesStore.kt, /home/codenia/Videos/OZ-Chat_Prod_23_Mar_bgNoti_working/OZ-Chat_Prod/20251125_OZ-Chat_Android_App/OZ-Chat_Android_Dev/vector/src/main/java/im/vector/app/features/home/room/list/home/release/ReleaseNotesFragment.kt, /home/codenia/Videos/OZ-Chat_Prod_23_Mar_bgNoti_working/OZ-Chat_Prod/20251125_OZ-Chat_Android_App/OZ-Chat_Android_Dev/vector/src/main/java/im/vector/app/features/home/room/list/home/release/ReleaseNotesActivity.kt, /home/codenia/Videos/OZ-Chat_Prod_23_Mar_bgNoti_working/OZ-Chat_Prod/20251125_OZ-Chat_Android_App/OZ-Chat_Android_Dev/vector/src/main/java/im/vector/app/features/home/room/list/home/release/ReleaseNotesAction.kt, /home/codenia/Videos/OZ-Chat_Prod_23_Mar_bgNoti_working/OZ-Chat_Prod/20251125_OZ-Chat_Android_App/OZ-Chat_Android_Dev/vector/src/main/java/im/vector/app/features/home/room/list/home/release/ReleaseNotesViewEvents.kt, /home/codenia/Videos/OZ-Chat_Prod_23_Mar_bgNoti_working/OZ-Chat_Prod/20251125_OZ-Chat_Android_App/OZ-Chat_Android_Dev/vector/src/main/java/im/vector/app/features/home/room/list/home/HomeRoomListFragment.kt, /home/codenia/Videos/OZ-Chat_Prod_23_Mar_bgNoti_working/OZ-Chat_Prod/20251125_OZ-Chat_Android_App/OZ-Chat_Android_Dev/vector/src/main/java/im/vector/app/features/home/room/list/RoomSummaryCenteredItem.kt, /home/codenia/Videos/OZ-Chat_Prod_23_Mar_bgNoti_working/OZ-Chat_Prod/20251125_OZ-Chat_Android_App/OZ-Chat_Android_Dev/vector/src/main/java/im/vector/app/features/home/room/list/RoomListViewState.kt, /home/codenia/Videos/OZ-Chat_Prod_23_Mar_bgNoti_working/OZ-Chat_Prod/20251125_OZ-Chat_Android_App/OZ-Chat_Android_Dev/vector/src/main/java/im/vector/app/features/home/room/list/RoomCategoryItem.kt, /home/codenia/Videos/OZ-Chat_Prod_23_Mar_bgNoti_working/OZ-Chat_Prod/20251125_OZ-Chat_Android_App/OZ-Chat_Android_Dev/vector/src/main/java/im/vector/app/features/home/room/detail/views/RoomDetailLazyLoadedViews.kt, /home/codenia/Videos/OZ-Chat_Prod_23_Mar_bgNoti_working/OZ-Chat_Prod/20251125_OZ-Chat_Android_App/OZ-Chat_Android_Dev/vector/src/main/java/im/vector/app/features/home/room/detail/location/RedactLiveLocationShareEventUseCase.kt, /home/codenia/Videos/OZ-Chat_Prod_23_Mar_bgNoti_working/OZ-Chat_Prod/20251125_OZ-Chat_Android_App/OZ-Chat_Android_Dev/vector/src/main/java/im/vector/app/features/home/room/detail/ChatEffectManager.kt, /home/codenia/Videos/OZ-Chat_Prod_23_Mar_bgNoti_working/OZ-Chat_Prod/20251125_OZ-Chat_Android_App/OZ-Chat_Android_Dev/vector/src/main/java/im/vector/app/features/home/room/detail/RoomDetailSharedActionViewModel.kt, /home/codenia/Videos/OZ-Chat_Prod_23_Mar_bgNoti_working/OZ-Chat_Prod/20251125_OZ-Chat_Android_App/OZ-Chat_Android_Dev/vector/src/main/java/im/vector/app/features/home/room/detail/TimelineFragment.kt, /home/codenia/Videos/OZ-Chat_Prod_23_Mar_bgNoti_working/OZ-Chat_Prod/20251125_OZ-Chat_Android_App/OZ-Chat_Android_Dev/vector/src/main/java/im/vector/app/features/home/room/detail/RoomDetailSharedAction.kt, /home/codenia/Videos/OZ-Chat_Prod_23_Mar_bgNoti_working/OZ-Chat_Prod/20251125_OZ-Chat_Android_App/OZ-Chat_Android_Dev/vector/src/main/java/im/vector/app/features/home/room/detail/sticker/StickerPickerActionHandler.kt, /home/codenia/Videos/OZ-Chat_Prod_23_Mar_bgNoti_working/OZ-Chat_Prod/20251125_OZ-Chat_Android_App/OZ-Chat_Android_Dev/vector/src/main/java/im/vector/app/features/home/room/detail/StartCallActionsHandler.kt, /home/codenia/Videos/OZ-Chat_Prod_23_Mar_bgNoti_working/OZ-Chat_Prod/20251125_OZ-Chat_Android_App/OZ-Chat_Android_Dev/vector/src/main/java/im/vector/app/features/home/room/detail/ScrollOnHighlightedEventCallback.kt, /home/codenia/Videos/OZ-Chat_Prod_23_Mar_bgNoti_working/OZ-Chat_Prod/20251125_OZ-Chat_Android_App/OZ-Chat_Android_Dev/vector/src/main/java/im/vector/app/features/home/room/detail/RoomDetailViewState.kt, /home/codenia/Videos/OZ-Chat_Prod_23_Mar_bgNoti_working/OZ-Chat_Prod/20251125_OZ-Chat_Android_App/OZ-Chat_Android_Dev/vector/src/main/java/im/vector/app/features/home/room/detail/RoomDetailPendingAction.kt, /home/codenia/Videos/OZ-Chat_Prod_23_Mar_bgNoti_working/OZ-Chat_Prod/20251125_OZ-Chat_Android_App/OZ-Chat_Android_Dev/vector/src/main/java/im/vector/app/features/home/room/detail/RoomDetailActivity.kt, /home/codenia/Videos/OZ-Chat_Prod_23_Mar_bgNoti_working/OZ-Chat_Prod/20251125_OZ-Chat_Android_App/OZ-Chat_Android_Dev/vector/src/main/java/im/vector/app/features/home/room/detail/JumpToBottomViewVisibilityManager.kt, /home/codenia/Videos/OZ-Chat_Prod_23_Mar_bgNoti_working/OZ-Chat_Prod/20251125_OZ-Chat_Android_App/OZ-Chat_Android_Dev/vector/src/main/java/im/vector/app/features/home/room/detail/composer/AudioMessageHelper.kt, /home/codenia/Videos/OZ-Chat_Prod_23_Mar_bgNoti_working/OZ-Chat_Prod/20251125_OZ-Chat_Android_App/OZ-Chat_Android_Dev/vector/src/main/java/im/vector/app/features/home/room/detail/composer/MessageComposerViewState.kt, /home/codenia/Videos/OZ-Chat_Prod_23_Mar_bgNoti_working/OZ-Chat_Prod/20251125_OZ-Chat_Android_App/OZ-Chat_Android_Dev/vector/src/main/java/im/vector/app/features/home/room/detail/composer/rainbow/RgbColor.kt, /home/codenia/Videos/OZ-Chat_Prod_23_Mar_bgNoti_working/OZ-Chat_Prod/20251125_OZ-Chat_Android_App/OZ-Chat_Android_Dev/vector/src/main/java/im/vector/app/features/home/room/detail/composer/rainbow/RainbowGenerator.kt, /home/codenia/Videos/OZ-Chat_Prod_23_Mar_bgNoti_working/OZ-Chat_Prod/20251125_OZ-Chat_Android_App/OZ-Chat_Android_Dev/vector/src/main/java/im/vector/app/features/home/room/detail/composer/link/SetLinkViewModel.kt, /home/codenia/Videos/OZ-Chat_Prod_23_Mar_bgNoti_working/OZ-Chat_Prod/20251125_OZ-Chat_Android_App/OZ-Chat_Android_Dev/vector/src/main/java/im/vector/app/features/home/room/detail/composer/link/SetLinkViewEvents.kt, /home/codenia/Videos/OZ-Chat_Prod_23_Mar_bgNoti_working/OZ-Chat_Prod/20251125_OZ-Chat_Android_App/OZ-Chat_Android_Dev/vector/src/main/java/im/vector/app/features/home/room/detail/composer/link/SetLinkAction.kt, /home/codenia/Videos/OZ-Chat_Prod_23_Mar_bgNoti_working/OZ-Chat_Prod/20251125_OZ-Chat_Android_App/OZ-Chat_Android_Dev/vector/src/main/java/im/vector/app/features/home/room/detail/composer/link/SetLinkFragment.kt, /home/codenia/Videos/OZ-Chat_Prod_23_Mar_bgNoti_working/OZ-Chat_Prod/20251125_OZ-Chat_Android_App/OZ-Chat_Android_Dev/vector/src/main/java/im/vector/app/features/home/room/detail/composer/link/SetLinkViewState.kt, /home/codenia/Videos/OZ-Chat_Prod_23_Mar_bgNoti_working/OZ-Chat_Prod/20251125_OZ-Chat_Android_App/OZ-Chat_Android_Dev/vector/src/main/java/im/vector/app/features/home/room/detail/composer/link/SetLinkSharedActionViewModel.kt, /home/codenia/Videos/OZ-Chat_Prod_23_Mar_bgNoti_working/OZ-Chat_Prod/20251125_OZ-Chat_Android_App/OZ-Chat_Android_Dev/vector/src/main/java/im/vector/app/features/home/room/detail/composer/images/UriContentListener.kt, /home/codenia/Videos/OZ-Chat_Prod_23_Mar_bgNoti_working/OZ-Chat_Prod/20251125_OZ-Chat_Android_App/OZ-Chat_Android_Dev/vector/src/main/java/im/vector/app/features/home/room/detail/composer/MessageComposerViewEvents.kt, /home/codenia/Videos/OZ-Chat_Prod_23_Mar_bgNoti_working/OZ-Chat_Prod/20251125_OZ-Chat_Android_App/OZ-Chat_Android_Dev/vector/src/main/java/im/vector/app/features/home/room/detail/composer/ComposerEditText.kt, /home/codenia/Videos/OZ-Chat_Prod_23_Mar_bgNoti_working/OZ-Chat_Prod/20251125_OZ-Chat_Android_App/OZ-Chat_Android_Dev/vector/src/main/java/im/vector/app/features/home/room/detail/composer/RichTextEditorException.kt, /home/codenia/Videos/OZ-Chat_Prod_23_Mar_bgNoti_working/OZ-Chat_Prod/20251125_OZ-Chat_Android_App/OZ-Chat_Android_Dev/vector/src/main/java/im/vector/app/features/home/room/detail/composer/RichTextComposerLayout.kt, /home/codenia/Videos/OZ-Chat_Prod_23_Mar_bgNoti_working/OZ-Chat_Prod/20251125_OZ-Chat_Android_App/OZ-Chat_Android_Dev/vector/src/main/java/im/vector/app/features/home/room/detail/composer/MessageComposerMode.kt, /home/codenia/Videos/OZ-Chat_Prod_23_Mar_bgNoti_working/OZ-Chat_Prod/20251125_OZ-Chat_Android_App/OZ-Chat_Android_Dev/vector/src/main/java/im/vector/app/features/home/room/detail/composer/MessageComposerAction.kt, /home/codenia/Videos/OZ-Chat_Prod_23_Mar_bgNoti_working/OZ-Chat_Prod/20251125_OZ-Chat_Android_App/OZ-Chat_Android_Dev/vector/src/main/java/im/vector/app/features/home/room/detail/composer/MessageComposerFragment.kt, /home/codenia/Videos/OZ-Chat_Prod_23_Mar_bgNoti_working/OZ-Chat_Prod/20251125_OZ-Chat_Android_App/OZ-Chat_Android_Dev/vector/src/main/java/im/vector/app/features/home/room/detail/composer/mentions/PillDisplayHandler.kt, /home/codenia/Videos/OZ-Chat_Prod_23_Mar_bgNoti_working/OZ-Chat_Prod/20251125_OZ-Chat_Android_App/OZ-Chat_Android_Dev/vector/src/main/java/im/vector/app/features/home/room/detail/composer/voice/VoiceMessageRecorderView.kt, /home/codenia/Videos/OZ-Chat_Prod_23_Mar_bgNoti_working/OZ-Chat_Prod/20251125_OZ-Chat_Android_App/OZ-Chat_Android_Dev/vector/src/main/java/im/vector/app/features/home/room/detail/composer/voice/VoiceRecorderFragment.kt, /home/codenia/Videos/OZ-Chat_Prod_23_Mar_bgNoti_working/OZ-Chat_Prod/20251125_OZ-Chat_Android_App/OZ-Chat_Android_Dev/vector/src/main/java/im/vector/app/features/home/room/detail/composer/voice/VoiceMessageConfig.kt, /home/codenia/Videos/OZ-Chat_Prod_23_Mar_bgNoti_working/OZ-Chat_Prod/20251125_OZ-Chat_Android_App/OZ-Chat_Android_Dev/vector/src/main/java/im/vector/app/features/home/room/detail/composer/voice/DraggableStateProcessor.kt, /home/codenia/Videos/OZ-Chat_Prod_23_Mar_bgNoti_working/OZ-Chat_Prod/20251125_OZ-Chat_Android_App/OZ-Chat_Android_Dev/vector/src/main/java/im/vector/app/features/home/room/detail/composer/voice/VoiceMessageViews.kt, /home/codenia/Videos/OZ-Chat_Prod_23_Mar_bgNoti_working/OZ-Chat_Prod/20251125_OZ-Chat_Android_App/OZ-Chat_Android_Dev/vector/src/main/java/im/vector/app/features/home/room/detail/composer/MessageComposerView.kt, /home/codenia/Videos/OZ-Chat_Prod_23_Mar_bgNoti_working/OZ-Chat_Prod/20251125_OZ-Chat_Android_App/OZ-Chat_Android_Dev/vector/src/main/java/im/vector/app/features/home/room/detail/composer/PlainTextComposerLayout.kt, /home/codenia/Videos/OZ-Chat_Prod_23_Mar_bgNoti_working/OZ-Chat_Prod/20251125_OZ-Chat_Android_App/OZ-Chat_Android_Dev/vector/src/main/java/im/vector/app/features/home/room/detail/composer/MessageComposerViewModel.kt, /home/codenia/Videos/OZ-Chat_Prod_23_Mar_bgNoti_working/OZ-Chat_Prod/20251125_OZ-Chat_Android_App/OZ-Chat_Android_Dev/vector/src/main/java/im/vector/app/features/home/room/detail/JoinReplacementRoomBottomSheet.kt, /home/codenia/Videos/OZ-Chat_Prod_23_Mar_bgNoti_working/OZ-Chat_Prod/20251125_OZ-Chat_Android_App/OZ-Chat_Android_Dev/vector/src/main/java/im/vector/app/features/home/room/detail/error/RoomNotFound.kt, /home/codenia/Videos/OZ-Chat_Prod_23_Mar_bgNoti_working/OZ-Chat_Prod/20251125_OZ-Chat_Android_App/OZ-Chat_Android_Dev/vector/src/main/java/im/vector/app/features/home/room/detail/AutoCompleter.kt, /home/codenia/Videos/OZ-Chat_Prod_23_Mar_bgNoti_working/OZ-Chat_Prod/20251125_OZ-Chat_Android_App/OZ-Chat_Android_Dev/vector/src/main/java/im/vector/app/features/home/room/detail/TimelineViewModel.kt, /home/codenia/Videos/OZ-Chat_Prod_23_Mar_bgNoti_working/OZ-Chat_Prod/20251125_OZ-Chat_Android_App/OZ-Chat_Android_Dev/vector/src/main/java/im/vector/app/features/home/room/detail/poll/VoteToPollUseCase.kt, /home/codenia/Videos/OZ-Chat_Prod_23_Mar_bgNoti_working/OZ-Chat_Prod/20251125_OZ-Chat_Android_App/OZ-Chat_Android_Dev/vector/src/main/java/im/vector/app/features/home/room/detail/RoomDetailAction.kt, /home/codenia/Videos/OZ-Chat_Prod_23_Mar_bgNoti_working/OZ-Chat_Prod/20251125_OZ-Chat_Android_App/OZ-Chat_Android_Dev/vector/src/main/java/im/vector/app/features/home/room/detail/arguments/TimelineArgs.kt, /home/codenia/Videos/OZ-Chat_Prod_23_Mar_bgNoti_working/OZ-Chat_Prod/20251125_OZ-Chat_Android_App/OZ-Chat_Android_Dev/vector/src/main/java/im/vector/app/features/home/room/detail/search/SearchViewModel.kt, /home/codenia/Videos/OZ-Chat_Prod_23_Mar_bgNoti_working/OZ-Chat_Prod/20251125_OZ-Chat_Android_App/OZ-Chat_Android_Dev/vector/src/main/java/im/vector/app/features/home/room/detail/search/SearchFragment.kt, /home/codenia/Videos/OZ-Chat_Prod_23_Mar_bgNoti_working/OZ-Chat_Prod/20251125_OZ-Chat_Android_App/OZ-Chat_Android_Dev/vector/src/main/java/im/vector/app/features/home/room/detail/search/SearchAction.kt, /home/codenia/Videos/OZ-Chat_Prod_23_Mar_bgNoti_working/OZ-Chat_Prod/20251125_OZ-Chat_Android_App/OZ-Chat_Android_Dev/vector/src/main/java/im/vector/app/features/home/room/detail/search/SearchActivity.kt, /home/codenia/Videos/OZ-Chat_Prod_23_Mar_bgNoti_working/OZ-Chat_Prod/20251125_OZ-Chat_Android_App/OZ-Chat_Android_Dev/vector/src/main/java/im/vector/app/features/home/room/detail/search/SearchResultItem.kt, /home/codenia/Videos/OZ-Chat_Prod_23_Mar_bgNoti_working/OZ-Chat_Prod/20251125_OZ-Chat_Android_App/OZ-Chat_Android_Dev/vector/src/main/java/im/vector/app/features/home/room/detail/search/SearchViewEvents.kt, /home/codenia/Videos/OZ-Chat_Prod_23_Mar_bgNoti_working/OZ-Chat_Prod/20251125_OZ-Chat_Android_App/OZ-Chat_Android_Dev/vector/src/main/java/im/vector/app/features/home/room/detail/search/SearchResultController.kt, /home/codenia/Videos/OZ-Chat_Prod_23_Mar_bgNoti_working/OZ-Chat_Prod/20251125_OZ-Chat_Android_App/OZ-Chat_Android_Dev/vector/src/main/java/im/vector/app/features/home/room/detail/search/SearchViewState.kt, /home/codenia/Videos/OZ-Chat_Prod_23_Mar_bgNoti_working/OZ-Chat_Prod/20251125_OZ-Chat_Android_App/OZ-Chat_Android_Dev/vector/src/main/java/im/vector/app/features/home/room/detail/widget/RoomWidgetsBottomSheet.kt, /home/codenia/Videos/OZ-Chat_Prod_23_Mar_bgNoti_working/OZ-Chat_Prod/20251125_OZ-Chat_Android_App/OZ-Chat_Android_Dev/vector/src/main/java/im/vector/app/features/home/room/detail/widget/RoomWidgetItem.kt, /home/codenia/Videos/OZ-Chat_Prod_23_Mar_bgNoti_working/OZ-Chat_Prod/20251125_OZ-Chat_Android_App/OZ-Chat_Android_Dev/vector/src/main/java/im/vector/app/features/home/room/detail/widget/RoomWidgetsBannerView.kt, /home/codenia/Videos/OZ-Chat_Prod_23_Mar_bgNoti_working/OZ-Chat_Prod/20251125_OZ-Chat_Android_App/OZ-Chat_Android_Dev/vector/src/main/java/im/vector/app/features/home/room/detail/widget/RoomWidgetsController.kt, /home/codenia/Videos/OZ-Chat_Prod_23_Mar_bgNoti_working/OZ-Chat_Prod/20251125_OZ-Chat_Android_App/OZ-Chat_Android_Dev/vector/src/main/java/im/vector/app/features/home/room/detail/upgrade/MigrateRoomAction.kt, /home/codenia/Videos/OZ-Chat_Prod_23_Mar_bgNoti_working/OZ-Chat_Prod/20251125_OZ-Chat_Android_App/OZ-Chat_Android_Dev/vector/src/main/java/im/vector/app/features/home/room/detail/upgrade/UpgradeRoomViewModelTask.kt, /home/codenia/Videos/OZ-Chat_Prod_23_Mar_bgNoti_working/OZ-Chat_Prod/20251125_OZ-Chat_Android_App/OZ-Chat_Android_Dev/vector/src/main/java/im/vector/app/features/home/room/detail/upgrade/MigrateRoomViewState.kt, /home/codenia/Videos/OZ-Chat_Prod_23_Mar_bgNoti_working/OZ-Chat_Prod/20251125_OZ-Chat_Android_App/OZ-Chat_Android_Dev/vector/src/main/java/im/vector/app/features/home/room/detail/upgrade/MigrateRoomViewModel.kt, /home/codenia/Videos/OZ-Chat_Prod_23_Mar_bgNoti_working/OZ-Chat_Prod/20251125_OZ-Chat_Android_App/OZ-Chat_Android_Dev/vector/src/main/java/im/vector/app/features/home/room/detail/upgrade/MigrateRoomBottomSheet.kt, /home/codenia/Videos/OZ-Chat_Prod_23_Mar_bgNoti_working/OZ-Chat_Prod/20251125_OZ-Chat_Android_App/OZ-Chat_Android_Dev/vector/src/main/java/im/vector/app/features/home/room/detail/RoomDetailViewEvents.kt, /home/codenia/Videos/OZ-Chat_Prod_23_Mar_bgNoti_working/OZ-Chat_Prod/20251125_OZ-Chat_Android_App/OZ-Chat_Android_Dev/vector/src/main/java/im/vector/app/features/home/room/detail/ScrollOnNewMessageCallback.kt, /home/codenia/Videos/OZ-Chat_Prod_23_Mar_bgNoti_working/OZ-Chat_Prod/20251125_OZ-Chat_Android_App/OZ-Chat_Android_Dev/vector/src/main/java/im/vector/app/features/home/room/detail/RoomMessageTouchHelperCallback.kt, /home/codenia/Videos/OZ-Chat_Prod_23_Mar_bgNoti_working/OZ-Chat_Prod/20251125_OZ-Chat_Android_App/OZ-Chat_Android_Dev/vector/src/main/java/im/vector/app/features/home/room/detail/timeline/style/TimelineLayoutSettingsProvider.kt, /home/codenia/Videos/OZ-Chat_Prod_23_Mar_bgNoti_working/OZ-Chat_Prod/20251125_OZ-Chat_Android_App/OZ-Chat_Android_Dev/vector/src/main/java/im/vector/app/features/home/room/detail/timeline/style/TimelineMessageLayout.kt, /home/codenia/Videos/OZ-Chat_Prod_23_Mar_bgNoti_working/OZ-Chat_Prod/20251125_OZ-Chat_Android_App/OZ-Chat_Android_Dev/vector/src/main/java/im/vector/app/features/home/room/detail/timeline/style/TimelineLayoutSettings.kt, /home/codenia/Videos/OZ-Chat_Prod_23_Mar_bgNoti_working/OZ-Chat_Prod/20251125_OZ-Chat_Android_App/OZ-Chat_Android_Dev/vector/src/main/java/im/vector/app/features/home/room/detail/timeline/style/TimelineMessageLayoutFactory.kt, /home/codenia/Videos/OZ-Chat_Prod_23_Mar_bgNoti_working/OZ-Chat_Prod/20251125_OZ-Chat_Android_App/OZ-Chat_Android_Dev/vector/src/main/java/im/vector/app/features/home/room/detail/timeline/style/CornersRadius.kt, /home/codenia/Videos/OZ-Chat_Prod_23_Mar_bgNoti_working/OZ-Chat_Prod/20251125_OZ-Chat_Android_App/OZ-Chat_Android_Dev/vector/src/main/java/im/vector/app/features/home/room/detail/timeline/TimelineEventController.kt, /home/codenia/Videos/OZ-Chat_Prod_23_Mar_bgNoti_working/OZ-Chat_Prod/20251125_OZ-Chat_Android_App/OZ-Chat_Android_Dev/vector/src/main/java/im/vector/app/features/home/room/detail/timeline/MessageColorProvider.kt, /home/codenia/Videos/OZ-Chat_Prod_23_Mar_bgNoti_working/OZ-Chat_Prod/20251125_OZ-Chat_Android_App/OZ-Chat_Android_Dev/vector/src/main/java/im/vector/app/features/home/room/detail/timeline/helper/LocationPinProvider.kt, /home/codenia/Videos/OZ-Chat_Prod_23_Mar_bgNoti_working/OZ-Chat_Prod/20251125_OZ-Chat_Android_App/OZ-Chat_Android_Dev/vector/src/main/java/im/vector/app/features/home/room/detail/timeline/helper/ContentDownloadStateTrackerBinder.kt, /home/codenia/Videos/OZ-Chat_Prod_23_Mar_bgNoti_working/OZ-Chat_Prod/20251125_OZ-Chat_Android_App/OZ-Chat_Android_Dev/vector/src/main/java/im/vector/app/features/home/room/detail/timeline/helper/TimelineEventsGroups.kt, /home/codenia/Videos/OZ-Chat_Prod_23_Mar_bgNoti_working/OZ-Chat_Prod/20251125_OZ-Chat_Android_App/OZ-Chat_Android_Dev/vector/src/main/java/im/vector/app/features/home/room/detail/timeline/helper/ContentUploadStateTrackerBinder.kt, /home/codenia/Videos/OZ-Chat_Prod_23_Mar_bgNoti_working/OZ-Chat_Prod/20251125_OZ-Chat_Android_App/OZ-Chat_Android_Dev/vector/src/main/java/im/vector/app/features/home/room/detail/timeline/helper/PollResponseDataFactory.kt, /home/codenia/Videos/OZ-Chat_Prod_23_Mar_bgNoti_working/OZ-Chat_Prod/20251125_OZ-Chat_Android_App/OZ-Chat_Android_Dev/vector/src/main/java/im/vector/app/features/home/room/detail/timeline/helper/MatrixItemColorProvider.kt, /home/codenia/Videos/OZ-Chat_Prod_23_Mar_bgNoti_working/OZ-Chat_Prod/20251125_OZ-Chat_Android_App/OZ-Chat_Android_Dev/vector/src/main/java/im/vector/app/features/home/room/detail/timeline/helper/TimelineMediaSizeProvider.kt, /home/codenia/Videos/OZ-Chat_Prod_23_Mar_bgNoti_working/OZ-Chat_Prod/20251125_OZ-Chat_Android_App/OZ-Chat_Android_Dev/vector/src/main/java/im/vector/app/features/home/room/detail/timeline/helper/TimelineEventVisibilityHelper.kt, /home/codenia/Videos/OZ-Chat_Prod_23_Mar_bgNoti_working/OZ-Chat_Prod/20251125_OZ-Chat_Android_App/OZ-Chat_Android_Dev/vector/src/main/java/im/vector/app/features/home/room/detail/timeline/helper/MessageItemAttributesFactory.kt, /home/codenia/Videos/OZ-Chat_Prod_23_Mar_bgNoti_working/OZ-Chat_Prod/20251125_OZ-Chat_Android_App/OZ-Chat_Android_Dev/vector/src/main/java/im/vector/app/features/home/room/detail/timeline/helper/AvatarSizeProvider.kt, /home/codenia/Videos/OZ-Chat_Prod_23_Mar_bgNoti_working/OZ-Chat_Prod/20251125_OZ-Chat_Android_App/OZ-Chat_Android_Dev/vector/src/main/java/im/vector/app/features/home/room/detail/timeline/helper/MessageInformationDataFactory.kt, /home/codenia/Videos/OZ-Chat_Prod_23_Mar_bgNoti_working/OZ-Chat_Prod/20251125_OZ-Chat_Android_App/OZ-Chat_Android_Dev/vector/src/main/java/im/vector/app/features/home/room/detail/timeline/helper/TimelineDisplayableEvents.kt, /home/codenia/Videos/OZ-Chat_Prod_23_Mar_bgNoti_working/OZ-Chat_Prod/20251125_OZ-Chat_Android_App/OZ-Chat_Android_Dev/vector/src/main/java/im/vector/app/features/home/room/detail/timeline/helper/TimelineVisibilityStateChangedListeners.kt, /home/codenia/Videos/OZ-Chat_Prod_23_Mar_bgNoti_working/OZ-Chat_Prod/20251125_OZ-Chat_Android_App/OZ-Chat_Android_Dev/vector/src/main/java/im/vector/app/features/home/room/detail/timeline/helper/TimelineEventDiffUtilCallback.kt, /home/codenia/Videos/OZ-Chat_Prod_23_Mar_bgNoti_working/OZ-Chat_Prod/20251125_OZ-Chat_Android_App/OZ-Chat_Android_Dev/vector/src/main/java/im/vector/app/features/home/room/detail/timeline/helper/GroupedCallEventsBlock.kt, /home/codenia/Videos/OZ-Chat_Prod_23_Mar_bgNoti_working/OZ-Chat_Prod/20251125_OZ-Chat_Android_App/OZ-Chat_Android_Dev/vector/src/main/java/im/vector/app/features/home/room/detail/timeline/helper/ReactionsSummaryFactory.kt, /home/codenia/Videos/OZ-Chat_Prod_23_Mar_bgNoti_working/OZ-Chat_Prod/20251125_OZ-Chat_Android_App/OZ-Chat_Android_Dev/vector/src/main/java/im/vector/app/features/home/room/detail/timeline/helper/AudioMessagePlaybackTracker.kt, /home/codenia/Videos/OZ-Chat_Prod_23_Mar_bgNoti_working/OZ-Chat_Prod/20251125_OZ-Chat_Android_App/OZ-Chat_Android_Dev/vector/src/main/java/im/vector/app/features/home/room/detail/timeline/helper/TimelineSettingsFactory.kt, /home/codenia/Videos/OZ-Chat_Prod_23_Mar_bgNoti_working/OZ-Chat_Prod/20251125_OZ-Chat_Android_App/OZ-Chat_Android_Dev/vector/src/main/java/im/vector/app/features/home/room/detail/timeline/helper/TimelineAsyncHelper.kt, /home/codenia/Videos/OZ-Chat_Prod_23_Mar_bgNoti_working/OZ-Chat_Prod/20251125_OZ-Chat_Android_App/OZ-Chat_Android_Dev/vector/src/main/java/im/vector/app/features/home/room/detail/timeline/helper/TimelineControllerInterceptorHelper.kt, /home/codenia/Videos/OZ-Chat_Prod_23_Mar_bgNoti_working/OZ-Chat_Prod/20251125_OZ-Chat_Android_App/OZ-Chat_Android_Dev/vector/src/main/java/im/vector/app/features/home/room/detail/timeline/item/MessageTextItem.kt, /home/codenia/Videos/OZ-Chat_Prod_23_Mar_bgNoti_working/OZ-Chat_Prod/20251125_OZ-Chat_Android_App/OZ-Chat_Android_Dev/vector/src/main/java/im/vector/app/features/home/room/detail/timeline/item/MessageVoiceBroadcastListeningItem.kt, /home/codenia/Videos/OZ-Chat_Prod_23_Mar_bgNoti_working/OZ-Chat_Prod/20251125_OZ-Chat_Android_App/OZ-Chat_Android_Dev/vector/src/main/java/im/vector/app/features/home/room/detail/timeline/item/VerificationRequestItem.kt, /home/codenia/Videos/OZ-Chat_Prod_23_Mar_bgNoti_working/OZ-Chat_Prod/20251125_OZ-Chat_Android_App/OZ-Chat_Android_Dev/vector/src/main/java/im/vector/app/features/home/room/detail/timeline/item/TypingItem.kt, /home/codenia/Videos/OZ-Chat_Prod_23_Mar_bgNoti_working/OZ-Chat_Prod/20251125_OZ-Chat_Android_App/OZ-Chat_Android_Dev/vector/src/main/java/im/vector/app/features/home/room/detail/timeline/item/MessageInformationData.kt, /home/codenia/Videos/OZ-Chat_Prod_23_Mar_bgNoti_working/OZ-Chat_Prod/20251125_OZ-Chat_Android_App/OZ-Chat_Android_Dev/vector/src/main/java/im/vector/app/features/home/room/detail/timeline/item/BindingOptions.kt, /home/codenia/Videos/OZ-Chat_Prod_23_Mar_bgNoti_working/OZ-Chat_Prod/20251125_OZ-Chat_Android_App/OZ-Chat_Android_Dev/vector/src/main/java/im/vector/app/features/home/room/detail/timeline/item/BaseEventItem.kt, /home/codenia/Videos/OZ-Chat_Prod_23_Mar_bgNoti_working/OZ-Chat_Prod/20251125_OZ-Chat_Android_App/OZ-Chat_Android_Dev/vector/src/main/java/im/vector/app/features/home/room/detail/timeline/item/DefaultItem.kt, /home/codenia/Videos/OZ-Chat_Prod_23_Mar_bgNoti_working/OZ-Chat_Prod/20251125_OZ-Chat_Android_App/OZ-Chat_Android_Dev/vector/src/main/java/im/vector/app/features/home/room/detail/timeline/item/BasedMergedItem.kt, /home/codenia/Videos/OZ-Chat_Prod_23_Mar_bgNoti_working/OZ-Chat_Prod/20251125_OZ-Chat_Android_App/OZ-Chat_Android_Dev/vector/src/main/java/im/vector/app/features/home/room/detail/timeline/item/MessageVoiceBroadcastRecordingItem.kt, /home/codenia/Videos/OZ-Chat_Prod_23_Mar_bgNoti_working/OZ-Chat_Prod/20251125_OZ-Chat_Android_App/OZ-Chat_Android_Dev/vector/src/main/java/im/vector/app/features/home/room/detail/timeline/item/StatusTileTimelineItem.kt, /home/codenia/Videos/OZ-Chat_Prod_23_Mar_bgNoti_working/OZ-Chat_Prod/20251125_OZ-Chat_Android_App/OZ-Chat_Android_Dev/vector/src/main/java/im/vector/app/features/home/room/detail/timeline/item/ReadReceiptsItem.kt, /home/codenia/Videos/OZ-Chat_Prod_23_Mar_bgNoti_working/OZ-Chat_Prod/20251125_OZ-Chat_Android_App/OZ-Chat_Android_Dev/vector/src/main/java/im/vector/app/features/home/room/detail/timeline/item/MessageLocationItem.kt, /home/codenia/Videos/OZ-Chat_Prod_23_Mar_bgNoti_working/OZ-Chat_Prod/20251125_OZ-Chat_Android_App/OZ-Chat_Android_Dev/vector/src/main/java/im/vector/app/features/home/room/detail/timeline/item/DefaultLiveLocationShareStatusItem.kt, /home/codenia/Videos/OZ-Chat_Prod_23_Mar_bgNoti_working/OZ-Chat_Prod/20251125_OZ-Chat_Android_App/OZ-Chat_Android_Dev/vector/src/main/java/im/vector/app/features/home/room/detail/timeline/item/DaySeparatorItem.kt, /home/codenia/Videos/OZ-Chat_Prod_23_Mar_bgNoti_working/OZ-Chat_Prod/20251125_OZ-Chat_Android_App/OZ-Chat_Android_Dev/vector/src/main/java/im/vector/app/features/home/room/detail/timeline/item/ItemWithEvents.kt, /home/codenia/Videos/OZ-Chat_Prod_23_Mar_bgNoti_working/OZ-Chat_Prod/20251125_OZ-Chat_Android_App/OZ-Chat_Android_Dev/vector/src/main/java/im/vector/app/features/home/room/detail/timeline/item/MessageLiveLocationStartItem.kt, /home/codenia/Videos/OZ-Chat_Prod_23_Mar_bgNoti_working/OZ-Chat_Prod/20251125_OZ-Chat_Android_App/OZ-Chat_Android_Dev/vector/src/main/java/im/vector/app/features/home/room/detail/timeline/item/MergedSimilarEventsItem.kt, /home/codenia/Videos/OZ-Chat_Prod_23_Mar_bgNoti_working/OZ-Chat_Prod/20251125_OZ-Chat_Android_App/OZ-Chat_Android_Dev/vector/src/main/java/im/vector/app/features/home/room/detail/timeline/item/PollOptionViewState.kt, /home/codenia/Videos/OZ-Chat_Prod_23_Mar_bgNoti_working/OZ-Chat_Prod/20251125_OZ-Chat_Android_App/OZ-Chat_Android_Dev/vector/src/main/java/im/vector/app/features/home/room/detail/timeline/item/ElementCallTileTimelineItem.kt, /home/codenia/Videos/OZ-Chat_Prod_23_Mar_bgNoti_working/OZ-Chat_Prod/20251125_OZ-Chat_Android_App/OZ-Chat_Android_Dev/vector/src/main/java/im/vector/app/features/home/room/detail/timeline/item/MessageLiveLocationInactiveItem.kt, /home/codenia/Videos/OZ-Chat_Prod_23_Mar_bgNoti_working/OZ-Chat_Prod/20251125_OZ-Chat_Android_App/OZ-Chat_Android_Dev/vector/src/main/java/im/vector/app/features/home/room/detail/timeline/item/AbsMessageVoiceBroadcastItem.kt, /home/codenia/Videos/OZ-Chat_Prod_23_Mar_bgNoti_working/OZ-Chat_Prod/20251125_OZ-Chat_Android_App/OZ-Chat_Android_Dev/vector/src/main/java/im/vector/app/features/home/room/detail/timeline/item/BlankItem.kt, /home/codenia/Videos/OZ-Chat_Prod_23_Mar_bgNoti_working/OZ-Chat_Prod/20251125_OZ-Chat_Android_App/OZ-Chat_Android_Dev/vector/src/main/java/im/vector/app/features/home/room/detail/timeline/item/MessageImageVideoItem.kt, /home/codenia/Videos/OZ-Chat_Prod_23_Mar_bgNoti_working/OZ-Chat_Prod/20251125_OZ-Chat_Android_App/OZ-Chat_Android_Dev/vector/src/main/java/im/vector/app/features/home/room/detail/timeline/item/RedactedMessageItem.kt, /home/codenia/Videos/OZ-Chat_Prod_23_Mar_bgNoti_working/OZ-Chat_Prod/20251125_OZ-Chat_Android_App/OZ-Chat_Android_Dev/vector/src/main/java/im/vector/app/features/home/room/detail/timeline/item/AbsBaseMessageItem.kt, /home/codenia/Videos/OZ-Chat_Prod_23_Mar_bgNoti_working/OZ-Chat_Prod/20251125_OZ-Chat_Android_App/OZ-Chat_Android_Dev/vector/src/main/java/im/vector/app/features/home/room/detail/timeline/item/MessageFileItem.kt, /home/codenia/Videos/OZ-Chat_Prod_23_Mar_bgNoti_working/OZ-Chat_Prod/20251125_OZ-Chat_Android_App/OZ-Chat_Android_Dev/vector/src/main/java/im/vector/app/features/home/room/detail/timeline/item/MessageAudioItem.kt, /home/codenia/Videos/OZ-Chat_Prod_23_Mar_bgNoti_working/OZ-Chat_Prod/20251125_OZ-Chat_Android_App/OZ-Chat_Android_Dev/vector/src/main/java/im/vector/app/features/home/room/detail/timeline/item/RoomCreateItem.kt, /home/codenia/Videos/OZ-Chat_Prod_23_Mar_bgNoti_working/OZ-Chat_Prod/20251125_OZ-Chat_Android_App/OZ-Chat_Android_Dev/vector/src/main/java/im/vector/app/features/home/room/detail/timeline/item/PollOptionView.kt, /home/codenia/Videos/OZ-Chat_Prod_23_Mar_bgNoti_working/OZ-Chat_Prod/20251125_OZ-Chat_Android_App/OZ-Chat_Android_Dev/vector/src/main/java/im/vector/app/features/home/room/detail/timeline/item/WidgetTileTimelineItem.kt, /home/codenia/Videos/OZ-Chat_Prod_23_Mar_bgNoti_working/OZ-Chat_Prod/20251125_OZ-Chat_Android_App/OZ-Chat_Android_Dev/vector/src/main/java/im/vector/app/features/home/room/detail/timeline/item/PollItem.kt, /home/codenia/Videos/OZ-Chat_Prod_23_Mar_bgNoti_working/OZ-Chat_Prod/20251125_OZ-Chat_Android_App/OZ-Chat_Android_Dev/vector/src/main/java/im/vector/app/features/home/room/detail/timeline/item/MessageVoiceItem.kt, /home/codenia/Videos/OZ-Chat_Prod_23_Mar_bgNoti_working/OZ-Chat_Prod/20251125_OZ-Chat_Android_App/OZ-Chat_Android_Dev/vector/src/main/java/im/vector/app/features/home/room/detail/timeline/item/AbsMessageItem.kt, /home/codenia/Videos/OZ-Chat_Prod_23_Mar_bgNoti_working/OZ-Chat_Prod/20251125_OZ-Chat_Android_App/OZ-Chat_Android_Dev/vector/src/main/java/im/vector/app/features/home/room/detail/timeline/item/CallTileTimelineItem.kt, /home/codenia/Videos/OZ-Chat_Prod_23_Mar_bgNoti_working/OZ-Chat_Prod/20251125_OZ-Chat_Android_App/OZ-Chat_Android_Dev/vector/src/main/java/im/vector/app/features/home/room/detail/timeline/item/MergedRoomCreationItem.kt, /home/codenia/Videos/OZ-Chat_Prod_23_Mar_bgNoti_working/OZ-Chat_Prod/20251125_OZ-Chat_Android_App/OZ-Chat_Android_Dev/vector/src/main/java/im/vector/app/features/home/room/detail/timeline/item/AbsMessageLocationItem.kt, /home/codenia/Videos/OZ-Chat_Prod_23_Mar_bgNoti_working/OZ-Chat_Prod/20251125_OZ-Chat_Android_App/OZ-Chat_Android_Dev/vector/src/main/java/im/vector/app/features/home/room/detail/timeline/item/LiveLocationShareStatusItem.kt, /home/codenia/Videos/OZ-Chat_Prod_23_Mar_bgNoti_working/OZ-Chat_Prod/20251125_OZ-Chat_Android_App/OZ-Chat_Android_Dev/vector/src/main/java/im/vector/app/features/home/room/detail/timeline/item/MessageLiveLocationItem.kt, /home/codenia/Videos/OZ-Chat_Prod_23_Mar_bgNoti_working/OZ-Chat_Prod/20251125_OZ-Chat_Android_App/OZ-Chat_Android_Dev/vector/src/main/java/im/vector/app/features/home/room/detail/timeline/item/TimelineReadMarkerItem.kt, /home/codenia/Videos/OZ-Chat_Prod_23_Mar_bgNoti_working/OZ-Chat_Prod/20251125_OZ-Chat_Android_App/OZ-Chat_Android_Dev/vector/src/main/java/im/vector/app/features/home/room/detail/timeline/item/NoticeItem.kt, /home/codenia/Videos/OZ-Chat_Prod_23_Mar_bgNoti_working/OZ-Chat_Prod/20251125_OZ-Chat_Android_App/OZ-Chat_Android_Dev/vector/src/main/java/im/vector/app/features/home/room/detail/timeline/readreceipts/DisplayReadReceiptsController.kt, /home/codenia/Videos/OZ-Chat_Prod_23_Mar_bgNoti_working/OZ-Chat_Prod/20251125_OZ-Chat_Android_App/OZ-Chat_Android_Dev/vector/src/main/java/im/vector/app/features/home/room/detail/timeline/readreceipts/DisplayReadReceiptsBottomSheet.kt, /home/codenia/Videos/OZ-Chat_Prod_23_Mar_bgNoti_working/OZ-Chat_Prod/20251125_OZ-Chat_Android_App/OZ-Chat_Android_Dev/vector/src/main/java/im/vector/app/features/home/room/detail/timeline/readreceipts/DisplayReadReceiptItem.kt, /home/codenia/Videos/OZ-Chat_Prod_23_Mar_bgNoti_working/OZ-Chat_Prod/20251125_OZ-Chat_Android_App/OZ-Chat_Android_Dev/vector/src/main/java/im/vector/app/features/home/room/detail/timeline/readreceipts/ReadReceiptsCache.kt, /home/codenia/Videos/OZ-Chat_Prod_23_Mar_bgNoti_working/OZ-Chat_Prod/20251125_OZ-Chat_Android_App/OZ-Chat_Android_Dev/vector/src/main/java/im/vector/app/features/home/room/detail/timeline/image/ImageContentRendererFactory.kt, /home/codenia/Videos/OZ-Chat_Prod_23_Mar_bgNoti_working/OZ-Chat_Prod/20251125_OZ-Chat_Android_App/OZ-Chat_Android_Dev/vector/src/main/java/im/vector/app/features/home/room/detail/timeline/TimelineEventControllerHandler.kt, /home/codenia/Videos/OZ-Chat_Prod_23_Mar_bgNoti_working/OZ-Chat_Prod/20251125_OZ-Chat_Android_App/OZ-Chat_Android_Dev/vector/src/main/java/im/vector/app/features/home/room/detail/timeline/factory/WidgetItemFactory.kt, /home/codenia/Videos/OZ-Chat_Prod_23_Mar_bgNoti_working/OZ-Chat_Prod/20251125_OZ-Chat_Android_App/OZ-Chat_Android_Dev/vector/src/main/java/im/vector/app/features/home/room/detail/timeline/factory/RoomCreateItemFactory.kt, /home/codenia/Videos/OZ-Chat_Prod_23_Mar_bgNoti_working/OZ-Chat_Prod/20251125_OZ-Chat_Android_App/OZ-Chat_Android_Dev/vector/src/main/java/im/vector/app/features/home/room/detail/timeline/factory/ReadReceiptsItemFactory.kt, /home/codenia/Videos/OZ-Chat_Prod_23_Mar_bgNoti_working/OZ-Chat_Prod/20251125_OZ-Chat_Android_App/OZ-Chat_Android_Dev/vector/src/main/java/im/vector/app/features/home/room/detail/timeline/factory/TimelineItemFactory.kt, /home/codenia/Videos/OZ-Chat_Prod_23_Mar_bgNoti_working/OZ-Chat_Prod/20251125_OZ-Chat_Android_App/OZ-Chat_Android_Dev/vector/src/main/java/im/vector/app/features/home/room/detail/timeline/factory/LiveLocationShareMessageItemFactory.kt, /home/codenia/Videos/OZ-Chat_Prod_23_Mar_bgNoti_working/OZ-Chat_Prod/20251125_OZ-Chat_Android_App/OZ-Chat_Android_Dev/vector/src/main/java/im/vector/app/features/home/room/detail/timeline/factory/EncryptionItemFactory.kt, /home/codenia/Videos/OZ-Chat_Prod_23_Mar_bgNoti_working/OZ-Chat_Prod/20251125_OZ-Chat_Android_App/OZ-Chat_Android_Dev/vector/src/main/java/im/vector/app/features/home/room/detail/timeline/factory/PollItemViewStateFactory.kt, /home/codenia/Videos/OZ-Chat_Prod_23_Mar_bgNoti_working/OZ-Chat_Prod/20251125_OZ-Chat_Android_App/OZ-Chat_Android_Dev/vector/src/main/java/im/vector/app/features/home/room/detail/timeline/factory/VoiceBroadcastItemFactory.kt, /home/codenia/Videos/OZ-Chat_Prod_23_Mar_bgNoti_working/OZ-Chat_Prod/20251125_OZ-Chat_Android_App/OZ-Chat_Android_Dev/vector/src/main/java/im/vector/app/features/home/room/detail/timeline/factory/TimelineFactory.kt, /home/codenia/Videos/OZ-Chat_Prod_23_Mar_bgNoti_working/OZ-Chat_Prod/20251125_OZ-Chat_Android_App/OZ-Chat_Android_Dev/vector/src/main/java/im/vector/app/features/home/room/detail/timeline/factory/TimelineItemFactoryParams.kt, /home/codenia/Videos/OZ-Chat_Prod_23_Mar_bgNoti_working/OZ-Chat_Prod/20251125_OZ-Chat_Android_App/OZ-Chat_Android_Dev/vector/src/main/java/im/vector/app/features/home/room/detail/timeline/factory/VerificationItemFactory.kt, /home/codenia/Videos/OZ-Chat_Prod_23_Mar_bgNoti_working/OZ-Chat_Prod/20251125_OZ-Chat_Android_App/OZ-Chat_Android_Dev/vector/src/main/java/im/vector/app/features/home/room/detail/timeline/factory/DefaultItemFactory.kt, /home/codenia/Videos/OZ-Chat_Prod_23_Mar_bgNoti_working/OZ-Chat_Prod/20251125_OZ-Chat_Android_App/OZ-Chat_Android_Dev/vector/src/main/java/im/vector/app/features/home/room/detail/timeline/factory/NoticeItemFactory.kt, /home/codenia/Videos/OZ-Chat_Prod_23_Mar_bgNoti_working/OZ-Chat_Prod/20251125_OZ-Chat_Android_App/OZ-Chat_Android_Dev/vector/src/main/java/im/vector/app/features/home/room/detail/timeline/factory/EncryptedItemFactory.kt, /home/codenia/Videos/OZ-Chat_Prod_23_Mar_bgNoti_working/OZ-Chat_Prod/20251125_OZ-Chat_Android_App/OZ-Chat_Android_Dev/vector/src/main/java/im/vector/app/features/home/room/detail/timeline/factory/MergedHeaderItemFactory.kt, /home/codenia/Videos/OZ-Chat_Prod_23_Mar_bgNoti_working/OZ-Chat_Prod/20251125_OZ-Chat_Android_App/OZ-Chat_Android_Dev/vector/src/main/java/im/vector/app/features/home/room/detail/timeline/factory/CallItemFactory.kt, /home/codenia/Videos/OZ-Chat_Prod_23_Mar_bgNoti_working/OZ-Chat_Prod/20251125_OZ-Chat_Android_App/OZ-Chat_Android_Dev/vector/src/main/java/im/vector/app/features/home/room/detail/timeline/factory/MessageItemFactory.kt, /home/codenia/Videos/OZ-Chat_Prod_23_Mar_bgNoti_working/OZ-Chat_Prod/20251125_OZ-Chat_Android_App/OZ-Chat_Android_Dev/vector/src/main/java/im/vector/app/features/home/room/detail/timeline/factory/ElementCallItemFactory.kt, /home/codenia/Videos/OZ-Chat_Prod_23_Mar_bgNoti_working/OZ-Chat_Prod/20251125_OZ-Chat_Android_App/OZ-Chat_Android_Dev/vector/src/main/java/im/vector/app/features/home/room/detail/timeline/factory/PollOptionViewStateFactory.kt, /home/codenia/Videos/OZ-Chat_Prod_23_Mar_bgNoti_working/OZ-Chat_Prod/20251125_OZ-Chat_Android_App/OZ-Chat_Android_Dev/vector/src/main/java/im/vector/app/features/home/room/detail/timeline/render/EventTextRenderer.kt, /home/codenia/Videos/OZ-Chat_Prod_23_Mar_bgNoti_working/OZ-Chat_Prod/20251125_OZ-Chat_Android_App/OZ-Chat_Android_Dev/vector/src/main/java/im/vector/app/features/home/room/detail/timeline/render/ProcessBodyOfReplyToEventUseCase.kt, /home/codenia/Videos/OZ-Chat_Prod_23_Mar_bgNoti_working/OZ-Chat_Prod/20251125_OZ-Chat_Android_App/OZ-Chat_Android_Dev/vector/src/main/java/im/vector/app/features/home/room/detail/timeline/action/CheckIfCanRedactEventUseCase.kt, /home/codenia/Videos/OZ-Chat_Prod_23_Mar_bgNoti_working/OZ-Chat_Prod/20251125_OZ-Chat_Android_App/OZ-Chat_Android_Dev/vector/src/main/java/im/vector/app/features/home/room/detail/timeline/action/MessageActionsAnimator.kt, /home/codenia/Videos/OZ-Chat_Prod_23_Mar_bgNoti_working/OZ-Chat_Prod/20251125_OZ-Chat_Android_App/OZ-Chat_Android_Dev/vector/src/main/java/im/vector/app/features/home/room/detail/timeline/action/EventSharedAction.kt, /home/codenia/Videos/OZ-Chat_Prod_23_Mar_bgNoti_working/OZ-Chat_Prod/20251125_OZ-Chat_Android_App/OZ-Chat_Android_Dev/vector/src/main/java/im/vector/app/features/home/room/detail/timeline/action/MessageSharedActionViewModel.kt, /home/codenia/Videos/OZ-Chat_Prod_23_Mar_bgNoti_working/OZ-Chat_Prod/20251125_OZ-Chat_Android_App/OZ-Chat_Android_Dev/vector/src/main/java/im/vector/app/features/home/room/detail/timeline/action/MessageActionsViewModel.kt, /home/codenia/Videos/OZ-Chat_Prod_23_Mar_bgNoti_working/OZ-Chat_Prod/20251125_OZ-Chat_Android_App/OZ-Chat_Android_Dev/vector/src/main/java/im/vector/app/features/home/room/detail/timeline/action/MessageActionsEpoxyController.kt, /home/codenia/Videos/OZ-Chat_Prod_23_Mar_bgNoti_working/OZ-Chat_Prod/20251125_OZ-Chat_Android_App/OZ-Chat_Android_Dev/vector/src/main/java/im/vector/app/features/home/room/detail/timeline/action/CheckIfCanReplyEventUseCase.kt, /home/codenia/Videos/OZ-Chat_Prod_23_Mar_bgNoti_working/OZ-Chat_Prod/20251125_OZ-Chat_Android_App/OZ-Chat_Android_Dev/vector/src/main/java/im/vector/app/features/home/room/detail/timeline/action/LocationUiData.kt, /home/codenia/Videos/OZ-Chat_Prod_23_Mar_bgNoti_working/OZ-Chat_Prod/20251125_OZ-Chat_Android_App/OZ-Chat_Android_Dev/vector/src/main/java/im/vector/app/features/home/room/detail/timeline/action/MessageActionsBottomSheet.kt, /home/codenia/Videos/OZ-Chat_Prod_23_Mar_bgNoti_working/OZ-Chat_Prod/20251125_OZ-Chat_Android_App/OZ-Chat_Android_Dev/vector/src/main/java/im/vector/app/features/home/room/detail/timeline/action/MessageActionsAction.kt, /home/codenia/Videos/OZ-Chat_Prod_23_Mar_bgNoti_working/OZ-Chat_Prod/20251125_OZ-Chat_Android_App/OZ-Chat_Android_Dev/vector/src/main/java/im/vector/app/features/home/room/detail/timeline/action/TimelineEventFragmentArgs.kt, /home/codenia/Videos/OZ-Chat_Prod_23_Mar_bgNoti_working/OZ-Chat_Prod/20251125_OZ-Chat_Android_App/OZ-Chat_Android_Dev/vector/src/main/java/im/vector/app/features/home/room/detail/timeline/action/MessageActionState.kt, /home/codenia/Videos/OZ-Chat_Prod_23_Mar_bgNoti_working/OZ-Chat_Prod/20251125_OZ-Chat_Android_App/OZ-Chat_Android_Dev/vector/src/main/java/im/vector/app/features/home/room/detail/timeline/format/NoticeEventFormatter.kt, /home/codenia/Videos/OZ-Chat_Prod_23_Mar_bgNoti_working/OZ-Chat_Prod/20251125_OZ-Chat_Android_App/OZ-Chat_Android_Dev/vector/src/main/java/im/vector/app/features/home/room/detail/timeline/format/DisplayableEventFormatter.kt, /home/codenia/Videos/OZ-Chat_Prod_23_Mar_bgNoti_working/OZ-Chat_Prod/20251125_OZ-Chat_Android_App/OZ-Chat_Android_Dev/vector/src/main/java/im/vector/app/features/home/room/detail/timeline/format/RoomHistoryVisibilityFormatter.kt, /home/codenia/Videos/OZ-Chat_Prod_23_Mar_bgNoti_working/OZ-Chat_Prod/20251125_OZ-Chat_Android_App/OZ-Chat_Android_Dev/vector/src/main/java/im/vector/app/features/home/room/detail/timeline/format/EventDetailsFormatter.kt, /home/codenia/Videos/OZ-Chat_Prod_23_Mar_bgNoti_working/OZ-Chat_Prod/20251125_OZ-Chat_Android_App/OZ-Chat_Android_Dev/vector/src/main/java/im/vector/app/features/home/room/detail/timeline/merged/MergedTimelines.kt, /home/codenia/Videos/OZ-Chat_Prod_23_Mar_bgNoti_working/OZ-Chat_Prod/20251125_OZ-Chat_Android_App/OZ-Chat_Android_Dev/vector/src/main/java/im/vector/app/features/home/room/detail/timeline/edithistory/ViewEditHistoryViewState.kt, /home/codenia/Videos/OZ-Chat_Prod_23_Mar_bgNoti_working/OZ-Chat_Prod/20251125_OZ-Chat_Android_App/OZ-Chat_Android_Dev/vector/src/main/java/im/vector/app/features/home/room/detail/timeline/edithistory/ViewEditHistoryEpoxyController.kt, /home/codenia/Videos/OZ-Chat_Prod_23_Mar_bgNoti_working/OZ-Chat_Prod/20251125_OZ-Chat_Android_App/OZ-Chat_Android_Dev/vector/src/main/java/im/vector/app/features/home/room/detail/timeline/edithistory/ViewEditHistoryBottomSheet.kt, /home/codenia/Videos/OZ-Chat_Prod_23_Mar_bgNoti_working/OZ-Chat_Prod/20251125_OZ-Chat_Android_App/OZ-Chat_Android_Dev/vector/src/main/java/im/vector/app/features/home/room/detail/timeline/edithistory/ViewEditHistoryViewModel.kt, /home/codenia/Videos/OZ-Chat_Prod_23_Mar_bgNoti_working/OZ-Chat_Prod/20251125_OZ-Chat_Android_App/OZ-Chat_Android_Dev/vector/src/main/java/im/vector/app/features/home/room/detail/timeline/tools/EventRenderingTools.kt, /home/codenia/Videos/OZ-Chat_Prod_23_Mar_bgNoti_working/OZ-Chat_Prod/20251125_OZ-Chat_Android_App/OZ-Chat_Android_Dev/vector/src/main/java/im/vector/app/features/home/room/detail/timeline/reactions/ViewReactionsBottomSheet.kt, /home/codenia/Videos/OZ-Chat_Prod_23_Mar_bgNoti_working/OZ-Chat_Prod/20251125_OZ-Chat_Android_App/OZ-Chat_Android_Dev/vector/src/main/java/im/vector/app/features/home/room/detail/timeline/reactions/ViewReactionsEpoxyController.kt, /home/codenia/Videos/OZ-Chat_Prod_23_Mar_bgNoti_working/OZ-Chat_Prod/20251125_OZ-Chat_Android_App/OZ-Chat_Android_Dev/vector/src/main/java/im/vector/app/features/home/room/detail/timeline/reactions/ViewReactionsViewModel.kt, /home/codenia/Videos/OZ-Chat_Prod_23_Mar_bgNoti_working/OZ-Chat_Prod/20251125_OZ-Chat_Android_App/OZ-Chat_Android_Dev/vector/src/main/java/im/vector/app/features/home/room/detail/timeline/reactions/ReactionInfoSimpleItem.kt, /home/codenia/Videos/OZ-Chat_Prod_23_Mar_bgNoti_working/OZ-Chat_Prod/20251125_OZ-Chat_Android_App/OZ-Chat_Android_Dev/vector/src/main/java/im/vector/app/features/home/room/detail/timeline/animation/TimelineItemAnimator.kt, /home/codenia/Videos/OZ-Chat_Prod_23_Mar_bgNoti_working/OZ-Chat_Prod/20251125_OZ-Chat_Android_App/OZ-Chat_Android_Dev/vector/src/main/java/im/vector/app/features/home/room/detail/timeline/view/MessageBubbleView.kt, /home/codenia/Videos/OZ-Chat_Prod_23_Mar_bgNoti_working/OZ-Chat_Prod/20251125_OZ-Chat_Android_App/OZ-Chat_Android_Dev/vector/src/main/java/im/vector/app/features/home/room/detail/timeline/view/TimelineMessageLayoutRenderer.kt, /home/codenia/Videos/OZ-Chat_Prod_23_Mar_bgNoti_working/OZ-Chat_Prod/20251125_OZ-Chat_Android_App/OZ-Chat_Android_Dev/vector/src/main/java/im/vector/app/features/home/room/detail/timeline/view/MessageBubbleContentLayout.kt, /home/codenia/Videos/OZ-Chat_Prod_23_Mar_bgNoti_working/OZ-Chat_Prod/20251125_OZ-Chat_Android_App/OZ-Chat_Android_Dev/vector/src/main/java/im/vector/app/features/home/room/detail/timeline/url/PreviewUrlRetriever.kt, /home/codenia/Videos/OZ-Chat_Prod_23_Mar_bgNoti_working/OZ-Chat_Prod/20251125_OZ-Chat_Android_App/OZ-Chat_Android_Dev/vector/src/main/java/im/vector/app/features/home/room/detail/timeline/url/PreviewUrlView.kt, /home/codenia/Videos/OZ-Chat_Prod_23_Mar_bgNoti_working/OZ-Chat_Prod/20251125_OZ-Chat_Android_App/OZ-Chat_Android_Dev/vector/src/main/java/im/vector/app/features/home/room/detail/timeline/url/PreviewUrlUiState.kt, /home/codenia/Videos/OZ-Chat_Prod_23_Mar_bgNoti_working/OZ-Chat_Prod/20251125_OZ-Chat_Android_App/OZ-Chat_Android_Dev/vector/src/main/java/im/vector/app/features/home/room/detail/RoomDetailPendingActionStore.kt, /home/codenia/Videos/OZ-Chat_Prod_23_Mar_bgNoti_working/OZ-Chat_Prod/20251125_OZ-Chat_Android_App/OZ-Chat_Android_Dev/vector/src/main/java/im/vector/app/features/home/IsNewLoginAlertShownUseCase.kt, /home/codenia/Videos/OZ-Chat_Prod_23_Mar_bgNoti_working/OZ-Chat_Prod/20251125_OZ-Chat_Android_App/OZ-Chat_Android_Dev/vector/src/main/java/im/vector/app/features/home/NotificationPermissionManager.kt, /home/codenia/Videos/OZ-Chat_Prod_23_Mar_bgNoti_working/OZ-Chat_Prod/20251125_OZ-Chat_Android_App/OZ-Chat_Android_Dev/vector/src/main/java/im/vector/app/features/home/HomeDetailAction.kt, /home/codenia/Videos/OZ-Chat_Prod_23_Mar_bgNoti_working/OZ-Chat_Prod/20251125_OZ-Chat_Android_App/OZ-Chat_Android_Dev/vector/src/main/java/im/vector/app/features/home/HomeDetailViewEvents.kt, /home/codenia/Videos/OZ-Chat_Prod_23_Mar_bgNoti_working/OZ-Chat_Prod/20251125_OZ-Chat_Android_App/OZ-Chat_Android_Dev/vector/src/main/java/im/vector/app/features/home/FirebaseSessionManager.kt, /home/codenia/Videos/OZ-Chat_Prod_23_Mar_bgNoti_working/OZ-Chat_Prod/20251125_OZ-Chat_Android_App/OZ-Chat_Android_Dev/vector/src/main/java/im/vector/app/features/home/story/api/UserAccountDataApi.kt, /home/codenia/Videos/OZ-Chat_Prod_23_Mar_bgNoti_working/OZ-Chat_Prod/20251125_OZ-Chat_Android_App/OZ-Chat_Android_Dev/vector/src/main/java/im/vector/app/features/home/story/StatusRepository.kt, /home/codenia/Videos/OZ-Chat_Prod_23_Mar_bgNoti_working/OZ-Chat_Prod/20251125_OZ-Chat_Android_App/OZ-Chat_Android_Dev/vector/src/main/java/im/vector/app/features/home/story/UserStatusModel.kt, /home/codenia/Videos/OZ-Chat_Prod_23_Mar_bgNoti_working/OZ-Chat_Prod/20251125_OZ-Chat_Android_App/OZ-Chat_Android_Dev/vector/src/main/java/im/vector/app/features/home/story/UserAccountDataApi.kt, /home/codenia/Videos/OZ-Chat_Prod_23_Mar_bgNoti_working/OZ-Chat_Prod/20251125_OZ-Chat_Android_App/OZ-Chat_Android_Dev/vector/src/main/java/im/vector/app/features/home/AvatarRenderer.kt, /home/codenia/Videos/OZ-Chat_Prod_23_Mar_bgNoti_working/OZ-Chat_Prod/20251125_OZ-Chat_Android_App/OZ-Chat_Android_Dev/vector/src/main/java/im/vector/app/features/home/SetNewLoginAlertShownUseCase.kt, /home/codenia/Videos/OZ-Chat_Prod_23_Mar_bgNoti_working/OZ-Chat_Prod/20251125_OZ-Chat_Android_App/OZ-Chat_Android_Dev/vector/src/main/java/im/vector/app/features/home/HomeActivitySharedAction.kt, /home/codenia/Videos/OZ-Chat_Prod_23_Mar_bgNoti_working/OZ-Chat_Prod/20251125_OZ-Chat_Android_App/OZ-Chat_Android_Dev/vector/src/main/java/im/vector/app/features/home/HomeActivityViewModel.kt, /home/codenia/Videos/OZ-Chat_Prod_23_Mar_bgNoti_working/OZ-Chat_Prod/20251125_OZ-Chat_Android_App/OZ-Chat_Android_Dev/vector/src/main/java/im/vector/app/features/home/UnreadMessagesSharedViewModel.kt, /home/codenia/Videos/OZ-Chat_Prod_23_Mar_bgNoti_working/OZ-Chat_Prod/20251125_OZ-Chat_Android_App/OZ-Chat_Android_Dev/vector/src/main/java/im/vector/app/features/home/NewHomeDetailFragment.kt, /home/codenia/Videos/OZ-Chat_Prod_23_Mar_bgNoti_working/OZ-Chat_Prod/20251125_OZ-Chat_Android_App/OZ-Chat_Android_Dev/vector/src/main/java/im/vector/app/features/home/HomeDetailViewState.kt, /home/codenia/Videos/OZ-Chat_Prod_23_Mar_bgNoti_working/OZ-Chat_Prod/20251125_OZ-Chat_Android_App/OZ-Chat_Android_Dev/vector/src/main/java/im/vector/app/features/roommemberprofile/RoomMemberProfileController.kt, /home/codenia/Videos/OZ-Chat_Prod_23_Mar_bgNoti_working/OZ-Chat_Prod/20251125_OZ-Chat_Android_App/OZ-Chat_Android_Dev/vector/src/main/java/im/vector/app/features/roommemberprofile/RoomMemberProfileViewEvents.kt, /home/codenia/Videos/OZ-Chat_Prod_23_Mar_bgNoti_working/OZ-Chat_Prod/20251125_OZ-Chat_Android_App/OZ-Chat_Android_Dev/vector/src/main/java/im/vector/app/features/roommemberprofile/RoomMemberProfileActivity.kt, /home/codenia/Videos/OZ-Chat_Prod_23_Mar_bgNoti_working/OZ-Chat_Prod/20251125_OZ-Chat_Android_App/OZ-Chat_Android_Dev/vector/src/main/java/im/vector/app/features/roommemberprofile/RoomMemberProfileFragment.kt, /home/codenia/Videos/OZ-Chat_Prod_23_Mar_bgNoti_working/OZ-Chat_Prod/20251125_OZ-Chat_Android_App/OZ-Chat_Android_Dev/vector/src/main/java/im/vector/app/features/roommemberprofile/RoomMemberProfileAction.kt, /home/codenia/Videos/OZ-Chat_Prod_23_Mar_bgNoti_working/OZ-Chat_Prod/20251125_OZ-Chat_Android_App/OZ-Chat_Android_Dev/vector/src/main/java/im/vector/app/features/roommemberprofile/devices/DeviceTrustInfoEpoxyController.kt, /home/codenia/Videos/OZ-Chat_Prod_23_Mar_bgNoti_working/OZ-Chat_Prod/20251125_OZ-Chat_Android_App/OZ-Chat_Android_Dev/vector/src/main/java/im/vector/app/features/roommemberprofile/devices/DeviceListBottomSheet.kt, /home/codenia/Videos/OZ-Chat_Prod_23_Mar_bgNoti_working/OZ-Chat_Prod/20251125_OZ-Chat_Android_App/OZ-Chat_Android_Dev/vector/src/main/java/im/vector/app/features/roommemberprofile/devices/DeviceListEpoxyController.kt, /home/codenia/Videos/OZ-Chat_Prod_23_Mar_bgNoti_working/OZ-Chat_Prod/20251125_OZ-Chat_Android_App/OZ-Chat_Android_Dev/vector/src/main/java/im/vector/app/features/roommemberprofile/devices/DeviceListBottomSheetViewEvents.kt, /home/codenia/Videos/OZ-Chat_Prod_23_Mar_bgNoti_working/OZ-Chat_Prod/20251125_OZ-Chat_Android_App/OZ-Chat_Android_Dev/vector/src/main/java/im/vector/app/features/roommemberprofile/devices/DeviceListBottomSheetViewModel.kt, /home/codenia/Videos/OZ-Chat_Prod_23_Mar_bgNoti_working/OZ-Chat_Prod/20251125_OZ-Chat_Android_App/OZ-Chat_Android_Dev/vector/src/main/java/im/vector/app/features/roommemberprofile/devices/DeviceListFragment.kt, /home/codenia/Videos/OZ-Chat_Prod_23_Mar_bgNoti_working/OZ-Chat_Prod/20251125_OZ-Chat_Android_App/OZ-Chat_Android_Dev/vector/src/main/java/im/vector/app/features/roommemberprofile/devices/DeviceListAction.kt, /home/codenia/Videos/OZ-Chat_Prod_23_Mar_bgNoti_working/OZ-Chat_Prod/20251125_OZ-Chat_Android_App/OZ-Chat_Android_Dev/vector/src/main/java/im/vector/app/features/roommemberprofile/devices/DeviceTrustInfoActionFragment.kt, /home/codenia/Videos/OZ-Chat_Prod_23_Mar_bgNoti_working/OZ-Chat_Prod/20251125_OZ-Chat_Android_App/OZ-Chat_Android_Dev/vector/src/main/java/im/vector/app/features/roommemberprofile/RoomMemberProfileViewModel.kt, /home/codenia/Videos/OZ-Chat_Prod_23_Mar_bgNoti_working/OZ-Chat_Prod/20251125_OZ-Chat_Android_App/OZ-Chat_Android_Dev/vector/src/main/java/im/vector/app/features/roommemberprofile/RoomMemberProfileViewState.kt, /home/codenia/Videos/OZ-Chat_Prod_23_Mar_bgNoti_working/OZ-Chat_Prod/20251125_OZ-Chat_Android_App/OZ-Chat_Android_Dev/vector/src/main/java/im/vector/app/features/roommemberprofile/powerlevel/EditPowerLevelDialogs.kt, /home/codenia/Videos/OZ-Chat_Prod_23_Mar_bgNoti_working/OZ-Chat_Prod/20251125_OZ-Chat_Android_App/OZ-Chat_Android_Dev/vector/src/main/java/im/vector/app/features/contactsbook/ContactsBookAction.kt, /home/codenia/Videos/OZ-Chat_Prod_23_Mar_bgNoti_working/OZ-Chat_Prod/20251125_OZ-Chat_Android_App/OZ-Chat_Android_Dev/vector/src/main/java/im/vector/app/features/contactsbook/ContactsBookController.kt, /home/codenia/Videos/OZ-Chat_Prod_23_Mar_bgNoti_working/OZ-Chat_Prod/20251125_OZ-Chat_Android_App/OZ-Chat_Android_Dev/vector/src/main/java/im/vector/app/features/contactsbook/ContactDetailItem.kt, /home/codenia/Videos/OZ-Chat_Prod_23_Mar_bgNoti_working/OZ-Chat_Prod/20251125_OZ-Chat_Android_App/OZ-Chat_Android_Dev/vector/src/main/java/im/vector/app/features/contactsbook/ContactsBookFragment.kt, /home/codenia/Videos/OZ-Chat_Prod_23_Mar_bgNoti_working/OZ-Chat_Prod/20251125_OZ-Chat_Android_App/OZ-Chat_Android_Dev/vector/src/main/java/im/vector/app/features/contactsbook/ContactItem.kt, /home/codenia/Videos/OZ-Chat_Prod_23_Mar_bgNoti_working/OZ-Chat_Prod/20251125_OZ-Chat_Android_App/OZ-Chat_Android_Dev/vector/src/main/java/im/vector/app/features/contactsbook/ContactsBookViewEvents.kt, /home/codenia/Videos/OZ-Chat_Prod_23_Mar_bgNoti_working/OZ-Chat_Prod/20251125_OZ-Chat_Android_App/OZ-Chat_Android_Dev/vector/src/main/java/im/vector/app/features/contactsbook/ContactsBookViewModel.kt, /home/codenia/Videos/OZ-Chat_Prod_23_Mar_bgNoti_working/OZ-Chat_Prod/20251125_OZ-Chat_Android_App/OZ-Chat_Android_Dev/vector/src/main/java/im/vector/app/features/contactsbook/ContactsBookViewState.kt, /home/codenia/Videos/OZ-Chat_Prod_23_Mar_bgNoti_working/OZ-Chat_Prod/20251125_OZ-Chat_Android_App/OZ-Chat_Android_Dev/vector/src/main/java/im/vector/app/features/matrixto/MatrixToRoomSpaceFragment.kt, /home/codenia/Videos/OZ-Chat_Prod_23_Mar_bgNoti_working/OZ-Chat_Prod/20251125_OZ-Chat_Android_App/OZ-Chat_Android_Dev/vector/src/main/java/im/vector/app/features/matrixto/MatrixToViewEvents.kt, /home/codenia/Videos/OZ-Chat_Prod_23_Mar_bgNoti_working/OZ-Chat_Prod/20251125_OZ-Chat_Android_App/OZ-Chat_Android_Dev/vector/src/main/java/im/vector/app/features/matrixto/MatrixToUserFragment.kt, /home/codenia/Videos/OZ-Chat_Prod_23_Mar_bgNoti_working/OZ-Chat_Prod/20251125_OZ-Chat_Android_App/OZ-Chat_Android_Dev/vector/src/main/java/im/vector/app/features/matrixto/MatrixToAction.kt, /home/codenia/Videos/OZ-Chat_Prod_23_Mar_bgNoti_working/OZ-Chat_Prod/20251125_OZ-Chat_Android_App/OZ-Chat_Android_Dev/vector/src/main/java/im/vector/app/features/matrixto/OriginOfMatrixTo.kt, /home/codenia/Videos/OZ-Chat_Prod_23_Mar_bgNoti_working/OZ-Chat_Prod/20251125_OZ-Chat_Android_App/OZ-Chat_Android_Dev/vector/src/main/java/im/vector/app/features/matrixto/MatrixToBottomSheetViewModel.kt, /home/codenia/Videos/OZ-Chat_Prod_23_Mar_bgNoti_working/OZ-Chat_Prod/20251125_OZ-Chat_Android_App/OZ-Chat_Android_Dev/vector/src/main/java/im/vector/app/features/matrixto/SpaceCardRenderer.kt, /home/codenia/Videos/OZ-Chat_Prod_23_Mar_bgNoti_working/OZ-Chat_Prod/20251125_OZ-Chat_Android_App/OZ-Chat_Android_Dev/vector/src/main/java/im/vector/app/features/matrixto/MatrixToBottomSheetState.kt, /home/codenia/Videos/OZ-Chat_Prod_23_Mar_bgNoti_working/OZ-Chat_Prod/20251125_OZ-Chat_Android_App/OZ-Chat_Android_Dev/vector/src/main/java/im/vector/app/features/matrixto/MatrixToBottomSheet.kt, /home/codenia/Videos/OZ-Chat_Prod_23_Mar_bgNoti_working/OZ-Chat_Prod/20251125_OZ-Chat_Android_App/OZ-Chat_Android_Dev/vector/src/main/java/im/vector/app/features/rageshake/BugReporter.kt, /home/codenia/Videos/OZ-Chat_Prod_23_Mar_bgNoti_working/OZ-Chat_Prod/20251125_OZ-Chat_Android_App/OZ-Chat_Android_Dev/vector/src/main/java/im/vector/app/features/rageshake/LogFormatter.kt, /home/codenia/Videos/OZ-Chat_Prod_23_Mar_bgNoti_working/OZ-Chat_Prod/20251125_OZ-Chat_Android_App/OZ-Chat_Android_Dev/vector/src/main/java/im/vector/app/features/rageshake/BugReportState.kt, /home/codenia/Videos/OZ-Chat_Prod_23_Mar_bgNoti_working/OZ-Chat_Prod/20251125_OZ-Chat_Android_App/OZ-Chat_Android_Dev/vector/src/main/java/im/vector/app/features/rageshake/BugReportViewModel.kt, /home/codenia/Videos/OZ-Chat_Prod_23_Mar_bgNoti_working/OZ-Chat_Prod/20251125_OZ-Chat_Android_App/OZ-Chat_Android_Dev/vector/src/main/java/im/vector/app/features/rageshake/BugReportActivity.kt, /home/codenia/Videos/OZ-Chat_Prod_23_Mar_bgNoti_working/OZ-Chat_Prod/20251125_OZ-Chat_Android_App/OZ-Chat_Android_Dev/vector/src/main/java/im/vector/app/features/rageshake/VectorFileLogger.kt, /home/codenia/Videos/OZ-Chat_Prod_23_Mar_bgNoti_working/OZ-Chat_Prod/20251125_OZ-Chat_Android_App/OZ-Chat_Android_Dev/vector/src/main/java/im/vector/app/features/rageshake/VectorUncaughtExceptionHandler.kt, /home/codenia/Videos/OZ-Chat_Prod_23_Mar_bgNoti_working/OZ-Chat_Prod/20251125_OZ-Chat_Android_App/OZ-Chat_Android_Dev/vector/src/main/java/im/vector/app/features/rageshake/RageShake.kt, /home/codenia/Videos/OZ-Chat_Prod_23_Mar_bgNoti_working/OZ-Chat_Prod/20251125_OZ-Chat_Android_App/OZ-Chat_Android_Dev/vector/src/main/java/im/vector/app/features/rageshake/ProcessInfo.kt, /home/codenia/Videos/OZ-Chat_Prod_23_Mar_bgNoti_working/OZ-Chat_Prod/20251125_OZ-Chat_Android_App/OZ-Chat_Android_Dev/vector/src/main/java/im/vector/app/features/rageshake/ReportType.kt, /home/codenia/Videos/OZ-Chat_Prod_23_Mar_bgNoti_working/OZ-Chat_Prod/20251125_OZ-Chat_Android_App/OZ-Chat_Android_Dev/vector/src/main/java/im/vector/app/features/themes/ThemeUtils.kt, /home/codenia/Videos/OZ-Chat_Prod_23_Mar_bgNoti_working/OZ-Chat_Prod/20251125_OZ-Chat_Android_App/OZ-Chat_Android_Dev/vector/src/main/java/im/vector/app/features/themes/ActivityOtherThemes.kt, /home/codenia/Videos/OZ-Chat_Prod_23_Mar_bgNoti_working/OZ-Chat_Prod/20251125_OZ-Chat_Android_App/OZ-Chat_Android_Dev/vector/src/main/java/im/vector/app/features/themes/ThemeProvider.kt, /home/codenia/Videos/OZ-Chat_Prod_23_Mar_bgNoti_working/OZ-Chat_Prod/20251125_OZ-Chat_Android_App/OZ-Chat_Android_Dev/vector/src/main/java/im/vector/app/features/version/VersionProvider.kt, /home/codenia/Videos/OZ-Chat_Prod_23_Mar_bgNoti_working/OZ-Chat_Prod/20251125_OZ-Chat_Android_App/OZ-Chat_Android_Dev/vector/src/main/java/im/vector/app/features/grouplist/HomeSpaceSummaryItem.kt, /home/codenia/Videos/OZ-Chat_Prod_23_Mar_bgNoti_working/OZ-Chat_Prod/20251125_OZ-Chat_Android_App/OZ-Chat_Android_Dev/vector/src/main/java/im/vector/app/features/grouplist/NewHomeSpaceSummaryItem.kt, /home/codenia/Videos/OZ-Chat_Prod_23_Mar_bgNoti_working/OZ-Chat_Prod/20251125_OZ-Chat_Android_App/OZ-Chat_Android_Dev/vector/src/main/java/im/vector/app/features/start/StartAppAndroidService.kt, /home/codenia/Videos/OZ-Chat_Prod_23_Mar_bgNoti_working/OZ-Chat_Prod/20251125_OZ-Chat_Android_App/OZ-Chat_Android_Dev/vector/src/main/java/im/vector/app/features/start/StartAppViewState.kt, /home/codenia/Videos/OZ-Chat_Prod_23_Mar_bgNoti_working/OZ-Chat_Prod/20251125_OZ-Chat_Android_App/OZ-Chat_Android_Dev/vector/src/main/java/im/vector/app/features/start/StartAppViewEvent.kt, /home/codenia/Videos/OZ-Chat_Prod_23_Mar_bgNoti_working/OZ-Chat_Prod/20251125_OZ-Chat_Android_App/OZ-Chat_Android_Dev/vector/src/main/java/im/vector/app/features/start/StartAppViewModel.kt, /home/codenia/Videos/OZ-Chat_Prod_23_Mar_bgNoti_working/OZ-Chat_Prod/20251125_OZ-Chat_Android_App/OZ-Chat_Android_Dev/vector/src/main/java/im/vector/app/features/start/StartAppAction.kt, /home/codenia/Videos/OZ-Chat_Prod_23_Mar_bgNoti_working/OZ-Chat_Prod/20251125_OZ-Chat_Android_App/OZ-Chat_Android_Dev/vector/src/main/java/im/vector/app/features/userdirectory/ActionItem.kt, /home/codenia/Videos/OZ-Chat_Prod_23_Mar_bgNoti_working/OZ-Chat_Prod/20251125_OZ-Chat_Android_App/OZ-Chat_Android_Dev/vector/src/main/java/im/vector/app/features/userdirectory/UserListViewEvents.kt, /home/codenia/Videos/OZ-Chat_Prod_23_Mar_bgNoti_working/OZ-Chat_Prod/20251125_OZ-Chat_Android_App/OZ-Chat_Android_Dev/vector/src/main/java/im/vector/app/features/userdirectory/UserListFragment.kt, /home/codenia/Videos/OZ-Chat_Prod_23_Mar_bgNoti_working/OZ-Chat_Prod/20251125_OZ-Chat_Android_App/OZ-Chat_Android_Dev/vector/src/main/java/im/vector/app/features/userdirectory/UserListHeaderItem.kt, /home/codenia/Videos/OZ-Chat_Prod_23_Mar_bgNoti_working/OZ-Chat_Prod/20251125_OZ-Chat_Android_App/OZ-Chat_Android_Dev/vector/src/main/java/im/vector/app/features/userdirectory/UserListFragmentArgs.kt, /home/codenia/Videos/OZ-Chat_Prod_23_Mar_bgNoti_working/OZ-Chat_Prod/20251125_OZ-Chat_Android_App/OZ-Chat_Android_Dev/vector/src/main/java/im/vector/app/features/userdirectory/UserListSharedActionViewModel.kt, /home/codenia/Videos/OZ-Chat_Prod_23_Mar_bgNoti_working/OZ-Chat_Prod/20251125_OZ-Chat_Android_App/OZ-Chat_Android_Dev/vector/src/main/java/im/vector/app/features/userdirectory/PendingSelection.kt, /home/codenia/Videos/OZ-Chat_Prod_23_Mar_bgNoti_working/OZ-Chat_Prod/20251125_OZ-Chat_Android_App/OZ-Chat_Android_Dev/vector/src/main/java/im/vector/app/features/userdirectory/ContactDetailItem.kt, /home/codenia/Videos/OZ-Chat_Prod_23_Mar_bgNoti_working/OZ-Chat_Prod/20251125_OZ-Chat_Android_App/OZ-Chat_Android_Dev/vector/src/main/java/im/vector/app/features/userdirectory/UserListViewState.kt, /home/codenia/Videos/OZ-Chat_Prod_23_Mar_bgNoti_working/OZ-Chat_Prod/20251125_OZ-Chat_Android_App/OZ-Chat_Android_Dev/vector/src/main/java/im/vector/app/features/userdirectory/UserListController.kt, /home/codenia/Videos/OZ-Chat_Prod_23_Mar_bgNoti_working/OZ-Chat_Prod/20251125_OZ-Chat_Android_App/OZ-Chat_Android_Dev/vector/src/main/java/im/vector/app/features/userdirectory/UserListViewModel.kt, /home/codenia/Videos/OZ-Chat_Prod_23_Mar_bgNoti_working/OZ-Chat_Prod/20251125_OZ-Chat_Android_App/OZ-Chat_Android_Dev/vector/src/main/java/im/vector/app/features/userdirectory/UserDirectoryUserItem.kt, /home/codenia/Videos/OZ-Chat_Prod_23_Mar_bgNoti_working/OZ-Chat_Prod/20251125_OZ-Chat_Android_App/OZ-Chat_Android_Dev/vector/src/main/java/im/vector/app/features/userdirectory/UserListAction.kt, /home/codenia/Videos/OZ-Chat_Prod_23_Mar_bgNoti_working/OZ-Chat_Prod/20251125_OZ-Chat_Android_App/OZ-Chat_Android_Dev/vector/src/main/java/im/vector/app/features/userdirectory/ContactItem.kt, /home/codenia/Videos/OZ-Chat_Prod_23_Mar_bgNoti_working/OZ-Chat_Prod/20251125_OZ-Chat_Android_App/OZ-Chat_Android_Dev/vector/src/main/java/im/vector/app/features/userdirectory/InviteByEmailItem.kt, /home/codenia/Videos/OZ-Chat_Prod_23_Mar_bgNoti_working/OZ-Chat_Prod/20251125_OZ-Chat_Android_App/OZ-Chat_Android_Dev/vector/src/main/java/im/vector/app/features/userdirectory/UserDirectoryLetterHeaderItem.kt, /home/codenia/Videos/OZ-Chat_Prod_23_Mar_bgNoti_working/OZ-Chat_Prod/20251125_OZ-Chat_Android_App/OZ-Chat_Android_Dev/vector/src/main/java/im/vector/app/features/userdirectory/UserListSharedAction.kt, /home/codenia/Videos/OZ-Chat_Prod_23_Mar_bgNoti_working/OZ-Chat_Prod/20251125_OZ-Chat_Android_App/OZ-Chat_Android_Dev/vector/src/main/java/im/vector/app/features/powerlevel/PowerLevelsFlowFactory.kt, /home/codenia/Videos/OZ-Chat_Prod_23_Mar_bgNoti_working/OZ-Chat_Prod/20251125_OZ-Chat_Android_App/OZ-Chat_Android_Dev/vector/src/main/java/im/vector/app/features/MainActivity.kt, /home/codenia/Videos/OZ-Chat_Prod_23_Mar_bgNoti_working/OZ-Chat_Prod/20251125_OZ-Chat_Android_App/OZ-Chat_Android_Dev/vector/src/main/java/im/vector/app/UISIDetector.kt, /home/codenia/Videos/OZ-Chat_Prod_23_Mar_bgNoti_working/OZ-Chat_Prod/20251125_OZ-Chat_Android_App/OZ-Chat_Android_Dev/vector/src/main/java/im/vector/app/EmojiCompatWrapper.kt, /home/codenia/Videos/OZ-Chat_Prod_23_Mar_bgNoti_working/OZ-Chat_Prod/20251125_OZ-Chat_Android_App/OZ-Chat_Android_Dev/vector/src/main/java/im/vector/app/SpaceStateHandlerImpl.kt, /home/codenia/Videos/OZ-Chat_Prod_23_Mar_bgNoti_working/OZ-Chat_Prod/20251125_OZ-Chat_Android_App/OZ-Chat_Android_Dev/vector/src/main/java/im/vector/app/SpaceStateHandler.kt, /home/codenia/Videos/OZ-Chat_Prod_23_Mar_bgNoti_working/OZ-Chat_Prod/20251125_OZ-Chat_Android_App/OZ-Chat_Android_Dev/vector/src/main/java/im/vector/app/ActiveSessionDataSource.kt, /home/codenia/Videos/OZ-Chat_Prod_23_Mar_bgNoti_working/OZ-Chat_Prod/20251125_OZ-Chat_Android_App/OZ-Chat_Android_Dev/vector/src/main/java/im/vector/app/EmojiCompatFontProvider.kt, /home/codenia/Videos/OZ-Chat_Prod_23_Mar_bgNoti_working/OZ-Chat_Prod/20251125_OZ-Chat_Android_App/OZ-Chat_Android_Dev/vector/src/main/java/im/vector/app/AutoRageShaker.kt, /home/codenia/Videos/OZ-Chat_Prod_23_Mar_bgNoti_working/OZ-Chat_Prod/20251125_OZ-Chat_Android_App/OZ-Chat_Android_Dev/vector/src/main/java/im/vector/app/data/RoomUserUiModel.kt, /home/codenia/Videos/OZ-Chat_Prod_23_Mar_bgNoti_working/OZ-Chat_Prod/20251125_OZ-Chat_Android_App/OZ-Chat_Android_Dev/vector/src/main/java/im/vector/app/core/pushers/RegisterUnifiedPushUseCase.kt, /home/codenia/Videos/OZ-Chat_Prod_23_Mar_bgNoti_working/OZ-Chat_Prod/20251125_OZ-Chat_Android_App/OZ-Chat_Android_Dev/vector/src/main/java/im/vector/app/core/pushers/VectorUnifiedPushMessagingReceiver.kt, /home/codenia/Videos/OZ-Chat_Prod_23_Mar_bgNoti_working/OZ-Chat_Prod/20251125_OZ-Chat_Android_App/OZ-Chat_Android_Dev/vector/src/main/java/im/vector/app/core/pushers/VectorPushHandler.kt, /home/codenia/Videos/OZ-Chat_Prod_23_Mar_bgNoti_working/OZ-Chat_Prod/20251125_OZ-Chat_Android_App/OZ-Chat_Android_Dev/vector/src/main/java/im/vector/app/core/pushers/FcmHelper.kt, /home/codenia/Videos/OZ-Chat_Prod_23_Mar_bgNoti_working/OZ-Chat_Prod/20251125_OZ-Chat_Android_App/OZ-Chat_Android_Dev/vector/src/main/java/im/vector/app/core/pushers/PushParser.kt, /home/codenia/Videos/OZ-Chat_Prod_23_Mar_bgNoti_working/OZ-Chat_Prod/20251125_OZ-Chat_Android_App/OZ-Chat_Android_Dev/vector/src/main/java/im/vector/app/core/pushers/PushersManager.kt, /home/codenia/Videos/OZ-Chat_Prod_23_Mar_bgNoti_working/OZ-Chat_Prod/20251125_OZ-Chat_Android_App/OZ-Chat_Android_Dev/vector/src/main/java/im/vector/app/core/pushers/UnregisterUnifiedPushUseCase.kt, /home/codenia/Videos/OZ-Chat_Prod_23_Mar_bgNoti_working/OZ-Chat_Prod/20251125_OZ-Chat_Android_App/OZ-Chat_Android_Dev/vector/src/main/java/im/vector/app/core/pushers/KeepInternalDistributor.kt, /home/codenia/Videos/OZ-Chat_Prod_23_Mar_bgNoti_working/OZ-Chat_Prod/20251125_OZ-Chat_Android_App/OZ-Chat_Android_Dev/vector/src/main/java/im/vector/app/core/pushers/EnsureFcmTokenIsRetrievedUseCase.kt, /home/codenia/Videos/OZ-Chat_Prod_23_Mar_bgNoti_working/OZ-Chat_Prod/20251125_OZ-Chat_Android_App/OZ-Chat_Android_Dev/vector/src/main/java/im/vector/app/core/pushers/UnifiedPushStore.kt, /home/codenia/Videos/OZ-Chat_Prod_23_Mar_bgNoti_working/OZ-Chat_Prod/20251125_OZ-Chat_Android_App/OZ-Chat_Android_Dev/vector/src/main/java/im/vector/app/core/pushers/model/PushDataFcm.kt, /home/codenia/Videos/OZ-Chat_Prod_23_Mar_bgNoti_working/OZ-Chat_Prod/20251125_OZ-Chat_Android_App/OZ-Chat_Android_Dev/vector/src/main/java/im/vector/app/core/pushers/model/PushData.kt, /home/codenia/Videos/OZ-Chat_Prod_23_Mar_bgNoti_working/OZ-Chat_Prod/20251125_OZ-Chat_Android_App/OZ-Chat_Android_Dev/vector/src/main/java/im/vector/app/core/pushers/model/PushDataUnifiedPush.kt, /home/codenia/Videos/OZ-Chat_Prod_23_Mar_bgNoti_working/OZ-Chat_Prod/20251125_OZ-Chat_Android_App/OZ-Chat_Android_Dev/vector/src/main/java/im/vector/app/core/pushers/UnifiedPushHelper.kt, /home/codenia/Videos/OZ-Chat_Prod_23_Mar_bgNoti_working/OZ-Chat_Prod/20251125_OZ-Chat_Android_App/OZ-Chat_Android_Dev/vector/src/main/java/im/vector/app/core/di/Qualifiers.kt, /home/codenia/Videos/OZ-Chat_Prod_23_Mar_bgNoti_working/OZ-Chat_Prod/20251125_OZ-Chat_Android_App/OZ-Chat_Android_Dev/vector/src/main/java/im/vector/app/core/di/VoiceModule.kt, /home/codenia/Videos/OZ-Chat_Prod_23_Mar_bgNoti_working/OZ-Chat_Prod/20251125_OZ-Chat_Android_App/OZ-Chat_Android_Dev/vector/src/main/java/im/vector/app/core/di/SessionInitializer.kt, /home/codenia/Videos/OZ-Chat_Prod_23_Mar_bgNoti_working/OZ-Chat_Prod/20251125_OZ-Chat_Android_App/OZ-Chat_Android_Dev/vector/src/main/java/im/vector/app/core/di/ActiveSessionHolder.kt, /home/codenia/Videos/OZ-Chat_Prod_23_Mar_bgNoti_working/OZ-Chat_Prod/20251125_OZ-Chat_Android_App/OZ-Chat_Android_Dev/vector/src/main/java/im/vector/app/core/di/ViewModelKey.kt, /home/codenia/Videos/OZ-Chat_Prod_23_Mar_bgNoti_working/OZ-Chat_Prod/20251125_OZ-Chat_Android_App/OZ-Chat_Android_Dev/vector/src/main/java/im/vector/app/core/di/MavericksViewModelModule.kt, /home/codenia/Videos/OZ-Chat_Prod_23_Mar_bgNoti_working/OZ-Chat_Prod/20251125_OZ-Chat_Android_App/OZ-Chat_Android_Dev/vector/src/main/java/im/vector/app/core/di/HiltMavericksViewModelFactory.kt, /home/codenia/Videos/OZ-Chat_Prod_23_Mar_bgNoti_working/OZ-Chat_Prod/20251125_OZ-Chat_Android_App/OZ-Chat_Android_Dev/vector/src/main/java/im/vector/app/core/di/ScreenModule.kt, /home/codenia/Videos/OZ-Chat_Prod_23_Mar_bgNoti_working/OZ-Chat_Prod/20251125_OZ-Chat_Android_App/OZ-Chat_Android_Dev/vector/src/main/java/im/vector/app/core/di/ActivityEntryPoint.kt, /home/codenia/Videos/OZ-Chat_Prod_23_Mar_bgNoti_working/OZ-Chat_Prod/20251125_OZ-Chat_Android_App/OZ-Chat_Android_Dev/vector/src/main/java/im/vector/app/core/di/VectorViewModelFactory.kt, /home/codenia/Videos/OZ-Chat_Prod_23_Mar_bgNoti_working/OZ-Chat_Prod/20251125_OZ-Chat_Android_App/OZ-Chat_Android_Dev/vector/src/main/java/im/vector/app/core/di/ViewModelModule.kt, /home/codenia/Videos/OZ-Chat_Prod_23_Mar_bgNoti_working/OZ-Chat_Prod/20251125_OZ-Chat_Android_App/OZ-Chat_Android_Dev/vector/src/main/java/im/vector/app/core/di/MavericksAssistedViewModelFactory.kt, /home/codenia/Videos/OZ-Chat_Prod_23_Mar_bgNoti_working/OZ-Chat_Prod/20251125_OZ-Chat_Android_App/OZ-Chat_Android_Dev/vector/src/main/java/im/vector/app/core/di/AppRepositoryModule.kt, /home/codenia/Videos/OZ-Chat_Prod_23_Mar_bgNoti_working/OZ-Chat_Prod/20251125_OZ-Chat_Android_App/OZ-Chat_Android_Dev/vector/src/main/java/im/vector/app/core/di/ImageManager.kt, /home/codenia/Videos/OZ-Chat_Prod_23_Mar_bgNoti_working/OZ-Chat_Prod/20251125_OZ-Chat_Android_App/OZ-Chat_Android_Dev/vector/src/main/java/im/vector/app/core/di/ConfigurationModule.kt, /home/codenia/Videos/OZ-Chat_Prod_23_Mar_bgNoti_working/OZ-Chat_Prod/20251125_OZ-Chat_Android_App/OZ-Chat_Android_Dev/vector/src/main/java/im/vector/app/core/di/SingletonEntryPoint.kt, /home/codenia/Videos/OZ-Chat_Prod_23_Mar_bgNoti_working/OZ-Chat_Prod/20251125_OZ-Chat_Android_App/OZ-Chat_Android_Dev/vector/src/main/java/im/vector/app/core/di/MavericksViewModelScoped.kt, /home/codenia/Videos/OZ-Chat_Prod_23_Mar_bgNoti_working/OZ-Chat_Prod/20251125_OZ-Chat_Android_App/OZ-Chat_Android_Dev/vector/src/main/java/im/vector/app/core/di/HomeModule.kt, /home/codenia/Videos/OZ-Chat_Prod_23_Mar_bgNoti_working/OZ-Chat_Prod/20251125_OZ-Chat_Android_App/OZ-Chat_Android_Dev/vector/src/main/java/im/vector/app/core/date/VectorDateFormatter.kt, /home/codenia/Videos/OZ-Chat_Prod_23_Mar_bgNoti_working/OZ-Chat_Prod/20251125_OZ-Chat_Android_App/OZ-Chat_Android_Dev/vector/src/main/java/im/vector/app/core/date/DateFormatKind.kt, /home/codenia/Videos/OZ-Chat_Prod_23_Mar_bgNoti_working/OZ-Chat_Prod/20251125_OZ-Chat_Android_App/OZ-Chat_Android_Dev/vector/src/main/java/im/vector/app/core/date/DateFormatterProviders.kt, /home/codenia/Videos/OZ-Chat_Prod_23_Mar_bgNoti_working/OZ-Chat_Prod/20251125_OZ-Chat_Android_App/OZ-Chat_Android_Dev/vector/src/main/java/im/vector/app/core/date/DefaultDateFormatterProvider.kt, /home/codenia/Videos/OZ-Chat_Prod_23_Mar_bgNoti_working/OZ-Chat_Prod/20251125_OZ-Chat_Android_App/OZ-Chat_Android_Dev/vector/src/main/java/im/vector/app/core/date/AbbrevDateFormatterProvider.kt, /home/codenia/Videos/OZ-Chat_Prod_23_Mar_bgNoti_working/OZ-Chat_Prod/20251125_OZ-Chat_Android_App/OZ-Chat_Android_Dev/vector/src/main/java/im/vector/app/core/date/DateFormatterProvider.kt, /home/codenia/Videos/OZ-Chat_Prod_23_Mar_bgNoti_working/OZ-Chat_Prod/20251125_OZ-Chat_Android_App/OZ-Chat_Android_Dev/vector/src/main/java/im/vector/app/core/intent/Filename.kt, /home/codenia/Videos/OZ-Chat_Prod_23_Mar_bgNoti_working/OZ-Chat_Prod/20251125_OZ-Chat_Android_App/OZ-Chat_Android_Dev/vector/src/main/java/im/vector/app/core/intent/ExternalIntentData.kt, /home/codenia/Videos/OZ-Chat_Prod_23_Mar_bgNoti_working/OZ-Chat_Prod/20251125_OZ-Chat_Android_App/OZ-Chat_Android_Dev/vector/src/main/java/im/vector/app/core/intent/VectorMimeType.kt, /home/codenia/Videos/OZ-Chat_Prod_23_Mar_bgNoti_working/OZ-Chat_Prod/20251125_OZ-Chat_Android_App/OZ-Chat_Android_Dev/vector/src/main/java/im/vector/app/core/platform/ScreenOrientationLocker.kt, /home/codenia/Videos/OZ-Chat_Prod_23_Mar_bgNoti_working/OZ-Chat_Prod/20251125_OZ-Chat_Android_App/OZ-Chat_Android_Dev/vector/src/main/java/im/vector/app/core/platform/VectorMenuProvider.kt, /home/codenia/Videos/OZ-Chat_Prod_23_Mar_bgNoti_working/OZ-Chat_Prod/20251125_OZ-Chat_Android_App/OZ-Chat_Android_Dev/vector/src/main/java/im/vector/app/core/platform/SnackbarExt.kt, /home/codenia/Videos/OZ-Chat_Prod_23_Mar_bgNoti_working/OZ-Chat_Prod/20251125_OZ-Chat_Android_App/OZ-Chat_Android_Dev/vector/src/main/java/im/vector/app/core/platform/VectorBaseFragment.kt, /home/codenia/Videos/OZ-Chat_Prod_23_Mar_bgNoti_working/OZ-Chat_Prod/20251125_OZ-Chat_Android_App/OZ-Chat_Android_Dev/vector/src/main/java/im/vector/app/core/platform/VectorBaseBottomSheetDialogFragment.kt, /home/codenia/Videos/OZ-Chat_Prod_23_Mar_bgNoti_working/OZ-Chat_Prod/20251125_OZ-Chat_Android_App/OZ-Chat_Android_Dev/vector/src/main/java/im/vector/app/core/platform/CheckableView.kt, /home/codenia/Videos/OZ-Chat_Prod_23_Mar_bgNoti_working/OZ-Chat_Prod/20251125_OZ-Chat_Android_App/OZ-Chat_Android_Dev/vector/src/main/java/im/vector/app/core/platform/StateView.kt, /home/codenia/Videos/OZ-Chat_Prod_23_Mar_bgNoti_working/OZ-Chat_Prod/20251125_OZ-Chat_Android_App/OZ-Chat_Android_Dev/vector/src/main/java/im/vector/app/core/platform/CheckableFrameLayout.kt, /home/codenia/Videos/OZ-Chat_Prod_23_Mar_bgNoti_working/OZ-Chat_Prod/20251125_OZ-Chat_Android_App/OZ-Chat_Android_Dev/vector/src/main/java/im/vector/app/core/platform/Restorable.kt, /home/codenia/Videos/OZ-Chat_Prod_23_Mar_bgNoti_working/OZ-Chat_Prod/20251125_OZ-Chat_Android_App/OZ-Chat_Android_Dev/vector/src/main/java/im/vector/app/core/platform/OnBackPressed.kt, /home/codenia/Videos/OZ-Chat_Prod_23_Mar_bgNoti_working/OZ-Chat_Prod/20251125_OZ-Chat_Android_App/OZ-Chat_Android_Dev/vector/src/main/java/im/vector/app/core/platform/VectorViewModelAction.kt, /home/codenia/Videos/OZ-Chat_Prod_23_Mar_bgNoti_working/OZ-Chat_Prod/20251125_OZ-Chat_Android_App/OZ-Chat_Android_Dev/vector/src/main/java/im/vector/app/core/platform/PendingIntentCompat.kt, /home/codenia/Videos/OZ-Chat_Prod_23_Mar_bgNoti_working/OZ-Chat_Prod/20251125_OZ-Chat_Android_App/OZ-Chat_Android_Dev/vector/src/main/java/im/vector/app/core/platform/CheckableImageView.kt, /home/codenia/Videos/OZ-Chat_Prod_23_Mar_bgNoti_working/OZ-Chat_Prod/20251125_OZ-Chat_Android_App/OZ-Chat_Android_Dev/vector/src/main/java/im/vector/app/core/platform/livedata/SharedPreferenceLiveData.kt, /home/codenia/Videos/OZ-Chat_Prod_23_Mar_bgNoti_working/OZ-Chat_Prod/20251125_OZ-Chat_Android_App/OZ-Chat_Android_Dev/vector/src/main/java/im/vector/app/core/platform/VectorSharedActionViewModel.kt, /home/codenia/Videos/OZ-Chat_Prod_23_Mar_bgNoti_working/OZ-Chat_Prod/20251125_OZ-Chat_Android_App/OZ-Chat_Android_Dev/vector/src/main/java/im/vector/app/core/platform/VectorBaseActivity.kt, /home/codenia/Videos/OZ-Chat_Prod_23_Mar_bgNoti_working/OZ-Chat_Prod/20251125_OZ-Chat_Android_App/OZ-Chat_Android_Dev/vector/src/main/java/im/vector/app/core/platform/SimpleFragmentActivity.kt, /home/codenia/Videos/OZ-Chat_Prod_23_Mar_bgNoti_working/OZ-Chat_Prod/20251125_OZ-Chat_Android_App/OZ-Chat_Android_Dev/vector/src/main/java/im/vector/app/core/platform/CheckableConstraintLayout.kt, /home/codenia/Videos/OZ-Chat_Prod_23_Mar_bgNoti_working/OZ-Chat_Prod/20251125_OZ-Chat_Android_App/OZ-Chat_Android_Dev/vector/src/main/java/im/vector/app/core/platform/MaxHeightScrollView.kt, /home/codenia/Videos/OZ-Chat_Prod_23_Mar_bgNoti_working/OZ-Chat_Prod/20251125_OZ-Chat_Android_App/OZ-Chat_Android_Dev/vector/src/main/java/im/vector/app/core/platform/DefaultListUpdateCallback.kt, /home/codenia/Videos/OZ-Chat_Prod_23_Mar_bgNoti_working/OZ-Chat_Prod/20251125_OZ-Chat_Android_App/OZ-Chat_Android_Dev/vector/src/main/java/im/vector/app/core/platform/VectorDummyViewState.kt, /home/codenia/Videos/OZ-Chat_Prod_23_Mar_bgNoti_working/OZ-Chat_Prod/20251125_OZ-Chat_Android_App/OZ-Chat_Android_Dev/vector/src/main/java/im/vector/app/core/platform/BadgeFloatingActionButton.kt, /home/codenia/Videos/OZ-Chat_Prod_23_Mar_bgNoti_working/OZ-Chat_Prod/20251125_OZ-Chat_Android_App/OZ-Chat_Android_Dev/vector/src/main/java/im/vector/app/core/platform/GenericIdArgs.kt, /home/codenia/Videos/OZ-Chat_Prod_23_Mar_bgNoti_working/OZ-Chat_Prod/20251125_OZ-Chat_Android_App/OZ-Chat_Android_Dev/vector/src/main/java/im/vector/app/core/platform/VectorBaseDialogFragment.kt, /home/codenia/Videos/OZ-Chat_Prod_23_Mar_bgNoti_working/OZ-Chat_Prod/20251125_OZ-Chat_Android_App/OZ-Chat_Android_Dev/vector/src/main/java/im/vector/app/core/platform/ConfigurationViewModel.kt, /home/codenia/Videos/OZ-Chat_Prod_23_Mar_bgNoti_working/OZ-Chat_Prod/20251125_OZ-Chat_Android_App/OZ-Chat_Android_Dev/vector/src/main/java/im/vector/app/core/platform/VectorViewModel.kt, /home/codenia/Videos/OZ-Chat_Prod_23_Mar_bgNoti_working/OZ-Chat_Prod/20251125_OZ-Chat_Android_App/OZ-Chat_Android_Dev/vector/src/main/java/im/vector/app/core/platform/VectorViewEvents.kt, /home/codenia/Videos/OZ-Chat_Prod_23_Mar_bgNoti_working/OZ-Chat_Prod/20251125_OZ-Chat_Android_App/OZ-Chat_Android_Dev/vector/src/main/java/im/vector/app/core/platform/VectorBaseComposeFragment.kt, /home/codenia/Videos/OZ-Chat_Prod_23_Mar_bgNoti_working/OZ-Chat_Prod/20251125_OZ-Chat_Android_App/OZ-Chat_Android_Dev/vector/src/main/java/im/vector/app/core/platform/SimpleTextWatcher.kt, /home/codenia/Videos/OZ-Chat_Prod_23_Mar_bgNoti_working/OZ-Chat_Prod/20251125_OZ-Chat_Android_App/OZ-Chat_Android_Dev/vector/src/main/java/im/vector/app/core/platform/WaitingViewData.kt, /home/codenia/Videos/OZ-Chat_Prod_23_Mar_bgNoti_working/OZ-Chat_Prod/20251125_OZ-Chat_Android_App/OZ-Chat_Android_Dev/vector/src/main/java/im/vector/app/core/platform/LifecycleAwareLazy.kt, /home/codenia/Videos/OZ-Chat_Prod_23_Mar_bgNoti_working/OZ-Chat_Prod/20251125_OZ-Chat_Android_App/OZ-Chat_Android_Dev/vector/src/main/java/im/vector/app/core/platform/ButtonStateView.kt, /home/codenia/Videos/OZ-Chat_Prod_23_Mar_bgNoti_working/OZ-Chat_Prod/20251125_OZ-Chat_Android_App/OZ-Chat_Android_Dev/vector/src/main/java/im/vector/app/core/platform/ViewModelTask.kt, /home/codenia/Videos/OZ-Chat_Prod_23_Mar_bgNoti_working/OZ-Chat_Prod/20251125_OZ-Chat_Android_App/OZ-Chat_Android_Dev/vector/src/main/java/im/vector/app/core/qrcode/QrCode.kt, /home/codenia/Videos/OZ-Chat_Prod_23_Mar_bgNoti_working/OZ-Chat_Prod/20251125_OZ-Chat_Android_App/OZ-Chat_Android_Dev/vector/src/main/java/im/vector/app/core/session/clientinfo/SessionExtendedInfoConstants.kt, /home/codenia/Videos/OZ-Chat_Prod_23_Mar_bgNoti_working/OZ-Chat_Prod/20251125_OZ-Chat_Android_App/OZ-Chat_Android_Dev/vector/src/main/java/im/vector/app/core/session/clientinfo/GetMatrixClientInfoUseCase.kt, /home/codenia/Videos/OZ-Chat_Prod_23_Mar_bgNoti_working/OZ-Chat_Prod/20251125_OZ-Chat_Android_App/OZ-Chat_Android_Dev/vector/src/main/java/im/vector/app/core/session/clientinfo/DeleteUnusedClientInformationUseCase.kt, /home/codenia/Videos/OZ-Chat_Prod_23_Mar_bgNoti_working/OZ-Chat_Prod/20251125_OZ-Chat_Android_App/OZ-Chat_Android_Dev/vector/src/main/java/im/vector/app/core/session/clientinfo/UpdateMatrixClientInfoUseCase.kt, /home/codenia/Videos/OZ-Chat_Prod_23_Mar_bgNoti_working/OZ-Chat_Prod/20251125_OZ-Chat_Android_App/OZ-Chat_Android_Dev/vector/src/main/java/im/vector/app/core/session/clientinfo/MatrixClientInfoContent.kt, /home/codenia/Videos/OZ-Chat_Prod_23_Mar_bgNoti_working/OZ-Chat_Prod/20251125_OZ-Chat_Android_App/OZ-Chat_Android_Dev/vector/src/main/java/im/vector/app/core/session/clientinfo/SetMatrixClientInfoUseCase.kt, /home/codenia/Videos/OZ-Chat_Prod_23_Mar_bgNoti_working/OZ-Chat_Prod/20251125_OZ-Chat_Android_App/OZ-Chat_Android_Dev/vector/src/main/java/im/vector/app/core/session/clientinfo/DeleteMatrixClientInfoUseCase.kt, /home/codenia/Videos/OZ-Chat_Prod_23_Mar_bgNoti_working/OZ-Chat_Prod/20251125_OZ-Chat_Android_App/OZ-Chat_Android_Dev/vector/src/main/java/im/vector/app/core/session/clientinfo/NoDeviceIdError.kt, /home/codenia/Videos/OZ-Chat_Prod_23_Mar_bgNoti_working/OZ-Chat_Prod/20251125_OZ-Chat_Android_App/OZ-Chat_Android_Dev/vector/src/main/java/im/vector/app/core/session/ConfigureAndStartSessionUseCase.kt, /home/codenia/Videos/OZ-Chat_Prod_23_Mar_bgNoti_working/OZ-Chat_Prod/20251125_OZ-Chat_Android_App/OZ-Chat_Android_Dev/vector/src/main/java/im/vector/app/core/session/EnsureSessionSyncingUseCase.kt, /home/codenia/Videos/OZ-Chat_Prod_23_Mar_bgNoti_working/OZ-Chat_Prod/20251125_OZ-Chat_Android_App/OZ-Chat_Android_Dev/vector/src/main/java/im/vector/app/core/epoxy/HelpFooterItem.kt, /home/codenia/Videos/OZ-Chat_Prod_23_Mar_bgNoti_working/OZ-Chat_Prod/20251125_OZ-Chat_Android_App/OZ-Chat_Android_Dev/vector/src/main/java/im/vector/app/core/epoxy/ExpandableTextItem.kt, /home/codenia/Videos/OZ-Chat_Prod_23_Mar_bgNoti_working/OZ-Chat_Prod/20251125_OZ-Chat_Android_App/OZ-Chat_Android_Dev/vector/src/main/java/im/vector/app/core/epoxy/VectorEpoxyHolder.kt, /home/codenia/Videos/OZ-Chat_Prod_23_Mar_bgNoti_working/OZ-Chat_Prod/20251125_OZ-Chat_Android_App/OZ-Chat_Android_Dev/vector/src/main/java/im/vector/app/core/epoxy/BottomSheetDividerItem.kt, /home/codenia/Videos/OZ-Chat_Prod_23_Mar_bgNoti_working/OZ-Chat_Prod/20251125_OZ-Chat_Android_App/OZ-Chat_Android_Dev/vector/src/main/java/im/vector/app/core/epoxy/DividerItem.kt, /home/codenia/Videos/OZ-Chat_Prod_23_Mar_bgNoti_working/OZ-Chat_Prod/20251125_OZ-Chat_Android_App/OZ-Chat_Android_Dev/vector/src/main/java/im/vector/app/core/epoxy/TimelineEmptyItem.kt, /home/codenia/Videos/OZ-Chat_Prod_23_Mar_bgNoti_working/OZ-Chat_Prod/20251125_OZ-Chat_Android_App/OZ-Chat_Android_Dev/vector/src/main/java/im/vector/app/core/epoxy/FontScaleUseSystemSettingsItem.kt, /home/codenia/Videos/OZ-Chat_Prod_23_Mar_bgNoti_working/OZ-Chat_Prod/20251125_OZ-Chat_Android_App/OZ-Chat_Android_Dev/vector/src/main/java/im/vector/app/core/epoxy/LayoutManagerStateRestorer.kt, /home/codenia/Videos/OZ-Chat_Prod_23_Mar_bgNoti_working/OZ-Chat_Prod/20251125_OZ-Chat_Android_App/OZ-Chat_Android_Dev/vector/src/main/java/im/vector/app/core/epoxy/Listener.kt, /home/codenia/Videos/OZ-Chat_Prod_23_Mar_bgNoti_working/OZ-Chat_Prod/20251125_OZ-Chat_Android_App/OZ-Chat_Android_Dev/vector/src/main/java/im/vector/app/core/epoxy/bottomsheet/BottomSheetActionItem.kt, /home/codenia/Videos/OZ-Chat_Prod_23_Mar_bgNoti_working/OZ-Chat_Prod/20251125_OZ-Chat_Android_App/OZ-Chat_Android_Dev/vector/src/main/java/im/vector/app/core/epoxy/bottomsheet/BottomSheetMessagePreviewItem.kt, /home/codenia/Videos/OZ-Chat_Prod_23_Mar_bgNoti_working/OZ-Chat_Prod/20251125_OZ-Chat_Android_App/OZ-Chat_Android_Dev/vector/src/main/java/im/vector/app/core/epoxy/bottomsheet/BottomSheetRadioActionItem.kt, /home/codenia/Videos/OZ-Chat_Prod_23_Mar_bgNoti_working/OZ-Chat_Prod/20251125_OZ-Chat_Android_App/OZ-Chat_Android_Dev/vector/src/main/java/im/vector/app/core/epoxy/bottomsheet/BottomSheetSendStateItem.kt, /home/codenia/Videos/OZ-Chat_Prod_23_Mar_bgNoti_working/OZ-Chat_Prod/20251125_OZ-Chat_Android_App/OZ-Chat_Android_Dev/vector/src/main/java/im/vector/app/core/epoxy/bottomsheet/BottomSheetRoomPreviewItem.kt, /home/codenia/Videos/OZ-Chat_Prod_23_Mar_bgNoti_working/OZ-Chat_Prod/20251125_OZ-Chat_Android_App/OZ-Chat_Android_Dev/vector/src/main/java/im/vector/app/core/epoxy/bottomsheet/BottomSheetQuickReactionsItem.kt, /home/codenia/Videos/OZ-Chat_Prod_23_Mar_bgNoti_working/OZ-Chat_Prod/20251125_OZ-Chat_Android_App/OZ-Chat_Android_Dev/vector/src/main/java/im/vector/app/core/epoxy/VectorEpoxyFormExt.kt, /home/codenia/Videos/OZ-Chat_Prod_23_Mar_bgNoti_working/OZ-Chat_Prod/20251125_OZ-Chat_Android_App/OZ-Chat_Android_Dev/vector/src/main/java/im/vector/app/core/epoxy/FontScaleItem.kt, /home/codenia/Videos/OZ-Chat_Prod_23_Mar_bgNoti_working/OZ-Chat_Prod/20251125_OZ-Chat_Android_App/OZ-Chat_Android_Dev/vector/src/main/java/im/vector/app/core/epoxy/SquareLoadingItem.kt, /home/codenia/Videos/OZ-Chat_Prod_23_Mar_bgNoti_working/OZ-Chat_Prod/20251125_OZ-Chat_Android_App/OZ-Chat_Android_Dev/vector/src/main/java/im/vector/app/core/epoxy/LoadingItem.kt, /home/codenia/Videos/OZ-Chat_Prod_23_Mar_bgNoti_working/OZ-Chat_Prod/20251125_OZ-Chat_Android_App/OZ-Chat_Android_Dev/vector/src/main/java/im/vector/app/core/epoxy/FontScaleSectionItem.kt, /home/codenia/Videos/OZ-Chat_Prod_23_Mar_bgNoti_working/OZ-Chat_Prod/20251125_OZ-Chat_Android_App/OZ-Chat_Android_Dev/vector/src/main/java/im/vector/app/core/epoxy/NoResultItem.kt, /home/codenia/Videos/OZ-Chat_Prod_23_Mar_bgNoti_working/OZ-Chat_Prod/20251125_OZ-Chat_Android_App/OZ-Chat_Android_Dev/vector/src/main/java/im/vector/app/core/epoxy/ZeroItem.kt, /home/codenia/Videos/OZ-Chat_Prod_23_Mar_bgNoti_working/OZ-Chat_Prod/20251125_OZ-Chat_Android_App/OZ-Chat_Android_Dev/vector/src/main/java/im/vector/app/core/epoxy/VectorEpoxyModel.kt, /home/codenia/Videos/OZ-Chat_Prod_23_Mar_bgNoti_working/OZ-Chat_Prod/20251125_OZ-Chat_Android_App/OZ-Chat_Android_Dev/vector/src/main/java/im/vector/app/core/epoxy/attributes/ButtonType.kt, /home/codenia/Videos/OZ-Chat_Prod_23_Mar_bgNoti_working/OZ-Chat_Prod/20251125_OZ-Chat_Android_App/OZ-Chat_Android_Dev/vector/src/main/java/im/vector/app/core/epoxy/attributes/ButtonStyle.kt, /home/codenia/Videos/OZ-Chat_Prod_23_Mar_bgNoti_working/OZ-Chat_Prod/20251125_OZ-Chat_Android_App/OZ-Chat_Android_Dev/vector/src/main/java/im/vector/app/core/epoxy/attributes/IconMode.kt, /home/codenia/Videos/OZ-Chat_Prod_23_Mar_bgNoti_working/OZ-Chat_Prod/20251125_OZ-Chat_Android_App/OZ-Chat_Android_Dev/vector/src/main/java/im/vector/app/core/epoxy/profiles/ProfileItemExtensions.kt, /home/codenia/Videos/OZ-Chat_Prod_23_Mar_bgNoti_working/OZ-Chat_Prod/20251125_OZ-Chat_Android_App/OZ-Chat_Android_Dev/vector/src/main/java/im/vector/app/core/epoxy/profiles/ProfileMatrixItemWithPowerLevelWithPresence.kt, /home/codenia/Videos/OZ-Chat_Prod_23_Mar_bgNoti_working/OZ-Chat_Prod/20251125_OZ-Chat_Android_App/OZ-Chat_Android_Dev/vector/src/main/java/im/vector/app/core/epoxy/profiles/ProfileSectionItem.kt, /home/codenia/Videos/OZ-Chat_Prod_23_Mar_bgNoti_working/OZ-Chat_Prod/20251125_OZ-Chat_Android_App/OZ-Chat_Android_Dev/vector/src/main/java/im/vector/app/core/epoxy/profiles/notifications/RadioButtonItem.kt, /home/codenia/Videos/OZ-Chat_Prod_23_Mar_bgNoti_working/OZ-Chat_Prod/20251125_OZ-Chat_Android_App/OZ-Chat_Android_Dev/vector/src/main/java/im/vector/app/core/epoxy/profiles/notifications/NotificationSettingsFooterItem.kt, /home/codenia/Videos/OZ-Chat_Prod_23_Mar_bgNoti_working/OZ-Chat_Prod/20251125_OZ-Chat_Android_App/OZ-Chat_Android_Dev/vector/src/main/java/im/vector/app/core/epoxy/profiles/notifications/TextHeaderItem.kt, /home/codenia/Videos/OZ-Chat_Prod_23_Mar_bgNoti_working/OZ-Chat_Prod/20251125_OZ-Chat_Android_App/OZ-Chat_Android_Dev/vector/src/main/java/im/vector/app/core/epoxy/profiles/ProfileMatrixItemWithProgress.kt, /home/codenia/Videos/OZ-Chat_Prod_23_Mar_bgNoti_working/OZ-Chat_Prod/20251125_OZ-Chat_Android_App/OZ-Chat_Android_Dev/vector/src/main/java/im/vector/app/core/epoxy/profiles/ProfileMatrixItemWithPowerLevel.kt, /home/codenia/Videos/OZ-Chat_Prod_23_Mar_bgNoti_working/OZ-Chat_Prod/20251125_OZ-Chat_Android_App/OZ-Chat_Android_Dev/vector/src/main/java/im/vector/app/core/epoxy/profiles/ProfileActionItem.kt, /home/codenia/Videos/OZ-Chat_Prod_23_Mar_bgNoti_working/OZ-Chat_Prod/20251125_OZ-Chat_Android_App/OZ-Chat_Android_Dev/vector/src/main/java/im/vector/app/core/epoxy/profiles/ProfileMatrixItem.kt, /home/codenia/Videos/OZ-Chat_Prod_23_Mar_bgNoti_working/OZ-Chat_Prod/20251125_OZ-Chat_Android_App/OZ-Chat_Android_Dev/vector/src/main/java/im/vector/app/core/epoxy/profiles/BaseProfileMatrixItem.kt, /home/codenia/Videos/OZ-Chat_Prod_23_Mar_bgNoti_working/OZ-Chat_Prod/20251125_OZ-Chat_Android_App/OZ-Chat_Android_Dev/vector/src/main/java/im/vector/app/core/epoxy/CheckBoxItem.kt, /home/codenia/Videos/OZ-Chat_Prod_23_Mar_bgNoti_working/OZ-Chat_Prod/20251125_OZ-Chat_Android_App/OZ-Chat_Android_Dev/vector/src/main/java/im/vector/app/core/epoxy/ErrorWithRetryItem.kt, /home/codenia/Videos/OZ-Chat_Prod_23_Mar_bgNoti_working/OZ-Chat_Prod/20251125_OZ-Chat_Android_App/OZ-Chat_Android_Dev/vector/src/main/java/im/vector/app/core/utils/Dialogs.kt, /home/codenia/Videos/OZ-Chat_Prod_23_Mar_bgNoti_working/OZ-Chat_Prod/20251125_OZ-Chat_Android_App/OZ-Chat_Android_Dev/vector/src/main/java/im/vector/app/core/utils/PermissionsTools.kt, /home/codenia/Videos/OZ-Chat_Prod_23_Mar_bgNoti_working/OZ-Chat_Prod/20251125_OZ-Chat_Android_App/OZ-Chat_Android_Dev/vector/src/main/java/im/vector/app/core/utils/EvenBetterLinkMovementMethod.kt, /home/codenia/Videos/OZ-Chat_Prod_23_Mar_bgNoti_working/OZ-Chat_Prod/20251125_OZ-Chat_Android_App/OZ-Chat_Android_Dev/vector/src/main/java/im/vector/app/core/utils/Debouncer.kt, /home/codenia/Videos/OZ-Chat_Prod_23_Mar_bgNoti_working/OZ-Chat_Prod/20251125_OZ-Chat_Android_App/OZ-Chat_Android_Dev/vector/src/main/java/im/vector/app/core/utils/SpannableUtils.kt, /home/codenia/Videos/OZ-Chat_Prod_23_Mar_bgNoti_working/OZ-Chat_Prod/20251125_OZ-Chat_Android_App/OZ-Chat_Android_Dev/vector/src/main/java/im/vector/app/core/utils/CopyToClipboardUseCase.kt, /home/codenia/Videos/OZ-Chat_Prod_23_Mar_bgNoti_working/OZ-Chat_Prod/20251125_OZ-Chat_Android_App/OZ-Chat_Android_Dev/vector/src/main/java/im/vector/app/core/utils/KeyboardStateUtils.kt, /home/codenia/Videos/OZ-Chat_Prod_23_Mar_bgNoti_working/OZ-Chat_Prod/20251125_OZ-Chat_Android_App/OZ-Chat_Android_Dev/vector/src/main/java/im/vector/app/core/utils/ReadOnce.kt, /home/codenia/Videos/OZ-Chat_Prod_23_Mar_bgNoti_working/OZ-Chat_Prod/20251125_OZ-Chat_Android_App/OZ-Chat_Android_Dev/vector/src/main/java/im/vector/app/core/utils/StringUtils.kt, /home/codenia/Videos/OZ-Chat_Prod_23_Mar_bgNoti_working/OZ-Chat_Prod/20251125_OZ-Chat_Android_App/OZ-Chat_Android_Dev/vector/src/main/java/im/vector/app/core/utils/SnapHelperUtils.kt, /home/codenia/Videos/OZ-Chat_Prod_23_Mar_bgNoti_working/OZ-Chat_Prod/20251125_OZ-Chat_Android_App/OZ-Chat_Android_Dev/vector/src/main/java/im/vector/app/core/utils/LiveEvent.kt, /home/codenia/Videos/OZ-Chat_Prod_23_Mar_bgNoti_working/OZ-Chat_Prod/20251125_OZ-Chat_Android_App/OZ-Chat_Android_Dev/vector/src/main/java/im/vector/app/core/utils/TemporaryStore.kt, /home/codenia/Videos/OZ-Chat_Prod_23_Mar_bgNoti_working/OZ-Chat_Prod/20251125_OZ-Chat_Android_App/OZ-Chat_Android_Dev/vector/src/main/java/im/vector/app/core/utils/WeakReferenceDelegate.kt, /home/codenia/Videos/OZ-Chat_Prod_23_Mar_bgNoti_working/OZ-Chat_Prod/20251125_OZ-Chat_Android_App/OZ-Chat_Android_Dev/vector/src/main/java/im/vector/app/core/utils/Emoji.kt, /home/codenia/Videos/OZ-Chat_Prod_23_Mar_bgNoti_working/OZ-Chat_Prod/20251125_OZ-Chat_Android_App/OZ-Chat_Android_Dev/vector/src/main/java/im/vector/app/core/utils/DataSource.kt, /home/codenia/Videos/OZ-Chat_Prod_23_Mar_bgNoti_working/OZ-Chat_Prod/20251125_OZ-Chat_Android_App/OZ-Chat_Android_Dev/vector/src/main/java/im/vector/app/core/utils/ExternalApplicationsUtil.kt, /home/codenia/Videos/OZ-Chat_Prod_23_Mar_bgNoti_working/OZ-Chat_Prod/20251125_OZ-Chat_Android_App/OZ-Chat_Android_Dev/vector/src/main/java/im/vector/app/core/utils/SystemSettingsProvider.kt, /home/codenia/Videos/OZ-Chat_Prod_23_Mar_bgNoti_working/OZ-Chat_Prod/20251125_OZ-Chat_Android_App/OZ-Chat_Android_Dev/vector/src/main/java/im/vector/app/core/utils/SystemUtils.kt, /home/codenia/Videos/OZ-Chat_Prod_23_Mar_bgNoti_working/OZ-Chat_Prod/20251125_OZ-Chat_Android_App/OZ-Chat_Android_Dev/vector/src/main/java/im/vector/app/core/utils/ToggleableAppBarLayoutBehavior.kt, /home/codenia/Videos/OZ-Chat_Prod_23_Mar_bgNoti_working/OZ-Chat_Prod/20251125_OZ-Chat_Android_App/OZ-Chat_Android_Dev/vector/src/main/java/im/vector/app/core/utils/DebouncedClickListener.kt, /home/codenia/Videos/OZ-Chat_Prod_23_Mar_bgNoti_working/OZ-Chat_Prod/20251125_OZ-Chat_Android_App/OZ-Chat_Android_Dev/vector/src/main/java/im/vector/app/core/utils/LiveData.kt, /home/codenia/Videos/OZ-Chat_Prod_23_Mar_bgNoti_working/OZ-Chat_Prod/20251125_OZ-Chat_Android_App/OZ-Chat_Android_Dev/vector/src/main/java/im/vector/app/core/utils/ExpandingBottomSheetBehavior.kt, /home/codenia/Videos/OZ-Chat_Prod_23_Mar_bgNoti_working/OZ-Chat_Prod/20251125_OZ-Chat_Android_App/OZ-Chat_Android_Dev/vector/src/main/java/im/vector/app/core/utils/ViewUtils.kt, /home/codenia/Videos/OZ-Chat_Prod_23_Mar_bgNoti_working/OZ-Chat_Prod/20251125_OZ-Chat_Android_App/OZ-Chat_Android_Dev/vector/src/main/java/im/vector/app/core/utils/FirstThrottler.kt, /home/codenia/Videos/OZ-Chat_Prod_23_Mar_bgNoti_working/OZ-Chat_Prod/20251125_OZ-Chat_Android_App/OZ-Chat_Android_Dev/vector/src/main/java/im/vector/app/core/utils/SharedEvent.kt, /home/codenia/Videos/OZ-Chat_Prod_23_Mar_bgNoti_working/OZ-Chat_Prod/20251125_OZ-Chat_Android_App/OZ-Chat_Android_Dev/vector/src/main/java/im/vector/app/core/utils/TextUtils.kt, /home/codenia/Videos/OZ-Chat_Prod_23_Mar_bgNoti_working/OZ-Chat_Prod/20251125_OZ-Chat_Android_App/OZ-Chat_Android_Dev/vector/src/main/java/im/vector/app/core/utils/UrlUtils.kt, /home/codenia/Videos/OZ-Chat_Prod_23_Mar_bgNoti_working/OZ-Chat_Prod/20251125_OZ-Chat_Android_App/OZ-Chat_Android_Dev/vector/src/main/java/im/vector/app/core/utils/ComposeUtils.kt, /home/codenia/Videos/OZ-Chat_Prod_23_Mar_bgNoti_working/OZ-Chat_Prod/20251125_OZ-Chat_Android_App/OZ-Chat_Android_Dev/vector/src/main/java/im/vector/app/core/utils/RingtoneUtils.kt, /home/codenia/Videos/OZ-Chat_Prod_23_Mar_bgNoti_working/OZ-Chat_Prod/20251125_OZ-Chat_Android_App/OZ-Chat_Android_Dev/vector/src/main/java/im/vector/app/core/utils/DateUtilsExt.kt, /home/codenia/Videos/OZ-Chat_Prod_23_Mar_bgNoti_working/OZ-Chat_Prod/20251125_OZ-Chat_Android_App/OZ-Chat_Android_Dev/vector/src/main/java/im/vector/app/core/utils/ToolbarConfig.kt, /home/codenia/Videos/OZ-Chat_Prod_23_Mar_bgNoti_working/OZ-Chat_Prod/20251125_OZ-Chat_Android_App/OZ-Chat_Android_Dev/vector/src/main/java/im/vector/app/core/utils/FileUtils.kt, /home/codenia/Videos/OZ-Chat_Prod_23_Mar_bgNoti_working/OZ-Chat_Prod/20251125_OZ-Chat_Android_App/OZ-Chat_Android_Dev/vector/src/main/java/im/vector/app/core/utils/FirstItemUpdatedObserver.kt, /home/codenia/Videos/OZ-Chat_Prod_23_Mar_bgNoti_working/OZ-Chat_Prod/20251125_OZ-Chat_Android_App/OZ-Chat_Android_Dev/vector/src/main/java/im/vector/app/core/utils/Base32.kt, /home/codenia/Videos/OZ-Chat_Prod_23_Mar_bgNoti_working/OZ-Chat_Prod/20251125_OZ-Chat_Android_App/OZ-Chat_Android_Dev/vector/src/main/java/im/vector/app/core/utils/DimensionConverter.kt, /home/codenia/Videos/OZ-Chat_Prod_23_Mar_bgNoti_working/OZ-Chat_Prod/20251125_OZ-Chat_Android_App/OZ-Chat_Android_Dev/vector/src/main/java/im/vector/app/core/utils/JsonViewerStyler.kt, /home/codenia/Videos/OZ-Chat_Prod_23_Mar_bgNoti_working/OZ-Chat_Prod/20251125_OZ-Chat_Android_App/OZ-Chat_Android_Dev/vector/src/main/java/im/vector/app/core/utils/CheckWebViewPermissionsUseCase.kt, /home/codenia/Videos/OZ-Chat_Prod_23_Mar_bgNoti_working/OZ-Chat_Prod/20251125_OZ-Chat_Android_App/OZ-Chat_Android_Dev/vector/src/main/java/im/vector/app/core/utils/AssetReader.kt, /home/codenia/Videos/OZ-Chat_Prod_23_Mar_bgNoti_working/OZ-Chat_Prod/20251125_OZ-Chat_Android_App/OZ-Chat_Android_Dev/vector/src/main/java/im/vector/app/core/utils/Handler.kt, /home/codenia/Videos/OZ-Chat_Prod_23_Mar_bgNoti_working/OZ-Chat_Prod/20251125_OZ-Chat_Android_App/OZ-Chat_Android_Dev/vector/src/main/java/im/vector/app/core/ui/views/CurrentCallsViewPresenter.kt, /home/codenia/Videos/OZ-Chat_Prod_23_Mar_bgNoti_working/OZ-Chat_Prod/20251125_OZ-Chat_Android_App/OZ-Chat_Android_Dev/vector/src/main/java/im/vector/app/core/ui/views/SendStateImageView.kt, /home/codenia/Videos/OZ-Chat_Prod_23_Mar_bgNoti_working/OZ-Chat_Prod/20251125_OZ-Chat_Android_App/OZ-Chat_Android_Dev/vector/src/main/java/im/vector/app/core/ui/views/JoinConferenceView.kt, /home/codenia/Videos/OZ-Chat_Prod_23_Mar_bgNoti_working/OZ-Chat_Prod/20251125_OZ-Chat_Android_App/OZ-Chat_Android_Dev/vector/src/main/java/im/vector/app/core/ui/views/TypingMessageDotsView.kt, /home/codenia/Videos/OZ-Chat_Prod_23_Mar_bgNoti_working/OZ-Chat_Prod/20251125_OZ-Chat_Android_App/OZ-Chat_Android_Dev/vector/src/main/java/im/vector/app/core/ui/views/CompatKonfetti.kt, /home/codenia/Videos/OZ-Chat_Prod_23_Mar_bgNoti_working/OZ-Chat_Prod/20251125_OZ-Chat_Android_App/OZ-Chat_Android_Dev/vector/src/main/java/im/vector/app/core/ui/views/KeysBackupBanner.kt, /home/codenia/Videos/OZ-Chat_Prod_23_Mar_bgNoti_working/OZ-Chat_Prod/20251125_OZ-Chat_Android_App/OZ-Chat_Android_Dev/vector/src/main/java/im/vector/app/core/ui/views/NonScrollingTextView.kt, /home/codenia/Videos/OZ-Chat_Prod_23_Mar_bgNoti_working/OZ-Chat_Prod/20251125_OZ-Chat_Android_App/OZ-Chat_Android_Dev/vector/src/main/java/im/vector/app/core/ui/views/QrCodeImageView.kt, /home/codenia/Videos/OZ-Chat_Prod_23_Mar_bgNoti_working/OZ-Chat_Prod/20251125_OZ-Chat_Android_App/OZ-Chat_Android_Dev/vector/src/main/java/im/vector/app/core/ui/views/ShieldImageView.kt, /home/codenia/Videos/OZ-Chat_Prod_23_Mar_bgNoti_working/OZ-Chat_Prod/20251125_OZ-Chat_Android_App/OZ-Chat_Android_Dev/vector/src/main/java/im/vector/app/core/ui/views/CurrentCallsView.kt, /home/codenia/Videos/OZ-Chat_Prod_23_Mar_bgNoti_working/OZ-Chat_Prod/20251125_OZ-Chat_Android_App/OZ-Chat_Android_Dev/vector/src/main/java/im/vector/app/core/ui/views/NotificationAreaView.kt, /home/codenia/Videos/OZ-Chat_Prod_23_Mar_bgNoti_working/OZ-Chat_Prod/20251125_OZ-Chat_Android_App/OZ-Chat_Android_Dev/vector/src/main/java/im/vector/app/core/ui/views/BottomSheetActionButton.kt, /home/codenia/Videos/OZ-Chat_Prod_23_Mar_bgNoti_working/OZ-Chat_Prod/20251125_OZ-Chat_Android_App/OZ-Chat_Android_Dev/vector/src/main/java/im/vector/app/core/ui/views/PasswordStrengthBar.kt, /home/codenia/Videos/OZ-Chat_Prod_23_Mar_bgNoti_working/OZ-Chat_Prod/20251125_OZ-Chat_Android_App/OZ-Chat_Android_Dev/vector/src/main/java/im/vector/app/core/ui/views/FailedMessagesWarningView.kt, /home/codenia/Videos/OZ-Chat_Prod_23_Mar_bgNoti_working/OZ-Chat_Prod/20251125_OZ-Chat_Android_App/OZ-Chat_Android_Dev/vector/src/main/java/im/vector/app/core/ui/views/PresenceStateImageView.kt, /home/codenia/Videos/OZ-Chat_Prod_23_Mar_bgNoti_working/OZ-Chat_Prod/20251125_OZ-Chat_Android_App/OZ-Chat_Android_Dev/vector/src/main/java/im/vector/app/core/ui/views/ReadReceiptsView.kt, /home/codenia/Videos/OZ-Chat_Prod_23_Mar_bgNoti_working/OZ-Chat_Prod/20251125_OZ-Chat_Android_App/OZ-Chat_Android_Dev/vector/src/main/java/im/vector/app/core/ui/views/TypingMessageView.kt, /home/codenia/Videos/OZ-Chat_Prod_23_Mar_bgNoti_working/OZ-Chat_Prod/20251125_OZ-Chat_Android_App/OZ-Chat_Android_Dev/vector/src/main/java/im/vector/app/core/ui/views/TypingMessageAvatar.kt, /home/codenia/Videos/OZ-Chat_Prod_23_Mar_bgNoti_working/OZ-Chat_Prod/20251125_OZ-Chat_Android_App/OZ-Chat_Android_Dev/vector/src/main/java/im/vector/app/core/ui/compose/CommonComposeView.kt, /home/codenia/Videos/OZ-Chat_Prod_23_Mar_bgNoti_working/OZ-Chat_Prod/20251125_OZ-Chat_Android_App/OZ-Chat_Android_Dev/vector/src/main/java/im/vector/app/core/ui/compose/ModernPaginationLoader.kt, /home/codenia/Videos/OZ-Chat_Prod_23_Mar_bgNoti_working/OZ-Chat_Prod/20251125_OZ-Chat_Android_App/OZ-Chat_Android_Dev/vector/src/main/java/im/vector/app/core/ui/bottomsheet/BottomSheetGeneric.kt, /home/codenia/Videos/OZ-Chat_Prod_23_Mar_bgNoti_working/OZ-Chat_Prod/20251125_OZ-Chat_Android_App/OZ-Chat_Android_Dev/vector/src/main/java/im/vector/app/core/ui/bottomsheet/BottomSheetGenericState.kt, /home/codenia/Videos/OZ-Chat_Prod_23_Mar_bgNoti_working/OZ-Chat_Prod/20251125_OZ-Chat_Android_App/OZ-Chat_Android_Dev/vector/src/main/java/im/vector/app/core/ui/bottomsheet/BottomSheetGenericController.kt, /home/codenia/Videos/OZ-Chat_Prod_23_Mar_bgNoti_working/OZ-Chat_Prod/20251125_OZ-Chat_Android_App/OZ-Chat_Android_Dev/vector/src/main/java/im/vector/app/core/ui/bottomsheet/BottomSheetGenericSharedActionViewModel.kt, /home/codenia/Videos/OZ-Chat_Prod_23_Mar_bgNoti_working/OZ-Chat_Prod/20251125_OZ-Chat_Android_App/OZ-Chat_Android_Dev/vector/src/main/java/im/vector/app/core/ui/bottomsheet/BottomSheetGenericViewModel.kt, /home/codenia/Videos/OZ-Chat_Prod_23_Mar_bgNoti_working/OZ-Chat_Prod/20251125_OZ-Chat_Android_App/OZ-Chat_Android_Dev/vector/src/main/java/im/vector/app/core/ui/bottomsheet/BottomSheetTitleItem.kt, /home/codenia/Videos/OZ-Chat_Prod_23_Mar_bgNoti_working/OZ-Chat_Prod/20251125_OZ-Chat_Android_App/OZ-Chat_Android_Dev/vector/src/main/java/im/vector/app/core/ui/bottomsheet/BottomSheetGenericRadioAction.kt, /home/codenia/Videos/OZ-Chat_Prod_23_Mar_bgNoti_working/OZ-Chat_Prod/20251125_OZ-Chat_Android_App/OZ-Chat_Android_Dev/vector/src/main/java/im/vector/app/core/ui/model/Size.kt, /home/codenia/Videos/OZ-Chat_Prod_23_Mar_bgNoti_working/OZ-Chat_Prod/20251125_OZ-Chat_Android_App/OZ-Chat_Android_Dev/vector/src/main/java/im/vector/app/core/ui/list/GenericPositiveButtonItem.kt, /home/codenia/Videos/OZ-Chat_Prod_23_Mar_bgNoti_working/OZ-Chat_Prod/20251125_OZ-Chat_Android_App/OZ-Chat_Android_Dev/vector/src/main/java/im/vector/app/core/ui/list/GenericProgressBarItem.kt, /home/codenia/Videos/OZ-Chat_Prod_23_Mar_bgNoti_working/OZ-Chat_Prod/20251125_OZ-Chat_Android_App/OZ-Chat_Android_Dev/vector/src/main/java/im/vector/app/core/ui/list/GenericHeaderItem.kt, /home/codenia/Videos/OZ-Chat_Prod_23_Mar_bgNoti_working/OZ-Chat_Prod/20251125_OZ-Chat_Android_App/OZ-Chat_Android_Dev/vector/src/main/java/im/vector/app/core/ui/list/Action.kt, /home/codenia/Videos/OZ-Chat_Prod_23_Mar_bgNoti_working/OZ-Chat_Prod/20251125_OZ-Chat_Android_App/OZ-Chat_Android_Dev/vector/src/main/java/im/vector/app/core/ui/list/GenericPillItem.kt, /home/codenia/Videos/OZ-Chat_Prod_23_Mar_bgNoti_working/OZ-Chat_Prod/20251125_OZ-Chat_Android_App/OZ-Chat_Android_Dev/vector/src/main/java/im/vector/app/core/ui/list/GenericWithValueItem.kt, /home/codenia/Videos/OZ-Chat_Prod_23_Mar_bgNoti_working/OZ-Chat_Prod/20251125_OZ-Chat_Android_App/OZ-Chat_Android_Dev/vector/src/main/java/im/vector/app/core/ui/list/ButtonPositiveDestructiveButtonBarItem.kt, /home/codenia/Videos/OZ-Chat_Prod_23_Mar_bgNoti_working/OZ-Chat_Prod/20251125_OZ-Chat_Android_App/OZ-Chat_Android_Dev/vector/src/main/java/im/vector/app/core/ui/list/VerticalMarginItem.kt, /home/codenia/Videos/OZ-Chat_Prod_23_Mar_bgNoti_working/OZ-Chat_Prod/20251125_OZ-Chat_Android_App/OZ-Chat_Android_Dev/vector/src/main/java/im/vector/app/core/ui/list/GenericItem.kt, /home/codenia/Videos/OZ-Chat_Prod_23_Mar_bgNoti_working/OZ-Chat_Prod/20251125_OZ-Chat_Android_App/OZ-Chat_Android_Dev/vector/src/main/java/im/vector/app/core/ui/list/GenericEmptyWithActionItem.kt, /home/codenia/Videos/OZ-Chat_Prod_23_Mar_bgNoti_working/OZ-Chat_Prod/20251125_OZ-Chat_Android_App/OZ-Chat_Android_Dev/vector/src/main/java/im/vector/app/core/ui/list/GenericButtonItem.kt, /home/codenia/Videos/OZ-Chat_Prod_23_Mar_bgNoti_working/OZ-Chat_Prod/20251125_OZ-Chat_Android_App/OZ-Chat_Android_Dev/vector/src/main/java/im/vector/app/core/ui/list/ItemStyle.kt, /home/codenia/Videos/OZ-Chat_Prod_23_Mar_bgNoti_working/OZ-Chat_Prod/20251125_OZ-Chat_Android_App/OZ-Chat_Android_Dev/vector/src/main/java/im/vector/app/core/ui/list/GenericLoaderItem.kt, /home/codenia/Videos/OZ-Chat_Prod_23_Mar_bgNoti_working/OZ-Chat_Prod/20251125_OZ-Chat_Android_App/OZ-Chat_Android_Dev/vector/src/main/java/im/vector/app/core/ui/list/GenericFooterItem.kt, /home/codenia/Videos/OZ-Chat_Prod_23_Mar_bgNoti_working/OZ-Chat_Prod/20251125_OZ-Chat_Android_App/OZ-Chat_Android_Dev/vector/src/main/java/im/vector/app/core/device/GetDeviceInfoUseCase.kt, /home/codenia/Videos/OZ-Chat_Prod_23_Mar_bgNoti_working/OZ-Chat_Prod/20251125_OZ-Chat_Android_App/OZ-Chat_Android_Dev/vector/src/main/java/im/vector/app/core/animations/Constants.kt, /home/codenia/Videos/OZ-Chat_Prod_23_Mar_bgNoti_working/OZ-Chat_Prod/20251125_OZ-Chat_Android_App/OZ-Chat_Android_Dev/vector/src/main/java/im/vector/app/core/animations/Konfetti.kt, /home/codenia/Videos/OZ-Chat_Prod_23_Mar_bgNoti_working/OZ-Chat_Prod/20251125_OZ-Chat_Android_App/OZ-Chat_Android_Dev/vector/src/main/java/im/vector/app/core/animations/SimpleTransitionListener.kt, /home/codenia/Videos/OZ-Chat_Prod_23_Mar_bgNoti_working/OZ-Chat_Prod/20251125_OZ-Chat_Android_App/OZ-Chat_Android_Dev/vector/src/main/java/im/vector/app/core/animations/AppBarStateChangeListener.kt, /home/codenia/Videos/OZ-Chat_Prod_23_Mar_bgNoti_working/OZ-Chat_Prod/20251125_OZ-Chat_Android_App/OZ-Chat_Android_Dev/vector/src/main/java/im/vector/app/core/animations/SimpleAnimatorListener.kt, /home/codenia/Videos/OZ-Chat_Prod_23_Mar_bgNoti_working/OZ-Chat_Prod/20251125_OZ-Chat_Android_App/OZ-Chat_Android_Dev/vector/src/main/java/im/vector/app/core/animations/VectorFullTransitionSet.kt, /home/codenia/Videos/OZ-Chat_Prod_23_Mar_bgNoti_working/OZ-Chat_Prod/20251125_OZ-Chat_Android_App/OZ-Chat_Android_Dev/vector/src/main/java/im/vector/app/core/animations/MatrixItemAppBarStateChangeListener.kt, /home/codenia/Videos/OZ-Chat_Prod_23_Mar_bgNoti_working/OZ-Chat_Prod/20251125_OZ-Chat_Android_App/OZ-Chat_Android_Dev/vector/src/main/java/im/vector/app/core/datastore/DataStoreProvider.kt, /home/codenia/Videos/OZ-Chat_Prod_23_Mar_bgNoti_working/OZ-Chat_Prod/20251125_OZ-Chat_Android_App/OZ-Chat_Android_Dev/vector/src/main/java/im/vector/app/core/dialogs/GalleryOrCameraDialogHelper.kt, /home/codenia/Videos/OZ-Chat_Prod_23_Mar_bgNoti_working/OZ-Chat_Prod/20251125_OZ-Chat_Android_App/OZ-Chat_Android_Dev/vector/src/main/java/im/vector/app/core/dialogs/UnrecognizedCertificateDialog.kt, /home/codenia/Videos/OZ-Chat_Prod_23_Mar_bgNoti_working/OZ-Chat_Prod/20251125_OZ-Chat_Android_App/OZ-Chat_Android_Dev/vector/src/main/java/im/vector/app/core/dialogs/DialogLocker.kt, /home/codenia/Videos/OZ-Chat_Prod_23_Mar_bgNoti_working/OZ-Chat_Prod/20251125_OZ-Chat_Android_App/OZ-Chat_Android_Dev/vector/src/main/java/im/vector/app/core/dialogs/PhotoOrVideoDialog.kt, /home/codenia/Videos/OZ-Chat_Prod_23_Mar_bgNoti_working/OZ-Chat_Prod/20251125_OZ-Chat_Android_App/OZ-Chat_Android_Dev/vector/src/main/java/im/vector/app/core/dialogs/ManuallyVerifyDialog.kt, /home/codenia/Videos/OZ-Chat_Prod_23_Mar_bgNoti_working/OZ-Chat_Prod/20251125_OZ-Chat_Android_App/OZ-Chat_Android_Dev/vector/src/main/java/im/vector/app/core/dialogs/ConfirmationDialogBuilder.kt, /home/codenia/Videos/OZ-Chat_Prod_23_Mar_bgNoti_working/OZ-Chat_Prod/20251125_OZ-Chat_Android_App/OZ-Chat_Android_Dev/vector/src/main/java/im/vector/app/core/dialogs/GalleryOrCameraDialogHelperFactory.kt, /home/codenia/Videos/OZ-Chat_Prod_23_Mar_bgNoti_working/OZ-Chat_Prod/20251125_OZ-Chat_Android_App/OZ-Chat_Android_Dev/vector/src/main/java/im/vector/app/core/extensions/MvRxExtension.kt, /home/codenia/Videos/OZ-Chat_Prod_23_Mar_bgNoti_working/OZ-Chat_Prod/20251125_OZ-Chat_Android_App/OZ-Chat_Android_Dev/vector/src/main/java/im/vector/app/core/extensions/ConstraintLayout.kt, /home/codenia/Videos/OZ-Chat_Prod_23_Mar_bgNoti_working/OZ-Chat_Prod/20251125_OZ-Chat_Android_App/OZ-Chat_Android_Dev/vector/src/main/java/im/vector/app/core/extensions/ResultExtensions.kt, /home/codenia/Videos/OZ-Chat_Prod_23_Mar_bgNoti_working/OZ-Chat_Prod/20251125_OZ-Chat_Android_App/OZ-Chat_Android_Dev/vector/src/main/java/im/vector/app/core/extensions/String.kt, /home/codenia/Videos/OZ-Chat_Prod_23_Mar_bgNoti_working/OZ-Chat_Prod/20251125_OZ-Chat_Android_App/OZ-Chat_Android_Dev/vector/src/main/java/im/vector/app/core/extensions/BasicExtensions.kt, /home/codenia/Videos/OZ-Chat_Prod_23_Mar_bgNoti_working/OZ-Chat_Prod/20251125_OZ-Chat_Android_App/OZ-Chat_Android_Dev/vector/src/main/java/im/vector/app/core/extensions/UriExtensions.kt, /home/codenia/Videos/OZ-Chat_Prod_23_Mar_bgNoti_working/OZ-Chat_Prod/20251125_OZ-Chat_Android_App/OZ-Chat_Android_Dev/vector/src/main/java/im/vector/app/core/extensions/TextInputLayout.kt, /home/codenia/Videos/OZ-Chat_Prod_23_Mar_bgNoti_working/OZ-Chat_Prod/20251125_OZ-Chat_Android_App/OZ-Chat_Android_Dev/vector/src/main/java/im/vector/app/core/extensions/ThreePid.kt, /home/codenia/Videos/OZ-Chat_Prod_23_Mar_bgNoti_working/OZ-Chat_Prod/20251125_OZ-Chat_Android_App/OZ-Chat_Android_Dev/vector/src/main/java/im/vector/app/core/extensions/Context.kt, /home/codenia/Videos/OZ-Chat_Prod_23_Mar_bgNoti_working/OZ-Chat_Prod/20251125_OZ-Chat_Android_App/OZ-Chat_Android_Dev/vector/src/main/java/im/vector/app/core/extensions/Job.kt, /home/codenia/Videos/OZ-Chat_Prod_23_Mar_bgNoti_working/OZ-Chat_Prod/20251125_OZ-Chat_Android_App/OZ-Chat_Android_Dev/vector/src/main/java/im/vector/app/core/extensions/LiveData.kt, /home/codenia/Videos/OZ-Chat_Prod_23_Mar_bgNoti_working/OZ-Chat_Prod/20251125_OZ-Chat_Android_App/OZ-Chat_Android_Dev/vector/src/main/java/im/vector/app/core/extensions/Activity.kt, /home/codenia/Videos/OZ-Chat_Prod_23_Mar_bgNoti_working/OZ-Chat_Prod/20251125_OZ-Chat_Android_App/OZ-Chat_Android_Dev/vector/src/main/java/im/vector/app/core/extensions/Session.kt, /home/codenia/Videos/OZ-Chat_Prod_23_Mar_bgNoti_working/OZ-Chat_Prod/20251125_OZ-Chat_Android_App/OZ-Chat_Android_Dev/vector/src/main/java/im/vector/app/core/extensions/Fragment.kt, /home/codenia/Videos/OZ-Chat_Prod_23_Mar_bgNoti_working/OZ-Chat_Prod/20251125_OZ-Chat_Android_App/OZ-Chat_Android_Dev/vector/src/main/java/im/vector/app/core/extensions/RecyclerView.kt, /home/codenia/Videos/OZ-Chat_Prod_23_Mar_bgNoti_working/OZ-Chat_Prod/20251125_OZ-Chat_Android_App/OZ-Chat_Android_Dev/vector/src/main/java/im/vector/app/core/extensions/ViewExtensions.kt, /home/codenia/Videos/OZ-Chat_Prod_23_Mar_bgNoti_working/OZ-Chat_Prod/20251125_OZ-Chat_Android_App/OZ-Chat_Android_Dev/vector/src/main/java/im/vector/app/core/extensions/Set.kt, /home/codenia/Videos/OZ-Chat_Prod_23_Mar_bgNoti_working/OZ-Chat_Prod/20251125_OZ-Chat_Android_App/OZ-Chat_Android_Dev/vector/src/main/java/im/vector/app/core/extensions/Iterable.kt, /home/codenia/Videos/OZ-Chat_Prod_23_Mar_bgNoti_working/OZ-Chat_Prod/20251125_OZ-Chat_Android_App/OZ-Chat_Android_Dev/vector/src/main/java/im/vector/app/core/extensions/View.kt, /home/codenia/Videos/OZ-Chat_Prod_23_Mar_bgNoti_working/OZ-Chat_Prod/20251125_OZ-Chat_Android_App/OZ-Chat_Android_Dev/vector/src/main/java/im/vector/app/core/extensions/TimelineEvent.kt, /home/codenia/Videos/OZ-Chat_Prod_23_Mar_bgNoti_working/OZ-Chat_Prod/20251125_OZ-Chat_Android_App/OZ-Chat_Android_Dev/vector/src/main/java/im/vector/app/core/extensions/Throwable.kt, /home/codenia/Videos/OZ-Chat_Prod_23_Mar_bgNoti_working/OZ-Chat_Prod/20251125_OZ-Chat_Android_App/OZ-Chat_Android_Dev/vector/src/main/java/im/vector/app/core/extensions/Service.kt, /home/codenia/Videos/OZ-Chat_Prod_23_Mar_bgNoti_working/OZ-Chat_Prod/20251125_OZ-Chat_Android_App/OZ-Chat_Android_Dev/vector/src/main/java/im/vector/app/core/extensions/EditText.kt, /home/codenia/Videos/OZ-Chat_Prod_23_Mar_bgNoti_working/OZ-Chat_Prod/20251125_OZ-Chat_Android_App/OZ-Chat_Android_Dev/vector/src/main/java/im/vector/app/core/extensions/Parcelable.kt, /home/codenia/Videos/OZ-Chat_Prod_23_Mar_bgNoti_working/OZ-Chat_Prod/20251125_OZ-Chat_Android_App/OZ-Chat_Android_Dev/vector/src/main/java/im/vector/app/core/extensions/MavericksViewModel.kt, /home/codenia/Videos/OZ-Chat_Prod_23_Mar_bgNoti_working/OZ-Chat_Prod/20251125_OZ-Chat_Android_App/OZ-Chat_Android_Dev/vector/src/main/java/im/vector/app/core/extensions/Event.kt, /home/codenia/Videos/OZ-Chat_Prod_23_Mar_bgNoti_working/OZ-Chat_Prod/20251125_OZ-Chat_Android_App/OZ-Chat_Android_Dev/vector/src/main/java/im/vector/app/core/extensions/ViewPager2.kt, /home/codenia/Videos/OZ-Chat_Prod_23_Mar_bgNoti_working/OZ-Chat_Prod/20251125_OZ-Chat_Android_App/OZ-Chat_Android_Dev/vector/src/main/java/im/vector/app/core/extensions/FragmentManager.kt, /home/codenia/Videos/OZ-Chat_Prod_23_Mar_bgNoti_working/OZ-Chat_Prod/20251125_OZ-Chat_Android_App/OZ-Chat_Android_Dev/vector/src/main/java/im/vector/app/core/extensions/Integer.kt, /home/codenia/Videos/OZ-Chat_Prod_23_Mar_bgNoti_working/OZ-Chat_Prod/20251125_OZ-Chat_Android_App/OZ-Chat_Android_Dev/vector/src/main/java/im/vector/app/core/extensions/Collections.kt, /home/codenia/Videos/OZ-Chat_Prod_23_Mar_bgNoti_working/OZ-Chat_Prod/20251125_OZ-Chat_Android_App/OZ-Chat_Android_Dev/vector/src/main/java/im/vector/app/core/extensions/UrlExtensions.kt, /home/codenia/Videos/OZ-Chat_Prod_23_Mar_bgNoti_working/OZ-Chat_Prod/20251125_OZ-Chat_Android_App/OZ-Chat_Android_Dev/vector/src/main/java/im/vector/app/core/extensions/Flow.kt, /home/codenia/Videos/OZ-Chat_Prod_23_Mar_bgNoti_working/OZ-Chat_Prod/20251125_OZ-Chat_Android_App/OZ-Chat_Android_Dev/vector/src/main/java/im/vector/app/core/extensions/MenuItemExt.kt, /home/codenia/Videos/OZ-Chat_Prod_23_Mar_bgNoti_working/OZ-Chat_Prod/20251125_OZ-Chat_Android_App/OZ-Chat_Android_Dev/vector/src/main/java/im/vector/app/core/extensions/TextView.kt, /home/codenia/Videos/OZ-Chat_Prod_23_Mar_bgNoti_working/OZ-Chat_Prod/20251125_OZ-Chat_Android_App/OZ-Chat_Android_Dev/vector/src/main/java/im/vector/app/core/notification/NotificationsSettingUpdater.kt, /home/codenia/Videos/OZ-Chat_Prod_23_Mar_bgNoti_working/OZ-Chat_Prod/20251125_OZ-Chat_Android_App/OZ-Chat_Android_Dev/vector/src/main/java/im/vector/app/core/notification/UpdateEnableNotificationsSettingOnChangeUseCase.kt, /home/codenia/Videos/OZ-Chat_Prod_23_Mar_bgNoti_working/OZ-Chat_Prod/20251125_OZ-Chat_Android_App/OZ-Chat_Android_Dev/vector/src/main/java/im/vector/app/core/notification/PushRulesUpdater.kt, /home/codenia/Videos/OZ-Chat_Prod_23_Mar_bgNoti_working/OZ-Chat_Prod/20251125_OZ-Chat_Android_App/OZ-Chat_Android_Dev/vector/src/main/java/im/vector/app/core/network/OkHttp.kt, /home/codenia/Videos/OZ-Chat_Prod_23_Mar_bgNoti_working/OZ-Chat_Prod/20251125_OZ-Chat_Android_App/OZ-Chat_Android_Dev/vector/src/main/java/im/vector/app/core/network/WifiDetector.kt, /home/codenia/Videos/OZ-Chat_Prod_23_Mar_bgNoti_working/OZ-Chat_Prod/20251125_OZ-Chat_Android_App/OZ-Chat_Android_Dev/vector/src/main/java/im/vector/app/core/network/NetworkConnectionMonitor.kt, /home/codenia/Videos/OZ-Chat_Prod_23_Mar_bgNoti_working/OZ-Chat_Prod/20251125_OZ-Chat_Android_App/OZ-Chat_Android_Dev/vector/src/main/java/im/vector/app/core/preference/UserAvatarPreference.kt, /home/codenia/Videos/OZ-Chat_Prod_23_Mar_bgNoti_working/OZ-Chat_Prod/20251125_OZ-Chat_Android_App/OZ-Chat_Android_Dev/vector/src/main/java/im/vector/app/core/preference/PushRulePreference.kt, /home/codenia/Videos/OZ-Chat_Prod_23_Mar_bgNoti_working/OZ-Chat_Prod/20251125_OZ-Chat_Android_App/OZ-Chat_Android_Dev/vector/src/main/java/im/vector/app/core/preference/VectorSwitchPreference.kt, /home/codenia/Videos/OZ-Chat_Prod_23_Mar_bgNoti_working/OZ-Chat_Prod/20251125_OZ-Chat_Android_App/OZ-Chat_Android_Dev/vector/src/main/java/im/vector/app/core/preference/VectorPreferenceCategory.kt, /home/codenia/Videos/OZ-Chat_Prod_23_Mar_bgNoti_working/OZ-Chat_Prod/20251125_OZ-Chat_Android_App/OZ-Chat_Android_Dev/vector/src/main/java/im/vector/app/core/preference/VectorCheckboxPreference.kt, /home/codenia/Videos/OZ-Chat_Prod_23_Mar_bgNoti_working/OZ-Chat_Prod/20251125_OZ-Chat_Android_App/OZ-Chat_Android_Dev/vector/src/main/java/im/vector/app/core/preference/VectorListPreference.kt, /home/codenia/Videos/OZ-Chat_Prod_23_Mar_bgNoti_working/OZ-Chat_Prod/20251125_OZ-Chat_Android_App/OZ-Chat_Android_Dev/vector/src/main/java/im/vector/app/core/preference/ProgressBarPreference.kt, /home/codenia/Videos/OZ-Chat_Prod_23_Mar_bgNoti_working/OZ-Chat_Prod/20251125_OZ-Chat_Android_App/OZ-Chat_Android_Dev/vector/src/main/java/im/vector/app/core/preference/VectorEditTextPreference.kt, /home/codenia/Videos/OZ-Chat_Prod_23_Mar_bgNoti_working/OZ-Chat_Prod/20251125_OZ-Chat_Android_App/OZ-Chat_Android_Dev/vector/src/main/java/im/vector/app/core/preference/KeywordPreference.kt, /home/codenia/Videos/OZ-Chat_Prod_23_Mar_bgNoti_working/OZ-Chat_Prod/20251125_OZ-Chat_Android_App/OZ-Chat_Android_Dev/vector/src/main/java/im/vector/app/core/preference/VectorPreference.kt, /home/codenia/Videos/OZ-Chat_Prod_23_Mar_bgNoti_working/OZ-Chat_Prod/20251125_OZ-Chat_Android_App/OZ-Chat_Android_Dev/vector/src/main/java/im/vector/app/core/error/ErrorFormatter.kt, /home/codenia/Videos/OZ-Chat_Prod_23_Mar_bgNoti_working/OZ-Chat_Prod/20251125_OZ-Chat_Android_App/OZ-Chat_Android_Dev/vector/src/main/java/im/vector/app/core/error/fatal.kt, /home/codenia/Videos/OZ-Chat_Prod_23_Mar_bgNoti_working/OZ-Chat_Prod/20251125_OZ-Chat_Android_App/OZ-Chat_Android_Dev/vector/src/main/java/im/vector/app/core/error/ResourceLimitErrorFormatter.kt, /home/codenia/Videos/OZ-Chat_Prod_23_Mar_bgNoti_working/OZ-Chat_Prod/20251125_OZ-Chat_Android_App/OZ-Chat_Android_Dev/vector/src/main/java/im/vector/app/core/hardware/HardwareInfo.kt, /home/codenia/Videos/OZ-Chat_Prod_23_Mar_bgNoti_working/OZ-Chat_Prod/20251125_OZ-Chat_Android_App/OZ-Chat_Android_Dev/vector/src/main/java/im/vector/app/core/hardware/vibrator.kt, /home/codenia/Videos/OZ-Chat_Prod_23_Mar_bgNoti_working/OZ-Chat_Prod/20251125_OZ-Chat_Android_App/OZ-Chat_Android_Dev/vector/src/main/java/im/vector/app/core/linkify/VectorLinkify.kt, /home/codenia/Videos/OZ-Chat_Prod_23_Mar_bgNoti_working/OZ-Chat_Prod/20251125_OZ-Chat_Android_App/OZ-Chat_Android_Dev/vector/src/main/java/im/vector/app/core/linkify/VectorAutoLinkPatterns.kt, /home/codenia/Videos/OZ-Chat_Prod_23_Mar_bgNoti_working/OZ-Chat_Prod/20251125_OZ-Chat_Android_App/OZ-Chat_Android_Dev/vector/src/main/java/im/vector/app/core/debug/FlipperProxy.kt, /home/codenia/Videos/OZ-Chat_Prod_23_Mar_bgNoti_working/OZ-Chat_Prod/20251125_OZ-Chat_Android_App/OZ-Chat_Android_Dev/vector/src/main/java/im/vector/app/core/debug/DebugReceiver.kt, /home/codenia/Videos/OZ-Chat_Prod_23_Mar_bgNoti_working/OZ-Chat_Prod/20251125_OZ-Chat_Android_App/OZ-Chat_Android_Dev/vector/src/main/java/im/vector/app/core/debug/LeakDetector.kt, /home/codenia/Videos/OZ-Chat_Prod_23_Mar_bgNoti_working/OZ-Chat_Prod/20251125_OZ-Chat_Android_App/OZ-Chat_Android_Dev/vector/src/main/java/im/vector/app/core/debug/DebugNavigator.kt, /home/codenia/Videos/OZ-Chat_Prod_23_Mar_bgNoti_working/OZ-Chat_Prod/20251125_OZ-Chat_Android_App/OZ-Chat_Android_Dev/vector/src/main/java/im/vector/app/core/glide/MyAppGlideModule.kt, /home/codenia/Videos/OZ-Chat_Prod_23_Mar_bgNoti_working/OZ-Chat_Prod/20251125_OZ-Chat_Android_App/OZ-Chat_Android_Dev/vector/src/main/java/im/vector/app/core/glide/ImageContentRendererDataLoader.kt, /home/codenia/Videos/OZ-Chat_Prod_23_Mar_bgNoti_working/OZ-Chat_Prod/20251125_OZ-Chat_Android_App/OZ-Chat_Android_Dev/vector/src/main/java/im/vector/app/core/glide/ElementToDecryptOption.kt, /home/codenia/Videos/OZ-Chat_Prod_23_Mar_bgNoti_working/OZ-Chat_Prod/20251125_OZ-Chat_Android_App/OZ-Chat_Android_Dev/vector/src/main/java/im/vector/app/core/glide/AuthenticatedGlideUrlLoader.kt, /home/codenia/Videos/OZ-Chat_Prod_23_Mar_bgNoti_working/OZ-Chat_Prod/20251125_OZ-Chat_Android_App/OZ-Chat_Android_Dev/vector/src/main/java/im/vector/app/core/glide/AvatarPlaceholder.kt, /home/codenia/Videos/OZ-Chat_Prod_23_Mar_bgNoti_working/OZ-Chat_Prod/20251125_OZ-Chat_Android_App/OZ-Chat_Android_Dev/vector/src/main/java/im/vector/app/core/receiver/RebootReceiver.kt, /home/codenia/Videos/OZ-Chat_Prod_23_Mar_bgNoti_working/OZ-Chat_Prod/20251125_OZ-Chat_Android_App/OZ-Chat_Android_Dev/vector/src/main/java/im/vector/app/core/resources/DateProvider.kt, /home/codenia/Videos/OZ-Chat_Prod_23_Mar_bgNoti_working/OZ-Chat_Prod/20251125_OZ-Chat_Android_App/OZ-Chat_Android_Dev/vector/src/main/java/im/vector/app/core/resources/ColorProvider.kt, /home/codenia/Videos/OZ-Chat_Prod_23_Mar_bgNoti_working/OZ-Chat_Prod/20251125_OZ-Chat_Android_App/OZ-Chat_Android_Dev/vector/src/main/java/im/vector/app/core/resources/UserPreferencesProvider.kt, /home/codenia/Videos/OZ-Chat_Prod_23_Mar_bgNoti_working/OZ-Chat_Prod/20251125_OZ-Chat_Android_App/OZ-Chat_Android_Dev/vector/src/main/java/im/vector/app/core/resources/VersionCodeProvider.kt, /home/codenia/Videos/OZ-Chat_Prod_23_Mar_bgNoti_working/OZ-Chat_Prod/20251125_OZ-Chat_Android_App/OZ-Chat_Android_Dev/vector/src/main/java/im/vector/app/core/resources/Resource.kt, /home/codenia/Videos/OZ-Chat_Prod_23_Mar_bgNoti_working/OZ-Chat_Prod/20251125_OZ-Chat_Android_App/OZ-Chat_Android_Dev/vector/src/main/java/im/vector/app/core/resources/AppNameProvider.kt, /home/codenia/Videos/OZ-Chat_Prod_23_Mar_bgNoti_working/OZ-Chat_Prod/20251125_OZ-Chat_Android_App/OZ-Chat_Android_Dev/vector/src/main/java/im/vector/app/core/resources/LocaleProvider.kt, /home/codenia/Videos/OZ-Chat_Prod_23_Mar_bgNoti_working/OZ-Chat_Prod/20251125_OZ-Chat_Android_App/OZ-Chat_Android_Dev/vector/src/main/java/im/vector/app/core/resources/StringProvider.kt, /home/codenia/Videos/OZ-Chat_Prod_23_Mar_bgNoti_working/OZ-Chat_Prod/20251125_OZ-Chat_Android_App/OZ-Chat_Android_Dev/vector/src/main/java/im/vector/app/core/resources/DrawableProvider.kt, /home/codenia/Videos/OZ-Chat_Prod_23_Mar_bgNoti_working/OZ-Chat_Prod/20251125_OZ-Chat_Android_App/OZ-Chat_Android_Dev/vector/src/main/java/im/vector/app/core/resources/StringArrayProvider.kt, /home/codenia/Videos/OZ-Chat_Prod_23_Mar_bgNoti_working/OZ-Chat_Prod/20251125_OZ-Chat_Android_App/OZ-Chat_Android_Dev/vector/src/main/java/im/vector/app/core/resources/BuildMeta.kt, /home/codenia/Videos/OZ-Chat_Prod_23_Mar_bgNoti_working/OZ-Chat_Prod/20251125_OZ-Chat_Android_App/OZ-Chat_Android_Dev/vector/src/main/java/im/vector/app/core/mvrx/ResultExtension.kt, /home/codenia/Videos/OZ-Chat_Prod_23_Mar_bgNoti_working/OZ-Chat_Prod/20251125_OZ-Chat_Android_App/OZ-Chat_Android_Dev/vector/src/main/java/im/vector/app/core/files/FileSaver.kt, /home/codenia/Videos/OZ-Chat_Prod_23_Mar_bgNoti_working/OZ-Chat_Prod/20251125_OZ-Chat_Android_App/OZ-Chat_Android_Dev/vector/src/main/java/im/vector/app/core/files/LocalFilesHelper.kt, /home/codenia/Videos/OZ-Chat_Prod_23_Mar_bgNoti_working/OZ-Chat_Prod/20251125_OZ-Chat_Android_App/OZ-Chat_Android_Dev/vector/src/main/java/im/vector/app/core/services/BluetoothHeadsetReceiver.kt, /home/codenia/Videos/OZ-Chat_Prod_23_Mar_bgNoti_working/OZ-Chat_Prod/20251125_OZ-Chat_Android_App/OZ-Chat_Android_Dev/vector/src/main/java/im/vector/app/core/services/VectorSyncAndroidService.kt, /home/codenia/Videos/OZ-Chat_Prod_23_Mar_bgNoti_working/OZ-Chat_Prod/20251125_OZ-Chat_Android_App/OZ-Chat_Android_Dev/vector/src/main/java/im/vector/app/core/services/VectorAndroidService.kt, /home/codenia/Videos/OZ-Chat_Prod_23_Mar_bgNoti_working/OZ-Chat_Prod/20251125_OZ-Chat_Android_App/OZ-Chat_Android_Dev/vector/src/main/java/im/vector/app/core/services/CallRingPlayer.kt, /home/codenia/Videos/OZ-Chat_Prod_23_Mar_bgNoti_working/OZ-Chat_Prod/20251125_OZ-Chat_Android_App/OZ-Chat_Android_Dev/vector/src/main/java/im/vector/app/core/services/CallAndroidService.kt, /home/codenia/Videos/OZ-Chat_Prod_23_Mar_bgNoti_working/OZ-Chat_Prod/20251125_OZ-Chat_Android_App/OZ-Chat_Android_Dev/vector/src/main/java/im/vector/app/core/services/GuardServiceStarter.kt, /home/codenia/Videos/OZ-Chat_Prod_23_Mar_bgNoti_working/OZ-Chat_Prod/20251125_OZ-Chat_Android_App/OZ-Chat_Android_Dev/vector/src/main/java/im/vector/app/core/services/WiredHeadsetStateReceiver.kt, /home/codenia/Videos/OZ-Chat_Prod_23_Mar_bgNoti_working/OZ-Chat_Prod/20251125_OZ-Chat_Android_App/OZ-Chat_Android_Dev/vector/src/main/java/im/vector/app/core/dispatchers/CoroutineDispatchers.kt, /home/codenia/Videos/OZ-Chat_Prod_23_Mar_bgNoti_working/OZ-Chat_Prod/20251125_OZ-Chat_Android_App/OZ-Chat_Android_Dev/vector/src/main/java/im/vector/app/core/event/GetTimelineEventUseCase.kt, /home/codenia/Videos/OZ-Chat_Prod_23_Mar_bgNoti_working/OZ-Chat_Prod/20251125_OZ-Chat_Android_App/OZ-Chat_Android_Dev/vector/src/main/java/im/vector/app/core/contacts/ContactsDataSource.kt, /home/codenia/Videos/OZ-Chat_Prod_23_Mar_bgNoti_working/OZ-Chat_Prod/20251125_OZ-Chat_Android_App/OZ-Chat_Android_Dev/vector/src/main/java/im/vector/app/core/contacts/MappedContact.kt
Java source files: /home/codenia/Videos/OZ-Chat_Prod_23_Mar_bgNoti_working/OZ-Chat_Prod/20251125_OZ-Chat_Android_App/OZ-Chat_Android_Dev/vector/src/main/java/im/vector/app/features/call/telecom/CallConnectionService.java, /home/codenia/Videos/OZ-Chat_Prod_23_Mar_bgNoti_working/OZ-Chat_Prod/20251125_OZ-Chat_Android_App/OZ-Chat_Android_Dev/vector/src/main/java/im/vector/app/features/html/ListHandlerWithInitialStart.java, /home/codenia/Videos/OZ-Chat_Prod_23_Mar_bgNoti_working/OZ-Chat_Prod/20251125_OZ-Chat_Android_App/OZ-Chat_Android_Dev/vector/src/main/java/im/vector/app/features/rageshake/BugReporterMultipartBody.java, /home/codenia/Videos/OZ-Chat_Prod_23_Mar_bgNoti_working/OZ-Chat_Prod/20251125_OZ-Chat_Android_App/OZ-Chat_Android_Dev/vector/build/generated/source/buildConfig/gplayModern/debug/im/vector/app/BuildConfig.java, /home/codenia/Videos/OZ-Chat_Prod_23_Mar_bgNoti_working/OZ-Chat_Prod/20251125_OZ-Chat_Android_App/OZ-Chat_Android_Dev/vector/build/generated/data_binding_base_class_source_out/gplayModernDebug/out/im/vector/app/databinding/FragmentBootstrapErrorBinding.java, /home/codenia/Videos/OZ-Chat_Prod_23_Mar_bgNoti_working/OZ-Chat_Prod/20251125_OZ-Chat_Android_App/OZ-Chat_Android_Dev/vector/build/generated/data_binding_base_class_source_out/gplayModernDebug/out/im/vector/app/databinding/FragmentLoginResetPasswordMailConfirmationBinding.java, /home/codenia/Videos/OZ-Chat_Prod_23_Mar_bgNoti_working/OZ-Chat_Prod/20251125_OZ-Chat_Android_App/OZ-Chat_Android_Dev/vector/build/generated/data_binding_base_class_source_out/gplayModernDebug/out/im/vector/app/databinding/ViewAttachmentTypeSelectorBinding.java, /home/codenia/Videos/OZ-Chat_Prod_23_Mar_bgNoti_working/OZ-Chat_Prod/20251125_OZ-Chat_Android_App/OZ-Chat_Android_Dev/vector/build/generated/data_binding_base_class_source_out/gplayModernDebug/out/im/vector/app/databinding/FragmentBootstrapEnterPassphraseBinding.java, /home/codenia/Videos/OZ-Chat_Prod_23_Mar_bgNoti_working/OZ-Chat_Prod/20251125_OZ-Chat_Android_App/OZ-Chat_Android_Dev/vector/build/generated/data_binding_base_class_source_out/gplayModernDebug/out/im/vector/app/databinding/ViewSessionOverviewEntryBinding.java, /home/codenia/Videos/OZ-Chat_Prod_23_Mar_bgNoti_working/OZ-Chat_Prod/20251125_OZ-Chat_Android_App/OZ-Chat_Android_Dev/vector/build/generated/data_binding_base_class_source_out/gplayModernDebug/out/im/vector/app/databinding/ActivityCallBinding.java, /home/codenia/Videos/OZ-Chat_Prod_23_Mar_bgNoti_working/OZ-Chat_Prod/20251125_OZ-Chat_Android_App/OZ-Chat_Android_Dev/vector/build/generated/data_binding_base_class_source_out/gplayModernDebug/out/im/vector/app/databinding/ItemTimelineEventTextMessagePlainStubBinding.java, /home/codenia/Videos/OZ-Chat_Prod_23_Mar_bgNoti_working/OZ-Chat_Prod/20251125_OZ-Chat_Android_App/OZ-Chat_Android_Dev/vector/build/generated/data_binding_base_class_source_out/gplayModernDebug/out/im/vector/app/databinding/FragmentSsssAccessFromKeyBinding.java, /home/codenia/Videos/OZ-Chat_Prod_23_Mar_bgNoti_working/OZ-Chat_Prod/20251125_OZ-Chat_Android_App/OZ-Chat_Android_Dev/vector/build/generated/data_binding_base_class_source_out/gplayModernDebug/out/im/vector/app/databinding/BottomSheetRoomWidgetPermissionBinding.java, /home/codenia/Videos/OZ-Chat_Prod_23_Mar_bgNoti_working/OZ-Chat_Prod/20251125_OZ-Chat_Android_App/OZ-Chat_Android_Dev/vector/build/generated/data_binding_base_class_source_out/gplayModernDebug/out/im/vector/app/databinding/VectorSettingsSpinnerPreferenceBinding.java, /home/codenia/Videos/OZ-Chat_Prod_23_Mar_bgNoti_working/OZ-Chat_Prod/20251125_OZ-Chat_Android_App/OZ-Chat_Android_Dev/vector/build/generated/data_binding_base_class_source_out/gplayModernDebug/out/im/vector/app/databinding/ViewCodeCheckboxBinding.java, /home/codenia/Videos/OZ-Chat_Prod_23_Mar_bgNoti_working/OZ-Chat_Prod/20251125_OZ-Chat_Android_App/OZ-Chat_Android_Dev/vector/build/generated/data_binding_base_class_source_out/gplayModernDebug/out/im/vector/app/databinding/FragmentSetIdentityServerBinding.java, /home/codenia/Videos/OZ-Chat_Prod_23_Mar_bgNoti_working/OZ-Chat_Prod/20251125_OZ-Chat_Android_App/OZ-Chat_Android_Dev/vector/build/generated/data_binding_base_class_source_out/gplayModernDebug/out/im/vector/app/databinding/FragmentTimelineBinding.java, /home/codenia/Videos/OZ-Chat_Prod_23_Mar_bgNoti_working/OZ-Chat_Prod/20251125_OZ-Chat_Android_App/OZ-Chat_Android_Dev/vector/build/generated/data_binding_base_class_source_out/gplayModernDebug/out/im/vector/app/databinding/ReactionButtonBinding.java, /home/codenia/Videos/OZ-Chat_Prod_23_Mar_bgNoti_working/OZ-Chat_Prod/20251125_OZ-Chat_Android_App/OZ-Chat_Android_Dev/vector/build/generated/data_binding_base_class_source_out/gplayModernDebug/out/im/vector/app/databinding/TypingMessageLayoutBinding.java, /home/codenia/Videos/OZ-Chat_Prod_23_Mar_bgNoti_working/OZ-Chat_Prod/20251125_OZ-Chat_Android_App/OZ-Chat_Android_Dev/vector/build/generated/data_binding_base_class_source_out/gplayModernDebug/out/im/vector/app/databinding/ActivityBigImageViewerBinding.java, /home/codenia/Videos/OZ-Chat_Prod_23_Mar_bgNoti_working/OZ-Chat_Prod/20251125_OZ-Chat_Android_App/OZ-Chat_Android_Dev/vector/build/generated/data_binding_base_class_source_out/gplayModernDebug/out/im/vector/app/databinding/AlerterIncomingCallLayoutBinding.java, /home/codenia/Videos/OZ-Chat_Prod_23_Mar_bgNoti_working/OZ-Chat_Prod/20251125_OZ-Chat_Android_App/OZ-Chat_Android_Dev/vector/build/generated/data_binding_base_class_source_out/gplayModernDebug/out/im/vector/app/databinding/FragmentMatrixProfileBinding.java, /home/codenia/Videos/OZ-Chat_Prod_23_Mar_bgNoti_working/OZ-Chat_Prod/20251125_OZ-Chat_Android_App/OZ-Chat_Android_Dev/vector/build/generated/data_binding_base_class_source_out/gplayModernDebug/out/im/vector/app/databinding/FragmentLoginGenericTextInputFormBinding.java, /home/codenia/Videos/OZ-Chat_Prod_23_Mar_bgNoti_working/OZ-Chat_Prod/20251125_OZ-Chat_Android_App/OZ-Chat_Android_Dev/vector/build/generated/data_binding_base_class_source_out/gplayModernDebug/out/im/vector/app/databinding/FragmentFtueResetPasswordBreakerBinding.java, /home/codenia/Videos/OZ-Chat_Prod_23_Mar_bgNoti_working/OZ-Chat_Prod/20251125_OZ-Chat_Android_App/OZ-Chat_Android_Dev/vector/build/generated/data_binding_base_class_source_out/gplayModernDebug/out/im/vector/app/databinding/FragmentLockScreenBinding.java, /home/codenia/Videos/OZ-Chat_Prod_23_Mar_bgNoti_working/OZ-Chat_Prod/20251125_OZ-Chat_Android_App/OZ-Chat_Android_Dev/vector/build/generated/data_binding_base_class_source_out/gplayModernDebug/out/im/vector/app/databinding/FragmentAnalyticsOptinBinding.java, /home/codenia/Videos/OZ-Chat_Prod_23_Mar_bgNoti_working/OZ-Chat_Prod/20251125_OZ-Chat_Android_App/OZ-Chat_Android_Dev/vector/build/generated/data_binding_base_class_source_out/gplayModernDebug/out/im/vector/app/databinding/ViewNotificationAreaBinding.java, /home/codenia/Videos/OZ-Chat_Prod_23_Mar_bgNoti_working/OZ-Chat_Prod/20251125_OZ-Chat_Android_App/OZ-Chat_Android_Dev/vector/build/generated/data_binding_base_class_source_out/gplayModernDebug/out/im/vector/app/databinding/BottomSheetWithFragmentsBinding.java, /home/codenia/Videos/OZ-Chat_Prod_23_Mar_bgNoti_working/OZ-Chat_Prod/20251125_OZ-Chat_Android_App/OZ-Chat_Android_Dev/vector/build/generated/data_binding_base_class_source_out/gplayModernDebug/out/im/vector/app/databinding/FragmentFtueResetPasswordInputBinding.java, /home/codenia/Videos/OZ-Chat_Prod_23_Mar_bgNoti_working/OZ-Chat_Prod/20251125_OZ-Chat_Android_App/OZ-Chat_Android_Dev/vector/build/generated/data_binding_base_class_source_out/gplayModernDebug/out/im/vector/app/databinding/FragmentSpaceAddRoomsBinding.java, /home/codenia/Videos/OZ-Chat_Prod_23_Mar_bgNoti_working/OZ-Chat_Prod/20251125_OZ-Chat_Android_App/OZ-Chat_Android_Dev/vector/build/generated/data_binding_base_class_source_out/gplayModernDebug/out/im/vector/app/databinding/FragmentSearchBinding.java, /home/codenia/Videos/OZ-Chat_Prod_23_Mar_bgNoti_working/OZ-Chat_Prod/20251125_OZ-Chat_Android_App/OZ-Chat_Android_Dev/vector/build/generated/data_binding_base_class_source_out/gplayModernDebug/out/im/vector/app/databinding/FragmentFtuePhoneInputBinding.java, /home/codenia/Videos/OZ-Chat_Prod_23_Mar_bgNoti_working/OZ-Chat_Prod/20251125_OZ-Chat_Android_App/OZ-Chat_Android_Dev/vector/build/generated/data_binding_base_class_source_out/gplayModernDebug/out/im/vector/app/databinding/FragmentRoomSettingGenericBinding.java, /home/codenia/Videos/OZ-Chat_Prod_23_Mar_bgNoti_working/OZ-Chat_Prod/20251125_OZ-Chat_Android_App/OZ-Chat_Android_Dev/vector/build/generated/data_binding_base_class_source_out/gplayModernDebug/out/im/vector/app/databinding/ViewMessageBubbleBinding.java, /home/codenia/Videos/OZ-Chat_Prod_23_Mar_bgNoti_working/OZ-Chat_Prod/20251125_OZ-Chat_Android_App/OZ-Chat_Android_Dev/vector/build/generated/data_binding_base_class_source_out/gplayModernDebug/out/im/vector/app/databinding/BottomSheetSpaceSettingsBinding.java, /home/codenia/Videos/OZ-Chat_Prod_23_Mar_bgNoti_working/OZ-Chat_Prod/20251125_OZ-Chat_Android_App/OZ-Chat_Android_Dev/vector/build/generated/data_binding_base_class_source_out/gplayModernDebug/out/im/vector/app/databinding/EmojiChooserFragmentBinding.java, /home/codenia/Videos/OZ-Chat_Prod_23_Mar_bgNoti_working/OZ-Chat_Prod/20251125_OZ-Chat_Android_App/OZ-Chat_Android_Dev/vector/build/generated/data_binding_base_class_source_out/gplayModernDebug/out/im/vector/app/databinding/FragmentFtueWaitForEmailVerificationBinding.java, /home/codenia/Videos/OZ-Chat_Prod_23_Mar_bgNoti_working/OZ-Chat_Prod/20251125_OZ-Chat_Android_App/OZ-Chat_Android_Dev/vector/build/generated/data_binding_base_class_source_out/gplayModernDebug/out/im/vector/app/databinding/ItemPollLoadMoreBinding.java, /home/codenia/Videos/OZ-Chat_Prod_23_Mar_bgNoti_working/OZ-Chat_Prod/20251125_OZ-Chat_Android_App/OZ-Chat_Android_Dev/vector/build/generated/data_binding_base_class_source_out/gplayModernDebug/out/im/vector/app/databinding/FragmentBootstrapConclusionBinding.java, /home/codenia/Videos/OZ-Chat_Prod_23_Mar_bgNoti_working/OZ-Chat_Prod/20251125_OZ-Chat_Android_App/OZ-Chat_Android_Dev/vector/build/generated/data_binding_base_class_source_out/gplayModernDebug/out/im/vector/app/databinding/ViewSecurityRecommendationBinding.java, /home/codenia/Videos/OZ-Chat_Prod_23_Mar_bgNoti_working/OZ-Chat_Prod/20251125_OZ-Chat_Android_App/OZ-Chat_Android_Dev/vector/build/generated/data_binding_base_class_source_out/gplayModernDebug/out/im/vector/app/databinding/FragmentNewChatBottomSheetBinding.java, /home/codenia/Videos/OZ-Chat_Prod_23_Mar_bgNoti_working/OZ-Chat_Prod/20251125_OZ-Chat_Android_App/OZ-Chat_Android_Dev/vector/build/generated/data_binding_base_class_source_out/gplayModernDebug/out/im/vector/app/databinding/FragmentLoginBinding.java, /home/codenia/Videos/OZ-Chat_Prod_23_Mar_bgNoti_working/OZ-Chat_Prod/20251125_OZ-Chat_Android_App/OZ-Chat_Android_Dev/vector/build/generated/data_binding_base_class_source_out/gplayModernDebug/out/im/vector/app/databinding/ViewDownloadReplacementAppBinding.java, /home/codenia/Videos/OZ-Chat_Prod_23_Mar_bgNoti_working/OZ-Chat_Prod/20251125_OZ-Chat_Android_App/OZ-Chat_Android_Dev/vector/build/generated/data_binding_base_class_source_out/gplayModernDebug/out/im/vector/app/databinding/BottomSheetSpaceInviteChooserBinding.java, /home/codenia/Videos/OZ-Chat_Prod_23_Mar_bgNoti_working/OZ-Chat_Prod/20251125_OZ-Chat_Android_App/OZ-Chat_Android_Dev/vector/build/generated/data_binding_base_class_source_out/gplayModernDebug/out/im/vector/app/databinding/FragmentBreadcrumbsBinding.java, /home/codenia/Videos/OZ-Chat_Prod_23_Mar_bgNoti_working/OZ-Chat_Prod/20251125_OZ-Chat_Android_App/OZ-Chat_Android_Dev/vector/build/generated/data_binding_base_class_source_out/gplayModernDebug/out/im/vector/app/databinding/FragmentSsssAccessFromPassphraseBinding.java, /home/codenia/Videos/OZ-Chat_Prod_23_Mar_bgNoti_working/OZ-Chat_Prod/20251125_OZ-Chat_Android_App/OZ-Chat_Android_Dev/vector/build/generated/data_binding_base_class_source_out/gplayModernDebug/out/im/vector/app/databinding/BottomSheetChooseLiveLocationShareDurationBinding.java, /home/codenia/Videos/OZ-Chat_Prod_23_Mar_bgNoti_working/OZ-Chat_Prod/20251125_OZ-Chat_Android_App/OZ-Chat_Android_Dev/vector/build/generated/data_binding_base_class_source_out/gplayModernDebug/out/im/vector/app/databinding/ActivityLoginBinding.java, /home/codenia/Videos/OZ-Chat_Prod_23_Mar_bgNoti_working/OZ-Chat_Prod/20251125_OZ-Chat_Android_App/OZ-Chat_Android_Dev/vector/build/generated/data_binding_base_class_source_out/gplayModernDebug/out/im/vector/app/databinding/ActivitySignedOutBinding.java, /home/codenia/Videos/OZ-Chat_Prod_23_Mar_bgNoti_working/OZ-Chat_Prod/20251125_OZ-Chat_Android_App/OZ-Chat_Android_Dev/vector/build/generated/data_binding_base_class_source_out/gplayModernDebug/out/im/vector/app/databinding/FragmentFtueAccountCreatedBinding.java, /home/codenia/Videos/OZ-Chat_Prod_23_Mar_bgNoti_working/OZ-Chat_Prod/20251125_OZ-Chat_Android_App/OZ-Chat_Android_Dev/vector/build/generated/data_binding_base_class_source_out/gplayModernDebug/out/im/vector/app/databinding/ItemTimelineEventPollBinding.java, /home/codenia/Videos/OZ-Chat_Prod_23_Mar_bgNoti_working/OZ-Chat_Prod/20251125_OZ-Chat_Android_App/OZ-Chat_Android_Dev/vector/build/generated/data_binding_base_class_source_out/gplayModernDebug/out/im/vector/app/databinding/BottomSheetHomeLayoutSettingsBinding.java, /home/codenia/Videos/OZ-Chat_Prod_23_Mar_bgNoti_working/OZ-Chat_Prod/20251125_OZ-Chat_Android_App/OZ-Chat_Android_Dev/vector/build/generated/data_binding_base_class_source_out/gplayModernDebug/out/im/vector/app/databinding/ViewLiveLocationEndedBannerBinding.java, /home/codenia/Videos/OZ-Chat_Prod_23_Mar_bgNoti_working/OZ-Chat_Prod/20251125_OZ-Chat_Android_App/OZ-Chat_Android_Dev/vector/build/generated/data_binding_base_class_source_out/gplayModernDebug/out/im/vector/app/databinding/FragmentFtueAuthSplashBinding.java, /home/codenia/Videos/OZ-Chat_Prod_23_Mar_bgNoti_working/OZ-Chat_Prod/20251125_OZ-Chat_Android_App/OZ-Chat_Android_Dev/vector/build/generated/data_binding_base_class_source_out/gplayModernDebug/out/im/vector/app/databinding/DialogBaseEditTextBinding.java, /home/codenia/Videos/OZ-Chat_Prod_23_Mar_bgNoti_working/OZ-Chat_Prod/20251125_OZ-Chat_Android_App/OZ-Chat_Android_Dev/vector/build/generated/data_binding_base_class_source_out/gplayModernDebug/out/im/vector/app/databinding/FragmentDevtoolsEditorBinding.java, /home/codenia/Videos/OZ-Chat_Prod_23_Mar_bgNoti_working/OZ-Chat_Prod/20251125_OZ-Chat_Android_App/OZ-Chat_Android_Dev/vector/build/generated/data_binding_base_class_source_out/gplayModernDebug/out/im/vector/app/databinding/ItemSessionDetailsContentBinding.java, /home/codenia/Videos/OZ-Chat_Prod_23_Mar_bgNoti_working/OZ-Chat_Prod/20251125_OZ-Chat_Android_App/OZ-Chat_Android_Dev/vector/build/generated/data_binding_base_class_source_out/gplayModernDebug/out/im/vector/app/databinding/FragmentHomeDetailBinding.java, /home/codenia/Videos/OZ-Chat_Prod_23_Mar_bgNoti_working/OZ-Chat_Prod/20251125_OZ-Chat_Android_App/OZ-Chat_Android_Dev/vector/build/generated/data_binding_base_class_source_out/gplayModernDebug/out/im/vector/app/databinding/ItemPollDetailBinding.java, /home/codenia/Videos/OZ-Chat_Prod_23_Mar_bgNoti_working/OZ-Chat_Prod/20251125_OZ-Chat_Android_App/OZ-Chat_Android_Dev/vector/build/generated/data_binding_base_class_source_out/gplayModernDebug/out/im/vector/app/databinding/FragmentSpacesBottomSheetBinding.java, /home/codenia/Videos/OZ-Chat_Prod_23_Mar_bgNoti_working/OZ-Chat_Prod/20251125_OZ-Chat_Android_App/OZ-Chat_Android_Dev/vector/build/generated/data_binding_base_class_source_out/gplayModernDebug/out/im/vector/app/databinding/FragmentLoginServerSelectionBinding.java, /home/codenia/Videos/OZ-Chat_Prod_23_Mar_bgNoti_working/OZ-Chat_Prod/20251125_OZ-Chat_Android_App/OZ-Chat_Android_Dev/vector/build/generated/data_binding_base_class_source_out/gplayModernDebug/out/im/vector/app/databinding/ItemSessionDetailsHeaderBinding.java, /home/codenia/Videos/OZ-Chat_Prod_23_Mar_bgNoti_working/OZ-Chat_Prod/20251125_OZ-Chat_Android_App/OZ-Chat_Android_Dev/vector/build/generated/data_binding_base_class_source_out/gplayModernDebug/out/im/vector/app/databinding/ItemFontScaleSystemBinding.java, /home/codenia/Videos/OZ-Chat_Prod_23_Mar_bgNoti_working/OZ-Chat_Prod/20251125_OZ-Chat_Android_App/OZ-Chat_Android_Dev/vector/build/generated/data_binding_base_class_source_out/gplayModernDebug/out/im/vector/app/databinding/AlerterVerificationLayoutBinding.java, /home/codenia/Videos/OZ-Chat_Prod_23_Mar_bgNoti_working/OZ-Chat_Prod/20251125_OZ-Chat_Android_App/OZ-Chat_Android_Dev/vector/build/generated/data_binding_base_class_source_out/gplayModernDebug/out/im/vector/app/databinding/ItemTimelineEventVoiceBroadcastRecordingStubBinding.java, /home/codenia/Videos/OZ-Chat_Prod_23_Mar_bgNoti_working/OZ-Chat_Prod/20251125_OZ-Chat_Android_App/OZ-Chat_Android_Dev/vector/build/generated/data_binding_base_class_source_out/gplayModernDebug/out/im/vector/app/databinding/MediaUploadDownloadProgressLayoutBinding.java, /home/codenia/Videos/OZ-Chat_Prod_23_Mar_bgNoti_working/OZ-Chat_Prod/20251125_OZ-Chat_Android_App/OZ-Chat_Android_Dev/vector/build/generated/data_binding_base_class_source_out/gplayModernDebug/out/im/vector/app/databinding/FragmentLocalePickerBinding.java, /home/codenia/Videos/OZ-Chat_Prod_23_Mar_bgNoti_working/OZ-Chat_Prod/20251125_OZ-Chat_Android_App/OZ-Chat_Android_Dev/vector/build/generated/data_binding_base_class_source_out/gplayModernDebug/out/im/vector/app/databinding/ViewStubWebviewBinding.java, /home/codenia/Videos/OZ-Chat_Prod_23_Mar_bgNoti_working/OZ-Chat_Prod/20251125_OZ-Chat_Android_App/OZ-Chat_Android_Dev/vector/build/generated/data_binding_base_class_source_out/gplayModernDebug/out/im/vector/app/databinding/FragmentFtueLoginCaptchaBinding.java, /home/codenia/Videos/OZ-Chat_Prod_23_Mar_bgNoti_working/OZ-Chat_Prod/20251125_OZ-Chat_Android_App/OZ-Chat_Android_Dev/vector/build/generated/data_binding_base_class_source_out/gplayModernDebug/out/im/vector/app/databinding/FragmentGenericRecyclerBinding.java, /home/codenia/Videos/OZ-Chat_Prod_23_Mar_bgNoti_working/OZ-Chat_Prod/20251125_OZ-Chat_Android_App/OZ-Chat_Android_Dev/vector/build/generated/data_binding_base_class_source_out/gplayModernDebug/out/im/vector/app/databinding/FragmentSettingsFontScalingBinding.java, /home/codenia/Videos/OZ-Chat_Prod_23_Mar_bgNoti_working/OZ-Chat_Prod/20251125_OZ-Chat_Android_App/OZ-Chat_Android_Dev/vector/build/generated/data_binding_base_class_source_out/gplayModernDebug/out/im/vector/app/databinding/BottomSheetBootstrapBinding.java, /home/codenia/Videos/OZ-Chat_Prod_23_Mar_bgNoti_working/OZ-Chat_Prod/20251125_OZ-Chat_Android_App/OZ-Chat_Android_Dev/vector/build/generated/data_binding_base_class_source_out/gplayModernDebug/out/im/vector/app/databinding/FragmentKeysBackupRestoreFromPassphraseBinding.java, /home/codenia/Videos/OZ-Chat_Prod_23_Mar_bgNoti_working/OZ-Chat_Prod/20251125_OZ-Chat_Android_App/OZ-Chat_Android_Dev/vector/build/generated/data_binding_base_class_source_out/gplayModernDebug/out/im/vector/app/databinding/ItemPollTypeSelectionBinding.java, /home/codenia/Videos/OZ-Chat_Prod_23_Mar_bgNoti_working/OZ-Chat_Prod/20251125_OZ-Chat_Android_App/OZ-Chat_Android_Dev/vector/build/generated/data_binding_base_class_source_out/gplayModernDebug/out/im/vector/app/databinding/FragmentSessionDetailsBinding.java, /home/codenia/Videos/OZ-Chat_Prod_23_Mar_bgNoti_working/OZ-Chat_Prod/20251125_OZ-Chat_Android_App/OZ-Chat_Android_Dev/vector/build/generated/data_binding_base_class_source_out/gplayModernDebug/out/im/vector/app/databinding/DialogRecoveryKeySavedInfoBinding.java, /home/codenia/Videos/OZ-Chat_Prod_23_Mar_bgNoti_working/OZ-Chat_Prod/20251125_OZ-Chat_Android_App/OZ-Chat_Android_Dev/vector/build/generated/data_binding_base_class_source_out/gplayModernDebug/out/im/vector/app/databinding/ViewBiometricDialogContentBinding.java, /home/codenia/Videos/OZ-Chat_Prod_23_Mar_bgNoti_working/OZ-Chat_Prod/20251125_OZ-Chat_Android_App/OZ-Chat_Android_Dev/vector/build/generated/data_binding_base_class_source_out/gplayModernDebug/out/im/vector/app/databinding/FragmentFtuePhoneConfirmationBinding.java, /home/codenia/Videos/OZ-Chat_Prod_23_Mar_bgNoti_working/OZ-Chat_Prod/20251125_OZ-Chat_Android_App/OZ-Chat_Android_Dev/vector/build/generated/data_binding_base_class_source_out/gplayModernDebug/out/im/vector/app/databinding/FragmentLiveLocationMapViewBinding.java, /home/codenia/Videos/OZ-Chat_Prod_23_Mar_bgNoti_working/OZ-Chat_Prod/20251125_OZ-Chat_Android_App/OZ-Chat_Android_Dev/vector/build/generated/data_binding_base_class_source_out/gplayModernDebug/out/im/vector/app/databinding/ItemTypingUsersBinding.java, /home/codenia/Videos/OZ-Chat_Prod_23_Mar_bgNoti_working/OZ-Chat_Prod/20251125_OZ-Chat_Android_App/OZ-Chat_Android_Dev/vector/build/generated/data_binding_base_class_source_out/gplayModernDebug/out/im/vector/app/databinding/FragmentBootstrapSetupRecoveryBinding.java, /home/codenia/Videos/OZ-Chat_Prod_23_Mar_bgNoti_working/OZ-Chat_Prod/20251125_OZ-Chat_Android_App/OZ-Chat_Android_Dev/vector/build/generated/data_binding_base_class_source_out/gplayModernDebug/out/im/vector/app/databinding/FragmentCreatePollBinding.java, /home/codenia/Videos/OZ-Chat_Prod_23_Mar_bgNoti_working/OZ-Chat_Prod/20251125_OZ-Chat_Android_App/OZ-Chat_Android_Dev/vector/build/generated/data_binding_base_class_source_out/gplayModernDebug/out/im/vector/app/databinding/VectorInviteViewBinding.java, /home/codenia/Videos/OZ-Chat_Prod_23_Mar_bgNoti_working/OZ-Chat_Prod/20251125_OZ-Chat_Android_App/OZ-Chat_Android_Dev/vector/build/generated/data_binding_base_class_source_out/gplayModernDebug/out/im/vector/app/databinding/ItemTimelineEventVoiceBroadcastListeningStubBinding.java, /home/codenia/Videos/OZ-Chat_Prod_23_Mar_bgNoti_working/OZ-Chat_Prod/20251125_OZ-Chat_Android_App/OZ-Chat_Android_Dev/vector/build/generated/data_binding_base_class_source_out/gplayModernDebug/out/im/vector/app/databinding/ViewPasswordStrengthBarBinding.java, /home/codenia/Videos/OZ-Chat_Prod_23_Mar_bgNoti_working/OZ-Chat_Prod/20251125_OZ-Chat_Android_App/OZ-Chat_Android_Dev/vector/build/generated/data_binding_base_class_source_out/gplayModernDebug/out/im/vector/app/databinding/DialogShareQrCodeBinding.java, /home/codenia/Videos/OZ-Chat_Prod_23_Mar_bgNoti_working/OZ-Chat_Prod/20251125_OZ-Chat_Android_App/OZ-Chat_Android_Dev/vector/build/generated/data_binding_base_class_source_out/gplayModernDebug/out/im/vector/app/databinding/FragmentFtueAuthUseCaseBinding.java, /home/codenia/Videos/OZ-Chat_Prod_23_Mar_bgNoti_working/OZ-Chat_Prod/20251125_OZ-Chat_Android_App/OZ-Chat_Android_Dev/vector/build/generated/data_binding_base_class_source_out/gplayModernDebug/out/im/vector/app/databinding/ItemSplashCarouselBinding.java, /home/codenia/Videos/OZ-Chat_Prod_23_Mar_bgNoti_working/OZ-Chat_Prod/20251125_OZ-Chat_Android_App/OZ-Chat_Android_Dev/vector/build/generated/data_binding_base_class_source_out/gplayModernDebug/out/im/vector/app/databinding/FragmentLoginSignupSigninSelectionBinding.java, /home/codenia/Videos/OZ-Chat_Prod_23_Mar_bgNoti_working/OZ-Chat_Prod/20251125_OZ-Chat_Android_App/OZ-Chat_Android_Dev/vector/build/generated/data_binding_base_class_source_out/gplayModernDebug/out/im/vector/app/databinding/ViewStateBinding.java, /home/codenia/Videos/OZ-Chat_Prod_23_Mar_bgNoti_working/OZ-Chat_Prod/20251125_OZ-Chat_Android_App/OZ-Chat_Android_Dev/vector/build/generated/data_binding_base_class_source_out/gplayModernDebug/out/im/vector/app/databinding/ItemOtherSessionBinding.java, /home/codenia/Videos/OZ-Chat_Prod_23_Mar_bgNoti_working/OZ-Chat_Prod/20251125_OZ-Chat_Android_App/OZ-Chat_Android_Dev/vector/build/generated/data_binding_base_class_source_out/gplayModernDebug/out/im/vector/app/databinding/FragmentReauthConfirmBinding.java, /home/codenia/Videos/OZ-Chat_Prod_23_Mar_bgNoti_working/OZ-Chat_Prod/20251125_OZ-Chat_Android_App/OZ-Chat_Android_Dev/vector/build/generated/data_binding_base_class_source_out/gplayModernDebug/out/im/vector/app/databinding/BottomSheetSaveRecoveryKeyBinding.java, /home/codenia/Videos/OZ-Chat_Prod_23_Mar_bgNoti_working/OZ-Chat_Prod/20251125_OZ-Chat_Android_App/OZ-Chat_Android_Dev/vector/build/generated/data_binding_base_class_source_out/gplayModernDebug/out/im/vector/app/databinding/FragmentSetLinkBinding.java, /home/codenia/Videos/OZ-Chat_Prod_23_Mar_bgNoti_working/OZ-Chat_Prod/20251125_OZ-Chat_Android_App/OZ-Chat_Android_Dev/vector/build/generated/data_binding_base_class_source_out/gplayModernDebug/out/im/vector/app/databinding/ItemTimelineEventTextMessageRichStubBinding.java, /home/codenia/Videos/OZ-Chat_Prod_23_Mar_bgNoti_working/OZ-Chat_Prod/20251125_OZ-Chat_Android_App/OZ-Chat_Android_Dev/vector/build/generated/data_binding_base_class_source_out/gplayModernDebug/out/im/vector/app/databinding/FragmentBootstrapSaveKeyBinding.java, /home/codenia/Videos/OZ-Chat_Prod_23_Mar_bgNoti_working/OZ-Chat_Prod/20251125_OZ-Chat_Android_App/OZ-Chat_Android_Dev/vector/build/generated/data_binding_base_class_source_out/gplayModernDebug/out/im/vector/app/databinding/FragmentRecyclerviewWithSearchBinding.java, /home/codenia/Videos/OZ-Chat_Prod_23_Mar_bgNoti_working/OZ-Chat_Prod/20251125_OZ-Chat_Android_App/OZ-Chat_Android_Dev/vector/build/generated/data_binding_base_class_source_out/gplayModernDebug/out/im/vector/app/databinding/FragmentSpaceCreateChoosePrivateModelBinding.java, /home/codenia/Videos/OZ-Chat_Prod_23_Mar_bgNoti_working/OZ-Chat_Prod/20251125_OZ-Chat_Android_App/OZ-Chat_Android_Dev/vector/build/generated/data_binding_base_class_source_out/gplayModernDebug/out/im/vector/app/databinding/FragmentSpaceRestrictedSelectBinding.java, /home/codenia/Videos/OZ-Chat_Prod_23_Mar_bgNoti_working/OZ-Chat_Prod/20251125_OZ-Chat_Android_App/OZ-Chat_Android_Dev/vector/build/generated/data_binding_base_class_source_out/gplayModernDebug/out/im/vector/app/databinding/FragmentBootstrapMigrateBackupBinding.java, /home/codenia/Videos/OZ-Chat_Prod_23_Mar_bgNoti_working/OZ-Chat_Prod/20251125_OZ-Chat_Android_App/OZ-Chat_Android_Dev/vector/build/generated/data_binding_base_class_source_out/gplayModernDebug/out/im/vector/app/databinding/ViewSessionsListHeaderBinding.java, /home/codenia/Videos/OZ-Chat_Prod_23_Mar_bgNoti_working/OZ-Chat_Prod/20251125_OZ-Chat_Android_App/OZ-Chat_Android_Dev/vector/build/generated/data_binding_base_class_source_out/gplayModernDebug/out/im/vector/app/databinding/FragmentPinBinding.java, /home/codenia/Videos/OZ-Chat_Prod_23_Mar_bgNoti_working/OZ-Chat_Prod/20251125_OZ-Chat_Android_App/OZ-Chat_Android_Dev/vector/build/generated/data_binding_base_class_source_out/gplayModernDebug/out/im/vector/app/databinding/FragmentLoginTermsBinding.java, /home/codenia/Videos/OZ-Chat_Prod_23_Mar_bgNoti_working/OZ-Chat_Prod/20251125_OZ-Chat_Android_App/OZ-Chat_Android_Dev/vector/build/generated/data_binding_base_class_source_out/gplayModernDebug/out/im/vector/app/databinding/ViewCallControlsBinding.java, /home/codenia/Videos/OZ-Chat_Prod_23_Mar_bgNoti_working/OZ-Chat_Prod/20251125_OZ-Chat_Android_App/OZ-Chat_Android_Dev/vector/build/generated/data_binding_base_class_source_out/gplayModernDebug/out/im/vector/app/databinding/ActivityMainBinding.java, /home/codenia/Videos/OZ-Chat_Prod_23_Mar_bgNoti_working/OZ-Chat_Prod/20251125_OZ-Chat_Android_App/OZ-Chat_Android_Dev/vector/build/generated/data_binding_base_class_source_out/gplayModernDebug/out/im/vector/app/databinding/ItemTimelineEventBubbleIncomingBaseBinding.java, /home/codenia/Videos/OZ-Chat_Prod_23_Mar_bgNoti_working/OZ-Chat_Prod/20251125_OZ-Chat_Android_App/OZ-Chat_Android_Dev/vector/build/generated/data_binding_base_class_source_out/gplayModernDebug/out/im/vector/app/databinding/FragmentSessionOverviewBinding.java, /home/codenia/Videos/OZ-Chat_Prod_23_Mar_bgNoti_working/OZ-Chat_Prod/20251125_OZ-Chat_Android_App/OZ-Chat_Android_Dev/vector/build/generated/data_binding_base_class_source_out/gplayModernDebug/out/im/vector/app/databinding/ActivityVectorSettingsBinding.java, /home/codenia/Videos/OZ-Chat_Prod_23_Mar_bgNoti_working/OZ-Chat_Prod/20251125_OZ-Chat_Android_App/OZ-Chat_Android_Dev/vector/build/generated/data_binding_base_class_source_out/gplayModernDebug/out/im/vector/app/databinding/ViewCurrentCallsBinding.java, /home/codenia/Videos/OZ-Chat_Prod_23_Mar_bgNoti_working/OZ-Chat_Prod/20251125_OZ-Chat_Android_App/OZ-Chat_Android_Dev/vector/build/generated/data_binding_base_class_source_out/gplayModernDebug/out/im/vector/app/databinding/ActivityRoomDetailBinding.java, /home/codenia/Videos/OZ-Chat_Prod_23_Mar_bgNoti_working/OZ-Chat_Prod/20251125_OZ-Chat_Android_App/OZ-Chat_Android_Dev/vector/build/generated/data_binding_base_class_source_out/gplayModernDebug/out/im/vector/app/databinding/FragmentKeysBackupSettingsBinding.java, /home/codenia/Videos/OZ-Chat_Prod_23_Mar_bgNoti_working/OZ-Chat_Prod/20251125_OZ-Chat_Android_App/OZ-Chat_Android_Dev/vector/build/generated/data_binding_base_class_source_out/gplayModernDebug/out/im/vector/app/databinding/FragmentCreateRoomBinding.java, /home/codenia/Videos/OZ-Chat_Prod_23_Mar_bgNoti_working/OZ-Chat_Prod/20251125_OZ-Chat_Android_App/OZ-Chat_Android_Dev/vector/build/generated/data_binding_base_class_source_out/gplayModernDebug/out/im/vector/app/databinding/BottomSheetVerificationChildFragmentBinding.java, /home/codenia/Videos/OZ-Chat_Prod_23_Mar_bgNoti_working/OZ-Chat_Prod/20251125_OZ-Chat_Android_App/OZ-Chat_Android_Dev/vector/build/generated/data_binding_base_class_source_out/gplayModernDebug/out/im/vector/app/databinding/VectorPreferencePushRuleBinding.java, /home/codenia/Videos/OZ-Chat_Prod_23_Mar_bgNoti_working/OZ-Chat_Prod/20251125_OZ-Chat_Android_App/OZ-Chat_Android_Dev/vector/build/generated/data_binding_base_class_source_out/gplayModernDebug/out/im/vector/app/databinding/BottomSheetAddRoomsOrSpacesToSpaceBinding.java, /home/codenia/Videos/OZ-Chat_Prod_23_Mar_bgNoti_working/OZ-Chat_Prod/20251125_OZ-Chat_Android_App/OZ-Chat_Android_Dev/vector/build/generated/data_binding_base_class_source_out/gplayModernDebug/out/im/vector/app/databinding/MotionNotifsFabMenuMergeBinding.java, /home/codenia/Videos/OZ-Chat_Prod_23_Mar_bgNoti_working/OZ-Chat_Prod/20251125_OZ-Chat_Android_App/OZ-Chat_Android_Dev/vector/build/generated/data_binding_base_class_source_out/gplayModernDebug/out/im/vector/app/databinding/DialogPhotoOrVideoBinding.java, /home/codenia/Videos/OZ-Chat_Prod_23_Mar_bgNoti_working/OZ-Chat_Prod/20251125_OZ-Chat_Android_App/OZ-Chat_Android_Dev/vector/build/generated/data_binding_base_class_source_out/gplayModernDebug/out/im/vector/app/databinding/FragmentDeactivateAccountBinding.java, /home/codenia/Videos/OZ-Chat_Prod_23_Mar_bgNoti_working/OZ-Chat_Prod/20251125_OZ-Chat_Android_App/OZ-Chat_Android_Dev/vector/build/generated/data_binding_base_class_source_out/gplayModernDebug/out/im/vector/app/databinding/ViewStubInviteLayoutBinding.java, /home/codenia/Videos/OZ-Chat_Prod_23_Mar_bgNoti_working/OZ-Chat_Prod/20251125_OZ-Chat_Android_App/OZ-Chat_Android_Dev/vector/build/generated/data_binding_base_class_source_out/gplayModernDebug/out/im/vector/app/databinding/BottomSheetVerificationBinding.java, /home/codenia/Videos/OZ-Chat_Prod_23_Mar_bgNoti_working/OZ-Chat_Prod/20251125_OZ-Chat_Android_App/OZ-Chat_Android_Dev/vector/build/generated/data_binding_base_class_source_out/gplayModernDebug/out/im/vector/app/databinding/BottomSheetLiveLocationLabsFlagPromotionBinding.java, /home/codenia/Videos/OZ-Chat_Prod_23_Mar_bgNoti_working/OZ-Chat_Prod/20251125_OZ-Chat_Android_App/OZ-Chat_Android_Dev/vector/build/generated/data_binding_base_class_source_out/gplayModernDebug/out/im/vector/app/databinding/BottomSheetInvitedToSpaceBinding.java, /home/codenia/Videos/OZ-Chat_Prod_23_Mar_bgNoti_working/OZ-Chat_Prod/20251125_OZ-Chat_Android_App/OZ-Chat_Android_Dev/vector/build/generated/data_binding_base_class_source_out/gplayModernDebug/out/im/vector/app/databinding/ViewFileIconBinding.java, /home/codenia/Videos/OZ-Chat_Prod_23_Mar_bgNoti_working/OZ-Chat_Prod/20251125_OZ-Chat_Android_App/OZ-Chat_Android_Dev/vector/build/generated/data_binding_base_class_source_out/gplayModernDebug/out/im/vector/app/databinding/ViewFailedMessagesWarningBinding.java, /home/codenia/Videos/OZ-Chat_Prod_23_Mar_bgNoti_working/OZ-Chat_Prod/20251125_OZ-Chat_Android_App/OZ-Chat_Android_Dev/vector/build/generated/data_binding_base_class_source_out/gplayModernDebug/out/im/vector/app/databinding/ViewLiveLocationStatusBinding.java, /home/codenia/Videos/OZ-Chat_Prod_23_Mar_bgNoti_working/OZ-Chat_Prod/20251125_OZ-Chat_Android_App/OZ-Chat_Android_Dev/vector/build/generated/data_binding_base_class_source_out/gplayModernDebug/out/im/vector/app/databinding/ViewOtherSessionsBinding.java, /home/codenia/Videos/OZ-Chat_Prod_23_Mar_bgNoti_working/OZ-Chat_Prod/20251125_OZ-Chat_Android_App/OZ-Chat_Android_Dev/vector/build/generated/data_binding_base_class_source_out/gplayModernDebug/out/im/vector/app/databinding/FragmentReviewTermsBinding.java, /home/codenia/Videos/OZ-Chat_Prod_23_Mar_bgNoti_working/OZ-Chat_Prod/20251125_OZ-Chat_Android_App/OZ-Chat_Android_Dev/vector/build/generated/data_binding_base_class_source_out/gplayModernDebug/out/im/vector/app/databinding/ViewErrorRegistrationWithMasBinding.java, /home/codenia/Videos/OZ-Chat_Prod_23_Mar_bgNoti_working/OZ-Chat_Prod/20251125_OZ-Chat_Android_App/OZ-Chat_Android_Dev/vector/build/generated/data_binding_base_class_source_out/gplayModernDebug/out/im/vector/app/databinding/ActivityEmojiReactionPickerBinding.java, /home/codenia/Videos/OZ-Chat_Prod_23_Mar_bgNoti_working/OZ-Chat_Prod/20251125_OZ-Chat_Android_App/OZ-Chat_Android_Dev/vector/build/generated/data_binding_base_class_source_out/gplayModernDebug/out/im/vector/app/databinding/BottomSheetSpaceInviteBinding.java, /home/codenia/Videos/OZ-Chat_Prod_23_Mar_bgNoti_working/OZ-Chat_Prod/20251125_OZ-Chat_Android_App/OZ-Chat_Android_Dev/vector/build/generated/data_binding_base_class_source_out/gplayModernDebug/out/im/vector/app/databinding/ViewReadReceiptsBinding.java, /home/codenia/Videos/OZ-Chat_Prod_23_Mar_bgNoti_working/OZ-Chat_Prod/20251125_OZ-Chat_Android_App/OZ-Chat_Android_Dev/vector/build/generated/data_binding_base_class_source_out/gplayModernDebug/out/im/vector/app/databinding/FragmentFtueResetPasswordEmailInputBinding.java, /home/codenia/Videos/OZ-Chat_Prod_23_Mar_bgNoti_working/OZ-Chat_Prod/20251125_OZ-Chat_Android_App/OZ-Chat_Android_Dev/vector/build/generated/data_binding_base_class_source_out/gplayModernDebug/out/im/vector/app/databinding/ActivityBinding.java, /home/codenia/Videos/OZ-Chat_Prod_23_Mar_bgNoti_working/OZ-Chat_Prod/20251125_OZ-Chat_Android_App/OZ-Chat_Android_Dev/vector/build/generated/data_binding_base_class_source_out/gplayModernDebug/out/im/vector/app/databinding/ItemRoomCategoryBinding.java, /home/codenia/Videos/OZ-Chat_Prod_23_Mar_bgNoti_working/OZ-Chat_Prod/20251125_OZ-Chat_Android_App/OZ-Chat_Android_Dev/vector/build/generated/data_binding_base_class_source_out/gplayModernDebug/out/im/vector/app/databinding/FragmentKeysBackupRestoreSuccessBinding.java, /home/codenia/Videos/OZ-Chat_Prod_23_Mar_bgNoti_working/OZ-Chat_Prod/20251125_OZ-Chat_Android_App/OZ-Chat_Android_Dev/vector/build/generated/data_binding_base_class_source_out/gplayModernDebug/out/im/vector/app/databinding/FragmentSpaceLeaveAdvancedBinding.java, /home/codenia/Videos/OZ-Chat_Prod_23_Mar_bgNoti_working/OZ-Chat_Prod/20251125_OZ-Chat_Android_App/OZ-Chat_Android_Dev/vector/build/generated/data_binding_base_class_source_out/gplayModernDebug/out/im/vector/app/databinding/ActivitySimpleLoadingBinding.java, /home/codenia/Videos/OZ-Chat_Prod_23_Mar_bgNoti_working/OZ-Chat_Prod/20251125_OZ-Chat_Android_App/OZ-Chat_Android_Dev/vector/build/generated/data_binding_base_class_source_out/gplayModernDebug/out/im/vector/app/databinding/FragmentFtueCombinedLoginBinding.java, /home/codenia/Videos/OZ-Chat_Prod_23_Mar_bgNoti_working/OZ-Chat_Prod/20251125_OZ-Chat_Android_App/OZ-Chat_Android_Dev/vector/build/generated/data_binding_base_class_source_out/gplayModernDebug/out/im/vector/app/databinding/FragmentLoginSplashBinding.java, /home/codenia/Videos/OZ-Chat_Prod_23_Mar_bgNoti_working/OZ-Chat_Prod/20251125_OZ-Chat_Android_App/OZ-Chat_Android_Dev/vector/build/generated/data_binding_base_class_source_out/gplayModernDebug/out/im/vector/app/databinding/VectorPreferenceChipGroupBinding.java, /home/codenia/Videos/OZ-Chat_Prod_23_Mar_bgNoti_working/OZ-Chat_Prod/20251125_OZ-Chat_Android_App/OZ-Chat_Android_Dev/vector/build/generated/data_binding_base_class_source_out/gplayModernDebug/out/im/vector/app/databinding/ViewRemoveJitsiWidgetBinding.java, /home/codenia/Videos/OZ-Chat_Prod_23_Mar_bgNoti_working/OZ-Chat_Prod/20251125_OZ-Chat_Android_App/OZ-Chat_Android_Dev/vector/build/generated/data_binding_base_class_source_out/gplayModernDebug/out/im/vector/app/databinding/ItemReleaseCarouselBinding.java, /home/codenia/Videos/OZ-Chat_Prod_23_Mar_bgNoti_working/OZ-Chat_Prod/20251125_OZ-Chat_Android_App/OZ-Chat_Android_Dev/vector/build/generated/data_binding_base_class_source_out/gplayModernDebug/out/im/vector/app/databinding/ViewOtherSessionSecurityRecommendationBinding.java, /home/codenia/Videos/OZ-Chat_Prod_23_Mar_bgNoti_working/OZ-Chat_Prod/20251125_OZ-Chat_Android_App/OZ-Chat_Android_Dev/vector/build/generated/data_binding_base_class_source_out/gplayModernDebug/out/im/vector/app/databinding/ViewKeysBackupBannerBinding.java, /home/codenia/Videos/OZ-Chat_Prod_23_Mar_bgNoti_working/OZ-Chat_Prod/20251125_OZ-Chat_Android_App/OZ-Chat_Android_Dev/vector/build/generated/data_binding_base_class_source_out/gplayModernDebug/out/im/vector/app/databinding/BottomSheetGenericListBinding.java, /home/codenia/Videos/OZ-Chat_Prod_23_Mar_bgNoti_working/OZ-Chat_Prod/20251125_OZ-Chat_Android_App/OZ-Chat_Android_Dev/vector/build/generated/data_binding_base_class_source_out/gplayModernDebug/out/im/vector/app/databinding/ViewSignOutBottomSheetActionButtonBinding.java, /home/codenia/Videos/OZ-Chat_Prod_23_Mar_bgNoti_working/OZ-Chat_Prod/20251125_OZ-Chat_Android_App/OZ-Chat_Android_Dev/vector/build/generated/data_binding_base_class_source_out/gplayModernDebug/out/im/vector/app/databinding/ActivityFilteredRoomsBinding.java, /home/codenia/Videos/OZ-Chat_Prod_23_Mar_bgNoti_working/OZ-Chat_Prod/20251125_OZ-Chat_Android_App/OZ-Chat_Android_Dev/vector/build/generated/data_binding_base_class_source_out/gplayModernDebug/out/im/vector/app/databinding/FragmentLocationPreviewBinding.java, /home/codenia/Videos/OZ-Chat_Prod_23_Mar_bgNoti_working/OZ-Chat_Prod/20251125_OZ-Chat_Android_App/OZ-Chat_Android_Dev/vector/build/generated/data_binding_base_class_source_out/gplayModernDebug/out/im/vector/app/databinding/FragmentLoadingBinding.java, /home/codenia/Videos/OZ-Chat_Prod_23_Mar_bgNoti_working/OZ-Chat_Prod/20251125_OZ-Chat_Android_App/OZ-Chat_Android_Dev/vector/build/generated/data_binding_base_class_source_out/gplayModernDebug/out/im/vector/app/databinding/ActivityThreadsBinding.java, /home/codenia/Videos/OZ-Chat_Prod_23_Mar_bgNoti_working/OZ-Chat_Prod/20251125_OZ-Chat_Android_App/OZ-Chat_Android_Dev/vector/build/generated/data_binding_base_class_source_out/gplayModernDebug/out/im/vector/app/databinding/BottomSheetMatrixToCardBinding.java, /home/codenia/Videos/OZ-Chat_Prod_23_Mar_bgNoti_working/OZ-Chat_Prod/20251125_OZ-Chat_Android_App/OZ-Chat_Android_Dev/vector/build/generated/data_binding_base_class_source_out/gplayModernDebug/out/im/vector/app/databinding/ItemTimelineEventLocationStubBinding.java, /home/codenia/Videos/OZ-Chat_Prod_23_Mar_bgNoti_working/OZ-Chat_Prod/20251125_OZ-Chat_Android_App/OZ-Chat_Android_Dev/vector/build/generated/data_binding_base_class_source_out/gplayModernDebug/out/im/vector/app/databinding/ActivityLocationSharingBinding.java, /home/codenia/Videos/OZ-Chat_Prod_23_Mar_bgNoti_working/OZ-Chat_Prod/20251125_OZ-Chat_Android_App/OZ-Chat_Android_Dev/vector/build/generated/data_binding_base_class_source_out/gplayModernDebug/out/im/vector/app/databinding/BottomSheetSessionLearnMoreBinding.java, /home/codenia/Videos/OZ-Chat_Prod_23_Mar_bgNoti_working/OZ-Chat_Prod/20251125_OZ-Chat_Android_App/OZ-Chat_Android_Dev/vector/build/generated/data_binding_base_class_source_out/gplayModernDebug/out/im/vector/app/databinding/DialogNoStickerPackBinding.java, /home/codenia/Videos/OZ-Chat_Prod_23_Mar_bgNoti_working/OZ-Chat_Prod/20251125_OZ-Chat_Android_App/OZ-Chat_Android_Dev/vector/build/generated/data_binding_base_class_source_out/gplayModernDebug/out/im/vector/app/databinding/FragmentLocationSharingBinding.java, /home/codenia/Videos/OZ-Chat_Prod_23_Mar_bgNoti_working/OZ-Chat_Prod/20251125_OZ-Chat_Android_App/OZ-Chat_Android_Dev/vector/build/generated/data_binding_base_class_source_out/gplayModernDebug/out/im/vector/app/databinding/BottomSheetTombstoneJoinBinding.java, /home/codenia/Videos/OZ-Chat_Prod_23_Mar_bgNoti_working/OZ-Chat_Prod/20251125_OZ-Chat_Android_App/OZ-Chat_Android_Dev/vector/build/generated/data_binding_base_class_source_out/gplayModernDebug/out/im/vector/app/databinding/DialogPreferenceEditTextBinding.java, /home/codenia/Videos/OZ-Chat_Prod_23_Mar_bgNoti_working/OZ-Chat_Prod/20251125_OZ-Chat_Android_App/OZ-Chat_Android_Dev/vector/build/generated/data_binding_base_class_source_out/gplayModernDebug/out/im/vector/app/databinding/FragmentSpaceCreateChooseTypeBinding.java, /home/codenia/Videos/OZ-Chat_Prod_23_Mar_bgNoti_working/OZ-Chat_Prod/20251125_OZ-Chat_Android_App/OZ-Chat_Android_Dev/vector/build/generated/data_binding_base_class_source_out/gplayModernDebug/out/im/vector/app/databinding/ViewSessionOverviewEntrySwitchBinding.java, /home/codenia/Videos/OZ-Chat_Prod_23_Mar_bgNoti_working/OZ-Chat_Prod/20251125_OZ-Chat_Android_App/OZ-Chat_Android_Dev/vector/build/generated/data_binding_base_class_source_out/gplayModernDebug/out/im/vector/app/databinding/ViewLiveLocationMarkerPopupBinding.java, /home/codenia/Videos/OZ-Chat_Prod_23_Mar_bgNoti_working/OZ-Chat_Prod/20251125_OZ-Chat_Android_App/OZ-Chat_Android_Dev/vector/build/generated/data_binding_base_class_source_out/gplayModernDebug/out/im/vector/app/databinding/ItemFontScaleBinding.java, /home/codenia/Videos/OZ-Chat_Prod_23_Mar_bgNoti_working/OZ-Chat_Prod/20251125_OZ-Chat_Android_App/OZ-Chat_Android_Dev/vector/build/generated/data_binding_base_class_source_out/gplayModernDebug/out/im/vector/app/databinding/FragmentLoginResetPasswordSuccessBinding.java, /home/codenia/Videos/OZ-Chat_Prod_23_Mar_bgNoti_working/OZ-Chat_Prod/20251125_OZ-Chat_Android_App/OZ-Chat_Android_Dev/vector/build/generated/data_binding_base_class_source_out/gplayModernDebug/out/im/vector/app/databinding/ViewBottomSheetActionButtonBinding.java, /home/codenia/Videos/OZ-Chat_Prod_23_Mar_bgNoti_working/OZ-Chat_Prod/20251125_OZ-Chat_Android_App/OZ-Chat_Android_Dev/vector/build/generated/data_binding_base_class_source_out/gplayModernDebug/out/im/vector/app/databinding/FragmentRoomPollsBinding.java, /home/codenia/Videos/OZ-Chat_Prod_23_Mar_bgNoti_working/OZ-Chat_Prod/20251125_OZ-Chat_Android_App/OZ-Chat_Android_Dev/vector/build/generated/data_binding_base_class_source_out/gplayModernDebug/out/im/vector/app/databinding/ViewStubRoomMemberProfileHeaderBinding.java, /home/codenia/Videos/OZ-Chat_Prod_23_Mar_bgNoti_working/OZ-Chat_Prod/20251125_OZ-Chat_Android_App/OZ-Chat_Android_Dev/vector/build/generated/data_binding_base_class_source_out/gplayModernDebug/out/im/vector/app/databinding/ViewThreadListFilterBinding.java, /home/codenia/Videos/OZ-Chat_Prod_23_Mar_bgNoti_working/OZ-Chat_Prod/20251125_OZ-Chat_Android_App/OZ-Chat_Android_Dev/vector/build/generated/data_binding_base_class_source_out/gplayModernDebug/out/im/vector/app/databinding/ViewSessionInfoBinding.java, /home/codenia/Videos/OZ-Chat_Prod_23_Mar_bgNoti_working/OZ-Chat_Prod/20251125_OZ-Chat_Android_App/OZ-Chat_Android_Dev/vector/build/generated/data_binding_base_class_source_out/gplayModernDebug/out/im/vector/app/databinding/ItemTimelineEventViewStubsContainerBinding.java, /home/codenia/Videos/OZ-Chat_Prod_23_Mar_bgNoti_working/OZ-Chat_Prod/20251125_OZ-Chat_Android_App/OZ-Chat_Android_Dev/vector/build/generated/data_binding_base_class_source_out/gplayModernDebug/out/im/vector/app/databinding/ItemPollGoToTimelineBinding.java, /home/codenia/Videos/OZ-Chat_Prod_23_Mar_bgNoti_working/OZ-Chat_Prod/20251125_OZ-Chat_Android_App/OZ-Chat_Android_Dev/vector/build/generated/data_binding_base_class_source_out/gplayModernDebug/out/im/vector/app/databinding/FragmentFtueLoginTermsBinding.java, /home/codenia/Videos/OZ-Chat_Prod_23_Mar_bgNoti_working/OZ-Chat_Prod/20251125_OZ-Chat_Android_App/OZ-Chat_Android_Dev/vector/build/generated/data_binding_base_class_source_out/gplayModernDebug/out/im/vector/app/databinding/BottomSheetThreadListBinding.java, /home/codenia/Videos/OZ-Chat_Prod_23_Mar_bgNoti_working/OZ-Chat_Prod/20251125_OZ-Chat_Android_App/OZ-Chat_Android_Dev/vector/build/generated/data_binding_base_class_source_out/gplayModernDebug/out/im/vector/app/databinding/FragmentThreadListBinding.java, /home/codenia/Videos/OZ-Chat_Prod_23_Mar_bgNoti_working/OZ-Chat_Prod/20251125_OZ-Chat_Android_App/OZ-Chat_Android_Dev/vector/build/generated/data_binding_base_class_source_out/gplayModernDebug/out/im/vector/app/databinding/ActivitySearchBinding.java, /home/codenia/Videos/OZ-Chat_Prod_23_Mar_bgNoti_working/OZ-Chat_Prod/20251125_OZ-Chat_Android_App/OZ-Chat_Android_Dev/vector/build/generated/data_binding_base_class_source_out/gplayModernDebug/out/im/vector/app/databinding/ViewSyncStateBinding.java, /home/codenia/Videos/OZ-Chat_Prod_23_Mar_bgNoti_working/OZ-Chat_Prod/20251125_OZ-Chat_Android_App/OZ-Chat_Android_Dev/vector/build/generated/data_binding_base_class_source_out/gplayModernDebug/out/im/vector/app/databinding/FragmentLoginServerUrlFormBinding.java, /home/codenia/Videos/OZ-Chat_Prod_23_Mar_bgNoti_working/OZ-Chat_Prod/20251125_OZ-Chat_Android_App/OZ-Chat_Android_Dev/vector/build/generated/data_binding_base_class_source_out/gplayModernDebug/out/im/vector/app/databinding/FragmentUserStatusBinding.java, /home/codenia/Videos/OZ-Chat_Prod_23_Mar_bgNoti_working/OZ-Chat_Prod/20251125_OZ-Chat_Android_App/OZ-Chat_Android_Dev/vector/build/generated/data_binding_base_class_source_out/gplayModernDebug/out/im/vector/app/databinding/FragmentFtueDisplayNameBinding.java, /home/codenia/Videos/OZ-Chat_Prod_23_Mar_bgNoti_working/OZ-Chat_Prod/20251125_OZ-Chat_Android_App/OZ-Chat_Android_Dev/vector/build/generated/data_binding_base_class_source_out/gplayModernDebug/out/im/vector/app/databinding/FragmentSettingsNotificationsTroubleshootBinding.java, /home/codenia/Videos/OZ-Chat_Prod_23_Mar_bgNoti_working/OZ-Chat_Prod/20251125_OZ-Chat_Android_App/OZ-Chat_Android_Dev/vector/build/generated/data_binding_base_class_source_out/gplayModernDebug/out/im/vector/app/databinding/ActivityVectorWebViewBinding.java, /home/codenia/Videos/OZ-Chat_Prod_23_Mar_bgNoti_working/OZ-Chat_Prod/20251125_OZ-Chat_Android_App/OZ-Chat_Android_Dev/vector/build/generated/data_binding_base_class_source_out/gplayModernDebug/out/im/vector/app/databinding/BottomSheetCallControlsBinding.java, /home/codenia/Videos/OZ-Chat_Prod_23_Mar_bgNoti_working/OZ-Chat_Prod/20251125_OZ-Chat_Android_App/OZ-Chat_Android_Dev/vector/build/generated/data_binding_base_class_source_out/gplayModernDebug/out/im/vector/app/databinding/DialogConfirmationWithReasonBinding.java, /home/codenia/Videos/OZ-Chat_Prod_23_Mar_bgNoti_working/OZ-Chat_Prod/20251125_OZ-Chat_Android_App/OZ-Chat_Android_Dev/vector/build/generated/data_binding_base_class_source_out/gplayModernDebug/out/im/vector/app/databinding/FragmentAttachmentsPreviewBinding.java, /home/codenia/Videos/OZ-Chat_Prod_23_Mar_bgNoti_working/OZ-Chat_Prod/20251125_OZ-Chat_Android_App/OZ-Chat_Android_Dev/vector/build/generated/data_binding_base_class_source_out/gplayModernDebug/out/im/vector/app/databinding/FragmentUserCodeShowBinding.java, /home/codenia/Videos/OZ-Chat_Prod_23_Mar_bgNoti_working/OZ-Chat_Prod/20251125_OZ-Chat_Android_App/OZ-Chat_Android_Dev/vector/build/generated/data_binding_base_class_source_out/gplayModernDebug/out/im/vector/app/databinding/ItemEmojiVerifBinding.java, /home/codenia/Videos/OZ-Chat_Prod_23_Mar_bgNoti_working/OZ-Chat_Prod/20251125_OZ-Chat_Android_App/OZ-Chat_Android_Dev/vector/build/generated/data_binding_base_class_source_out/gplayModernDebug/out/im/vector/app/databinding/FragmentSpaceDirectoryBinding.java, /home/codenia/Videos/OZ-Chat_Prod_23_Mar_bgNoti_working/OZ-Chat_Prod/20251125_OZ-Chat_Android_App/OZ-Chat_Android_Dev/vector/build/generated/data_binding_base_class_source_out/gplayModernDebug/out/im/vector/app/databinding/CustomActionItemLayoutBadgeBinding.java, /home/codenia/Videos/OZ-Chat_Prod_23_Mar_bgNoti_working/OZ-Chat_Prod/20251125_OZ-Chat_Android_App/OZ-Chat_Android_Dev/vector/build/generated/data_binding_base_class_source_out/gplayModernDebug/out/im/vector/app/databinding/DialogSslFingerprintBinding.java, /home/codenia/Videos/OZ-Chat_Prod_23_Mar_bgNoti_working/OZ-Chat_Prod/20251125_OZ-Chat_Android_App/OZ-Chat_Android_Dev/vector/build/generated/data_binding_base_class_source_out/gplayModernDebug/out/im/vector/app/databinding/FragmentOtherSessionsBinding.java, /home/codenia/Videos/OZ-Chat_Prod_23_Mar_bgNoti_working/OZ-Chat_Prod/20251125_OZ-Chat_Android_App/OZ-Chat_Android_Dev/vector/build/generated/data_binding_base_class_source_out/gplayModernDebug/out/im/vector/app/databinding/FragmentComposerBinding.java, /home/codenia/Videos/OZ-Chat_Prod_23_Mar_bgNoti_working/OZ-Chat_Prod/20251125_OZ-Chat_Android_App/OZ-Chat_Android_Dev/vector/build/generated/data_binding_base_class_source_out/gplayModernDebug/out/im/vector/app/databinding/ItemFontScaleSectionBinding.java, /home/codenia/Videos/OZ-Chat_Prod_23_Mar_bgNoti_working/OZ-Chat_Prod/20251125_OZ-Chat_Android_App/OZ-Chat_Android_Dev/vector/build/generated/data_binding_base_class_source_out/gplayModernDebug/out/im/vector/app/databinding/ViewStubRoomProfileHeaderBinding.java, /home/codenia/Videos/OZ-Chat_Prod_23_Mar_bgNoti_working/OZ-Chat_Prod/20251125_OZ-Chat_Android_App/OZ-Chat_Android_Dev/vector/build/generated/data_binding_base_class_source_out/gplayModernDebug/out/im/vector/app/databinding/FragmentKeysBackupSetupStep1Binding.java, /home/codenia/Videos/OZ-Chat_Prod_23_Mar_bgNoti_working/OZ-Chat_Prod/20251125_OZ-Chat_Android_App/OZ-Chat_Android_Dev/vector/build/generated/data_binding_base_class_source_out/gplayModernDebug/out/im/vector/app/databinding/FragmentLoginResetPasswordBinding.java, /home/codenia/Videos/OZ-Chat_Prod_23_Mar_bgNoti_working/OZ-Chat_Prod/20251125_OZ-Chat_Android_App/OZ-Chat_Android_Dev/vector/build/generated/data_binding_base_class_source_out/gplayModernDebug/out/im/vector/app/databinding/ActivityWidgetBinding.java, /home/codenia/Videos/OZ-Chat_Prod_23_Mar_bgNoti_working/OZ-Chat_Prod/20251125_OZ-Chat_Android_App/OZ-Chat_Android_Dev/vector/build/generated/data_binding_base_class_source_out/gplayModernDebug/out/im/vector/app/databinding/BottomSheetAttachmentTypeSelectorBinding.java, /home/codenia/Videos/OZ-Chat_Prod_23_Mar_bgNoti_working/OZ-Chat_Prod/20251125_OZ-Chat_Android_App/OZ-Chat_Android_Dev/vector/build/generated/data_binding_base_class_source_out/gplayModernDebug/out/im/vector/app/databinding/LayoutJoinConferenceActionBinding.java, /home/codenia/Videos/OZ-Chat_Prod_23_Mar_bgNoti_working/OZ-Chat_Prod/20251125_OZ-Chat_Android_App/OZ-Chat_Android_Dev/vector/build/generated/data_binding_base_class_source_out/gplayModernDebug/out/im/vector/app/databinding/FragmentMatrixToUserCardBinding.java, /home/codenia/Videos/OZ-Chat_Prod_23_Mar_bgNoti_working/OZ-Chat_Prod/20251125_OZ-Chat_Android_App/OZ-Chat_Android_Dev/vector/build/generated/data_binding_base_class_source_out/gplayModernDebug/out/im/vector/app/databinding/DialogEditPowerLevelBinding.java, /home/codenia/Videos/OZ-Chat_Prod_23_Mar_bgNoti_working/OZ-Chat_Prod/20251125_OZ-Chat_Android_App/OZ-Chat_Android_Dev/vector/build/generated/data_binding_base_class_source_out/gplayModernDebug/out/im/vector/app/databinding/ItemTimelineEventLiveLocationInactiveStubBinding.java, /home/codenia/Videos/OZ-Chat_Prod_23_Mar_bgNoti_working/OZ-Chat_Prod/20251125_OZ-Chat_Android_App/OZ-Chat_Android_Dev/vector/build/generated/data_binding_base_class_source_out/gplayModernDebug/out/im/vector/app/databinding/FragmentRoomPollsListBinding.java, /home/codenia/Videos/OZ-Chat_Prod_23_Mar_bgNoti_working/OZ-Chat_Prod/20251125_OZ-Chat_Android_App/OZ-Chat_Android_Dev/vector/build/generated/data_binding_base_class_source_out/gplayModernDebug/out/im/vector/app/databinding/ItemNotificationTroubleshootBinding.java, /home/codenia/Videos/OZ-Chat_Prod_23_Mar_bgNoti_working/OZ-Chat_Prod/20251125_OZ-Chat_Android_App/OZ-Chat_Android_Dev/vector/build/generated/data_binding_base_class_source_out/gplayModernDebug/out/im/vector/app/databinding/FragmentRoomPreviewNoPreviewBinding.java, /home/codenia/Videos/OZ-Chat_Prod_23_Mar_bgNoti_working/OZ-Chat_Prod/20251125_OZ-Chat_Android_App/OZ-Chat_Android_Dev/vector/build/generated/data_binding_base_class_source_out/gplayModernDebug/out/im/vector/app/databinding/DialogReportContentBinding.java, /home/codenia/Videos/OZ-Chat_Prod_23_Mar_bgNoti_working/OZ-Chat_Prod/20251125_OZ-Chat_Android_App/OZ-Chat_Android_Dev/vector/build/generated/data_binding_base_class_source_out/gplayModernDebug/out/im/vector/app/databinding/FragmentQrCodeScannerBinding.java, /home/codenia/Videos/OZ-Chat_Prod_23_Mar_bgNoti_working/OZ-Chat_Prod/20251125_OZ-Chat_Android_App/OZ-Chat_Android_Dev/vector/build/generated/data_binding_base_class_source_out/gplayModernDebug/out/im/vector/app/databinding/ViewVoiceBroadcastBufferingBinding.java, /home/codenia/Videos/OZ-Chat_Prod_23_Mar_bgNoti_working/OZ-Chat_Prod/20251125_OZ-Chat_Android_App/OZ-Chat_Android_Dev/vector/build/generated/data_binding_base_class_source_out/gplayModernDebug/out/im/vector/app/databinding/ActivitySimpleBinding.java, /home/codenia/Videos/OZ-Chat_Prod_23_Mar_bgNoti_working/OZ-Chat_Prod/20251125_OZ-Chat_Android_App/OZ-Chat_Android_Dev/vector/build/generated/data_binding_base_class_source_out/gplayModernDebug/out/im/vector/app/databinding/FragmentGenericStateViewRecyclerBinding.java, /home/codenia/Videos/OZ-Chat_Prod_23_Mar_bgNoti_working/OZ-Chat_Prod/20251125_OZ-Chat_Android_App/OZ-Chat_Android_Dev/vector/build/generated/data_binding_base_class_source_out/gplayModernDebug/out/im/vector/app/databinding/ViewSpaceTypeButtonBinding.java, /home/codenia/Videos/OZ-Chat_Prod_23_Mar_bgNoti_working/OZ-Chat_Prod/20251125_OZ-Chat_Android_App/OZ-Chat_Android_Dev/vector/build/generated/data_binding_base_class_source_out/gplayModernDebug/out/im/vector/app/databinding/ItemStateViewBinding.java, /home/codenia/Videos/OZ-Chat_Prod_23_Mar_bgNoti_working/OZ-Chat_Prod/20251125_OZ-Chat_Android_App/OZ-Chat_Android_Dev/vector/build/generated/data_binding_base_class_source_out/gplayModernDebug/out/im/vector/app/databinding/BottomSheetRoomUpgradeBinding.java, /home/codenia/Videos/OZ-Chat_Prod_23_Mar_bgNoti_working/OZ-Chat_Prod/20251125_OZ-Chat_Android_App/OZ-Chat_Android_Dev/vector/build/generated/data_binding_base_class_source_out/gplayModernDebug/out/im/vector/app/databinding/FragmentVoiceRecorderBinding.java, /home/codenia/Videos/OZ-Chat_Prod_23_Mar_bgNoti_working/OZ-Chat_Prod/20251125_OZ-Chat_Android_App/OZ-Chat_Android_Dev/vector/build/generated/data_binding_base_class_source_out/gplayModernDebug/out/im/vector/app/databinding/BottomSheetGenericListWithTitleBinding.java, /home/codenia/Videos/OZ-Chat_Prod_23_Mar_bgNoti_working/OZ-Chat_Prod/20251125_OZ-Chat_Android_App/OZ-Chat_Android_Dev/vector/build/generated/data_binding_base_class_source_out/gplayModernDebug/out/im/vector/app/databinding/ItemPositiveDestrutiveButtonsBinding.java, /home/codenia/Videos/OZ-Chat_Prod_23_Mar_bgNoti_working/OZ-Chat_Prod/20251125_OZ-Chat_Android_App/OZ-Chat_Android_Dev/vector/build/generated/data_binding_base_class_source_out/gplayModernDebug/out/im/vector/app/databinding/BottomSheetLogoutAndBackupBinding.java, /home/codenia/Videos/OZ-Chat_Prod_23_Mar_bgNoti_working/OZ-Chat_Prod/20251125_OZ-Chat_Android_App/OZ-Chat_Android_Dev/vector/build/generated/data_binding_base_class_source_out/gplayModernDebug/out/im/vector/app/databinding/FragmentBootstrapWaitingBinding.java, /home/codenia/Videos/OZ-Chat_Prod_23_Mar_bgNoti_working/OZ-Chat_Prod/20251125_OZ-Chat_Android_App/OZ-Chat_Android_Dev/vector/build/generated/data_binding_base_class_source_out/gplayModernDebug/out/im/vector/app/databinding/FragmentBiometricDialogContainerBinding.java, /home/codenia/Videos/OZ-Chat_Prod_23_Mar_bgNoti_working/OZ-Chat_Prod/20251125_OZ-Chat_Android_App/OZ-Chat_Android_Dev/vector/build/generated/data_binding_base_class_source_out/gplayModernDebug/out/im/vector/app/databinding/BottomSheetInviteFriendsBinding.java, /home/codenia/Videos/OZ-Chat_Prod_23_Mar_bgNoti_working/OZ-Chat_Prod/20251125_OZ-Chat_Android_App/OZ-Chat_Android_Dev/vector/build/generated/data_binding_base_class_source_out/gplayModernDebug/out/im/vector/app/databinding/ComposerRichTextLayoutBinding.java, /home/codenia/Videos/OZ-Chat_Prod_23_Mar_bgNoti_working/OZ-Chat_Prod/20251125_OZ-Chat_Android_App/OZ-Chat_Android_Dev/vector/build/generated/data_binding_base_class_source_out/gplayModernDebug/out/im/vector/app/databinding/FragmentKeysBackupSetupStep3Binding.java, /home/codenia/Videos/OZ-Chat_Prod_23_Mar_bgNoti_working/OZ-Chat_Prod/20251125_OZ-Chat_Android_App/OZ-Chat_Android_Dev/vector/build/generated/data_binding_base_class_source_out/gplayModernDebug/out/im/vector/app/databinding/ActivityHomeBinding.java, /home/codenia/Videos/OZ-Chat_Prod_23_Mar_bgNoti_working/OZ-Chat_Prod/20251125_OZ-Chat_Android_App/OZ-Chat_Android_Dev/vector/build/generated/data_binding_base_class_source_out/gplayModernDebug/out/im/vector/app/databinding/ViewJoinConferenceBinding.java, /home/codenia/Videos/OZ-Chat_Prod_23_Mar_bgNoti_working/OZ-Chat_Prod/20251125_OZ-Chat_Android_App/OZ-Chat_Android_Dev/vector/build/generated/data_binding_base_class_source_out/gplayModernDebug/out/im/vector/app/databinding/FragmentFtueSplashCarouselBinding.java, /home/codenia/Videos/OZ-Chat_Prod_23_Mar_bgNoti_working/OZ-Chat_Prod/20251125_OZ-Chat_Android_App/OZ-Chat_Android_Dev/vector/build/generated/data_binding_base_class_source_out/gplayModernDebug/out/im/vector/app/databinding/FragmentKeysBackupSetupStep2Binding.java, /home/codenia/Videos/OZ-Chat_Prod_23_Mar_bgNoti_working/OZ-Chat_Prod/20251125_OZ-Chat_Android_App/OZ-Chat_Android_Dev/vector/build/generated/data_binding_base_class_source_out/gplayModernDebug/out/im/vector/app/databinding/ItemTimelineEventLiveLocationStartStubBinding.java, /home/codenia/Videos/OZ-Chat_Prod_23_Mar_bgNoti_working/OZ-Chat_Prod/20251125_OZ-Chat_Android_App/OZ-Chat_Android_Dev/vector/build/generated/data_binding_base_class_source_out/gplayModernDebug/out/im/vector/app/databinding/FragmentDevtoolKeyrequestsBinding.java, /home/codenia/Videos/OZ-Chat_Prod_23_Mar_bgNoti_working/OZ-Chat_Prod/20251125_OZ-Chat_Android_App/OZ-Chat_Android_Dev/vector/build/generated/data_binding_base_class_source_out/gplayModernDebug/out/im/vector/app/databinding/VectorSettingsListPreferenceWithWarningBinding.java, /home/codenia/Videos/OZ-Chat_Prod_23_Mar_bgNoti_working/OZ-Chat_Prod/20251125_OZ-Chat_Android_App/OZ-Chat_Android_Dev/vector/build/generated/data_binding_base_class_source_out/gplayModernDebug/out/im/vector/app/databinding/FragmentPublicRoomsBinding.java, /home/codenia/Videos/OZ-Chat_Prod_23_Mar_bgNoti_working/OZ-Chat_Prod/20251125_OZ-Chat_Android_App/OZ-Chat_Android_Dev/vector/build/generated/data_binding_base_class_source_out/gplayModernDebug/out/im/vector/app/databinding/ItemThreadBinding.java, /home/codenia/Videos/OZ-Chat_Prod_23_Mar_bgNoti_working/OZ-Chat_Prod/20251125_OZ-Chat_Android_App/OZ-Chat_Android_Dev/vector/build/generated/data_binding_base_class_source_out/gplayModernDebug/out/im/vector/app/databinding/FragmentInvitesBinding.java, /home/codenia/Videos/OZ-Chat_Prod_23_Mar_bgNoti_working/OZ-Chat_Prod/20251125_OZ-Chat_Android_App/OZ-Chat_Android_Dev/vector/build/generated/data_binding_base_class_source_out/gplayModernDebug/out/im/vector/app/databinding/ViewThreadNotificationBadgeBinding.java, /home/codenia/Videos/OZ-Chat_Prod_23_Mar_bgNoti_working/OZ-Chat_Prod/20251125_OZ-Chat_Android_App/OZ-Chat_Android_Dev/vector/build/generated/data_binding_base_class_source_out/gplayModernDebug/out/im/vector/app/databinding/VectorMessageMergeAvatarListBinding.java, /home/codenia/Videos/OZ-Chat_Prod_23_Mar_bgNoti_working/OZ-Chat_Prod/20251125_OZ-Chat_Android_App/OZ-Chat_Android_Dev/vector/build/generated/data_binding_base_class_source_out/gplayModernDebug/out/im/vector/app/databinding/DialogBackgroundSyncModeBinding.java, /home/codenia/Videos/OZ-Chat_Prod_23_Mar_bgNoti_working/OZ-Chat_Prod/20251125_OZ-Chat_Android_App/OZ-Chat_Android_Dev/vector/build/generated/data_binding_base_class_source_out/gplayModernDebug/out/im/vector/app/databinding/ViewButtonStateBinding.java, /home/codenia/Videos/OZ-Chat_Prod_23_Mar_bgNoti_working/OZ-Chat_Prod/20251125_OZ-Chat_Android_App/OZ-Chat_Android_Dev/vector/build/generated/data_binding_base_class_source_out/gplayModernDebug/out/im/vector/app/databinding/ActivityJitsiBinding.java, /home/codenia/Videos/OZ-Chat_Prod_23_Mar_bgNoti_working/OZ-Chat_Prod/20251125_OZ-Chat_Android_App/OZ-Chat_Android_Dev/vector/build/generated/data_binding_base_class_source_out/gplayModernDebug/out/im/vector/app/databinding/BottomSheetDeviceManagerFilterBinding.java, /home/codenia/Videos/OZ-Chat_Prod_23_Mar_bgNoti_working/OZ-Chat_Prod/20251125_OZ-Chat_Android_App/OZ-Chat_Android_Dev/vector/build/generated/data_binding_base_class_source_out/gplayModernDebug/out/im/vector/app/databinding/ViewMapLoadingErrorBinding.java, /home/codenia/Videos/OZ-Chat_Prod_23_Mar_bgNoti_working/OZ-Chat_Prod/20251125_OZ-Chat_Android_App/OZ-Chat_Android_Dev/vector/build/generated/data_binding_base_class_source_out/gplayModernDebug/out/im/vector/app/databinding/FragmentRoomDirectoryPickerBinding.java, /home/codenia/Videos/OZ-Chat_Prod_23_Mar_bgNoti_working/OZ-Chat_Prod/20251125_OZ-Chat_Android_App/OZ-Chat_Android_Dev/vector/build/generated/data_binding_base_class_source_out/gplayModernDebug/out/im/vector/app/databinding/FragmentLoginWebBinding.java, /home/codenia/Videos/OZ-Chat_Prod_23_Mar_bgNoti_working/OZ-Chat_Prod/20251125_OZ-Chat_Android_App/OZ-Chat_Android_Dev/vector/build/generated/data_binding_base_class_source_out/gplayModernDebug/out/im/vector/app/databinding/ItemLiveLocationUsersBottomSheetBinding.java, /home/codenia/Videos/OZ-Chat_Prod_23_Mar_bgNoti_working/OZ-Chat_Prod/20251125_OZ-Chat_Android_App/OZ-Chat_Android_Dev/vector/build/generated/data_binding_base_class_source_out/gplayModernDebug/out/im/vector/app/databinding/ViewRoomWidgetsBannerBinding.java, /home/codenia/Videos/OZ-Chat_Prod_23_Mar_bgNoti_working/OZ-Chat_Prod/20251125_OZ-Chat_Android_App/OZ-Chat_Android_Dev/vector/build/generated/data_binding_base_class_source_out/gplayModernDebug/out/im/vector/app/databinding/FragmentContactsBookBinding.java, /home/codenia/Videos/OZ-Chat_Prod_23_Mar_bgNoti_working/OZ-Chat_Prod/20251125_OZ-Chat_Android_App/OZ-Chat_Android_Dev/vector/build/generated/data_binding_base_class_source_out/gplayModernDebug/out/im/vector/app/databinding/FragmentFtueProfilePictureBinding.java, /home/codenia/Videos/OZ-Chat_Prod_23_Mar_bgNoti_working/OZ-Chat_Prod/20251125_OZ-Chat_Android_App/OZ-Chat_Android_Dev/vector/build/generated/data_binding_base_class_source_out/gplayModernDebug/out/im/vector/app/databinding/MergeImageAttachmentOverlayBinding.java, /home/codenia/Videos/OZ-Chat_Prod_23_Mar_bgNoti_working/OZ-Chat_Prod/20251125_OZ-Chat_Android_App/OZ-Chat_Android_Dev/vector/build/generated/data_binding_base_class_source_out/gplayModernDebug/out/im/vector/app/databinding/ActivityCallTransferBinding.java, /home/codenia/Videos/OZ-Chat_Prod_23_Mar_bgNoti_working/OZ-Chat_Prod/20251125_OZ-Chat_Android_App/OZ-Chat_Android_Dev/vector/build/generated/data_binding_base_class_source_out/gplayModernDebug/out/im/vector/app/databinding/BottomSheetReleaseNotesBinding.java, /home/codenia/Videos/OZ-Chat_Prod_23_Mar_bgNoti_working/OZ-Chat_Prod/20251125_OZ-Chat_Android_App/OZ-Chat_Android_Dev/vector/build/generated/data_binding_base_class_source_out/gplayModernDebug/out/im/vector/app/databinding/FragmentRoomPollDetailBinding.java, /home/codenia/Videos/OZ-Chat_Prod_23_Mar_bgNoti_working/OZ-Chat_Prod/20251125_OZ-Chat_Android_App/OZ-Chat_Android_Dev/vector/build/generated/data_binding_base_class_source_out/gplayModernDebug/out/im/vector/app/databinding/FragmentJoinRulesRecyclerBinding.java, /home/codenia/Videos/OZ-Chat_Prod_23_Mar_bgNoti_working/OZ-Chat_Prod/20251125_OZ-Chat_Android_App/OZ-Chat_Android_Dev/vector/build/generated/data_binding_base_class_source_out/gplayModernDebug/out/im/vector/app/databinding/ItemPollBinding.java, /home/codenia/Videos/OZ-Chat_Prod_23_Mar_bgNoti_working/OZ-Chat_Prod/20251125_OZ-Chat_Android_App/OZ-Chat_Android_Dev/vector/build/generated/data_binding_base_class_source_out/gplayModernDebug/out/im/vector/app/databinding/FragmentLoginWaitForEmailBinding.java, /home/codenia/Videos/OZ-Chat_Prod_23_Mar_bgNoti_working/OZ-Chat_Prod/20251125_OZ-Chat_Android_App/OZ-Chat_Android_Dev/vector/build/generated/data_binding_base_class_source_out/gplayModernDebug/out/im/vector/app/databinding/ViewStubFailedMessageWarningLayoutBinding.java, /home/codenia/Videos/OZ-Chat_Prod_23_Mar_bgNoti_working/OZ-Chat_Prod/20251125_OZ-Chat_Android_App/OZ-Chat_Android_Dev/vector/build/generated/data_binding_base_class_source_out/gplayModernDebug/out/im/vector/app/databinding/ViewLiveLocationRunningBannerBinding.java, /home/codenia/Videos/OZ-Chat_Prod_23_Mar_bgNoti_working/OZ-Chat_Prod/20251125_OZ-Chat_Android_App/OZ-Chat_Android_Dev/vector/build/generated/data_binding_base_class_source_out/gplayModernDebug/out/im/vector/app/databinding/ItemPollOptionBinding.java, /home/codenia/Videos/OZ-Chat_Prod_23_Mar_bgNoti_working/OZ-Chat_Prod/20251125_OZ-Chat_Android_App/OZ-Chat_Android_Dev/vector/build/generated/data_binding_base_class_source_out/gplayModernDebug/out/im/vector/app/databinding/FragmentLoginCaptchaBinding.java, /home/codenia/Videos/OZ-Chat_Prod_23_Mar_bgNoti_working/OZ-Chat_Prod/20251125_OZ-Chat_Android_App/OZ-Chat_Android_Dev/vector/build/generated/data_binding_base_class_source_out/gplayModernDebug/out/im/vector/app/databinding/FragmentIncomingShareBinding.java, /home/codenia/Videos/OZ-Chat_Prod_23_Mar_bgNoti_working/OZ-Chat_Prod/20251125_OZ-Chat_Android_App/OZ-Chat_Android_Dev/vector/build/generated/data_binding_base_class_source_out/gplayModernDebug/out/im/vector/app/databinding/ViewRoomDetailThreadToolbarBinding.java, /home/codenia/Videos/OZ-Chat_Prod_23_Mar_bgNoti_working/OZ-Chat_Prod/20251125_OZ-Chat_Android_App/OZ-Chat_Android_Dev/vector/build/generated/data_binding_base_class_source_out/gplayModernDebug/out/im/vector/app/databinding/ActivityBugReportBinding.java, /home/codenia/Videos/OZ-Chat_Prod_23_Mar_bgNoti_working/OZ-Chat_Prod/20251125_OZ-Chat_Android_App/OZ-Chat_Android_Dev/vector/build/generated/data_binding_base_class_source_out/gplayModernDebug/out/im/vector/app/databinding/ViewUrlPreviewBinding.java, /home/codenia/Videos/OZ-Chat_Prod_23_Mar_bgNoti_working/OZ-Chat_Prod/20251125_OZ-Chat_Android_App/OZ-Chat_Android_Dev/vector/build/generated/data_binding_base_class_source_out/gplayModernDebug/out/im/vector/app/databinding/FragmentMatrixToRoomSpaceCardBinding.java, /home/codenia/Videos/OZ-Chat_Prod_23_Mar_bgNoti_working/OZ-Chat_Prod/20251125_OZ-Chat_Android_App/OZ-Chat_Android_Dev/vector/build/generated/data_binding_base_class_source_out/gplayModernDebug/out/im/vector/app/databinding/ViewRichTextMenuButtonBinding.java, /home/codenia/Videos/OZ-Chat_Prod_23_Mar_bgNoti_working/OZ-Chat_Prod/20251125_OZ-Chat_Android_App/OZ-Chat_Android_Dev/vector/build/generated/data_binding_base_class_source_out/gplayModernDebug/out/im/vector/app/databinding/FragmentHomeDrawerBinding.java, /home/codenia/Videos/OZ-Chat_Prod_23_Mar_bgNoti_working/OZ-Chat_Prod/20251125_OZ-Chat_Android_App/OZ-Chat_Android_Dev/vector/build/generated/data_binding_base_class_source_out/gplayModernDebug/out/im/vector/app/databinding/FragmentNewHomeDetailBinding.java, /home/codenia/Videos/OZ-Chat_Prod_23_Mar_bgNoti_working/OZ-Chat_Prod/20251125_OZ-Chat_Android_App/OZ-Chat_Android_Dev/vector/build/generated/data_binding_base_class_source_out/gplayModernDebug/out/im/vector/app/databinding/BottomSheetCallDialPadBinding.java, /home/codenia/Videos/OZ-Chat_Prod_23_Mar_bgNoti_working/OZ-Chat_Prod/20251125_OZ-Chat_Android_App/OZ-Chat_Android_Dev/vector/build/generated/data_binding_base_class_source_out/gplayModernDebug/out/im/vector/app/databinding/MergeOverlayWaitingViewBinding.java, /home/codenia/Videos/OZ-Chat_Prod_23_Mar_bgNoti_working/OZ-Chat_Prod/20251125_OZ-Chat_Android_App/OZ-Chat_Android_Dev/vector/build/generated/data_binding_base_class_source_out/gplayModernDebug/out/im/vector/app/databinding/FragmentKeysBackupRestoreFromKeyBinding.java, /home/codenia/Videos/OZ-Chat_Prod_23_Mar_bgNoti_working/OZ-Chat_Prod/20251125_OZ-Chat_Android_App/OZ-Chat_Android_Dev/vector/build/generated/data_binding_base_class_source_out/gplayModernDebug/out/im/vector/app/databinding/FragmentRoomListBinding.java, /home/codenia/Videos/OZ-Chat_Prod_23_Mar_bgNoti_working/OZ-Chat_Prod/20251125_OZ-Chat_Android_App/OZ-Chat_Android_Dev/vector/build/generated/data_binding_base_class_source_out/gplayModernDebug/out/im/vector/app/databinding/FragmentFtuePersonalizationCompleteBinding.java, /home/codenia/Videos/OZ-Chat_Prod_23_Mar_bgNoti_working/OZ-Chat_Prod/20251125_OZ-Chat_Android_App/OZ-Chat_Android_Dev/vector/build/generated/data_binding_base_class_source_out/gplayModernDebug/out/im/vector/app/databinding/ActivityProgressBinding.java, /home/codenia/Videos/OZ-Chat_Prod_23_Mar_bgNoti_working/OZ-Chat_Prod/20251125_OZ-Chat_Android_App/OZ-Chat_Android_Dev/vector/build/generated/data_binding_base_class_source_out/gplayModernDebug/out/im/vector/app/databinding/ViewVoiceBroadcastMetadataBinding.java, /home/codenia/Videos/OZ-Chat_Prod_23_Mar_bgNoti_working/OZ-Chat_Prod/20251125_OZ-Chat_Android_App/OZ-Chat_Android_Dev/vector/build/generated/data_binding_base_class_source_out/gplayModernDebug/out/im/vector/app/databinding/VectorSettingsRoundAvatarBinding.java, /home/codenia/Videos/OZ-Chat_Prod_23_Mar_bgNoti_working/OZ-Chat_Prod/20251125_OZ-Chat_Android_App/OZ-Chat_Android_Dev/vector/build/generated/data_binding_base_class_source_out/gplayModernDebug/out/im/vector/app/databinding/ViewLocationSharingOptionPickerBinding.java, /home/codenia/Videos/OZ-Chat_Prod_23_Mar_bgNoti_working/OZ-Chat_Prod/20251125_OZ-Chat_Android_App/OZ-Chat_Android_Dev/vector/build/generated/data_binding_base_class_source_out/gplayModernDebug/out/im/vector/app/databinding/ViewVoiceMessageRecorderBinding.java, /home/codenia/Videos/OZ-Chat_Prod_23_Mar_bgNoti_working/OZ-Chat_Prod/20251125_OZ-Chat_Android_App/OZ-Chat_Android_Dev/vector/build/generated/data_binding_base_class_source_out/gplayModernDebug/out/im/vector/app/databinding/ViewLocationSharingOptionBinding.java, /home/codenia/Videos/OZ-Chat_Prod_23_Mar_bgNoti_working/OZ-Chat_Prod/20251125_OZ-Chat_Android_App/OZ-Chat_Android_Dev/vector/build/generated/data_binding_base_class_source_out/gplayModernDebug/out/im/vector/app/databinding/FragmentSpaceCreateGenericEpoxyFormBinding.java, /home/codenia/Videos/OZ-Chat_Prod_23_Mar_bgNoti_working/OZ-Chat_Prod/20251125_OZ-Chat_Android_App/OZ-Chat_Android_Dev/vector/build/generated/data_binding_base_class_source_out/gplayModernDebug/out/im/vector/app/databinding/FragmentSessionRenameBinding.java, /home/codenia/Videos/OZ-Chat_Prod_23_Mar_bgNoti_working/OZ-Chat_Prod/20251125_OZ-Chat_Android_App/OZ-Chat_Android_Dev/vector/build/generated/data_binding_base_class_source_out/gplayModernDebug/out/im/vector/app/databinding/FragmentUserListBinding.java, /home/codenia/Videos/OZ-Chat_Prod_23_Mar_bgNoti_working/OZ-Chat_Prod/20251125_OZ-Chat_Android_App/OZ-Chat_Android_Dev/vector/build/generated/data_binding_base_class_source_out/gplayModernDebug/out/im/vector/app/databinding/FragmentRoomMemberListBinding.java, /home/codenia/Videos/OZ-Chat_Prod_23_Mar_bgNoti_working/OZ-Chat_Prod/20251125_OZ-Chat_Android_App/OZ-Chat_Android_Dev/vector/build/generated/data_binding_base_class_source_out/gplayModernDebug/out/im/vector/app/databinding/FragmentSsssResetAllBinding.java, /home/codenia/Videos/OZ-Chat_Prod_23_Mar_bgNoti_working/OZ-Chat_Prod/20251125_OZ-Chat_Android_App/OZ-Chat_Android_Dev/vector/build/generated/data_binding_base_class_source_out/gplayModernDebug/out/im/vector/app/databinding/FragmentRoomWidgetBinding.java, /home/codenia/Videos/OZ-Chat_Prod_23_Mar_bgNoti_working/OZ-Chat_Prod/20251125_OZ-Chat_Android_App/OZ-Chat_Android_Dev/vector/build/generated/data_binding_base_class_source_out/gplayModernDebug/out/im/vector/app/databinding/ViewRoomDetailToolbarBinding.java, /home/codenia/Videos/OZ-Chat_Prod_23_Mar_bgNoti_working/OZ-Chat_Prod/20251125_OZ-Chat_Android_App/OZ-Chat_Android_Dev/vector/build/generated/data_binding_base_class_source_out/gplayModernDebug/out/im/vector/app/databinding/FragmentFtueEmailInputBinding.java, /home/codenia/Videos/OZ-Chat_Prod_23_Mar_bgNoti_working/OZ-Chat_Prod/20251125_OZ-Chat_Android_App/OZ-Chat_Android_Dev/vector/build/generated/data_binding_base_class_source_out/gplayModernDebug/out/im/vector/app/databinding/ComposerLayoutBinding.java, /home/codenia/Videos/OZ-Chat_Prod_23_Mar_bgNoti_working/OZ-Chat_Prod/20251125_OZ-Chat_Android_App/OZ-Chat_Android_Dev/vector/build/generated/data_binding_base_class_source_out/gplayModernDebug/out/im/vector/app/databinding/ViewThreadRoomSummaryBinding.java, /home/codenia/Videos/OZ-Chat_Prod_23_Mar_bgNoti_working/OZ-Chat_Prod/20251125_OZ-Chat_Android_App/OZ-Chat_Android_Dev/vector/build/generated/data_binding_base_class_source_out/gplayModernDebug/out/im/vector/app/databinding/FragmentBootstrapReauthBinding.java, /home/codenia/Videos/OZ-Chat_Prod_23_Mar_bgNoti_working/OZ-Chat_Prod/20251125_OZ-Chat_Android_App/OZ-Chat_Android_Dev/vector/build/generated/data_binding_base_class_source_out/gplayModernDebug/out/im/vector/app/databinding/ViewSessionWarningInfoBinding.java, /home/codenia/Videos/OZ-Chat_Prod_23_Mar_bgNoti_working/OZ-Chat_Prod/20251125_OZ-Chat_Android_App/OZ-Chat_Android_Dev/vector/build/generated/data_binding_base_class_source_out/gplayModernDebug/out/im/vector/app/databinding/DialogChangePasswordBinding.java, /home/codenia/Videos/OZ-Chat_Prod_23_Mar_bgNoti_working/OZ-Chat_Prod/20251125_OZ-Chat_Android_App/OZ-Chat_Android_Dev/vector/build/generated/data_binding_base_class_source_out/gplayModernDebug/out/im/vector/app/databinding/FragmentSpaceListBinding.java, /home/codenia/Videos/OZ-Chat_Prod_23_Mar_bgNoti_working/OZ-Chat_Prod/20251125_OZ-Chat_Android_App/OZ-Chat_Android_Dev/vector/build/generated/data_binding_base_class_source_out/gplayModernDebug/out/im/vector/app/databinding/FragmentSpacePreviewBinding.java, /home/codenia/Videos/OZ-Chat_Prod_23_Mar_bgNoti_working/OZ-Chat_Prod/20251125_OZ-Chat_Android_App/OZ-Chat_Android_Dev/vector/build/generated/data_binding_base_class_source_out/gplayModernDebug/out/im/vector/app/databinding/FragmentRoomUploadsBinding.java, /home/codenia/Videos/OZ-Chat_Prod_23_Mar_bgNoti_working/OZ-Chat_Prod/20251125_OZ-Chat_Android_App/OZ-Chat_Android_Dev/vector/build/generated/data_binding_base_class_source_out/gplayModernDebug/out/im/vector/app/databinding/FragmentFtueCombinedRegisterBinding.java, /home/codenia/Videos/OZ-Chat_Prod_23_Mar_bgNoti_working/OZ-Chat_Prod/20251125_OZ-Chat_Android_App/OZ-Chat_Android_Dev/vector/build/generated/data_binding_base_class_source_out/gplayModernDebug/out/im/vector/app/databinding/ItemTimelineEventBubbleOutgoingBaseBinding.java, /home/codenia/Videos/OZ-Chat_Prod_23_Mar_bgNoti_working/OZ-Chat_Prod/20251125_OZ-Chat_Android_App/OZ-Chat_Android_Dev/vector/build/generated/data_binding_base_class_source_out/gplayModernDebug/out/im/vector/app/databinding/FragmentFtueServerSelectionCombinedBinding.java
Script source files: 
Script file extensions: 
[KOTLIN] Kotlin compilation 'jdkHome' argument: null
i: [ksp] loaded provider(s): [com.squareup.moshi.kotlin.codegen.ksp.JsonClassSymbolProcessorProvider]
Finished executing kotlin compiler using DAEMON strategy
Stored cache entry for task ':vector:kspGplayModernDebugKotlin' with cache key bf92362642eaa3721ab71c3cb4044437
Resolve mutations for :vector:kaptGenerateStubsGplayModernDebugKotlin (Thread[#500,Execution worker,5,main]) started.
:vector:kaptGenerateStubsGplayModernDebugKotlin (Thread[#500,Execution worker,5,main]) started.

> Task :vector:kaptGenerateStubsGplayModernDebugKotlin
Build cache key for task ':vector:kaptGenerateStubsGplayModernDebugKotlin' is 7e52e8af9916afeadfbfefe9c81eeed9
Task ':vector:kaptGenerateStubsGplayModernDebugKotlin' is not up-to-date because:
  Output property 'classpathSnapshotProperties.classpathSnapshotDir' file /home/codenia/Videos/OZ-Chat_Prod_23_Mar_bgNoti_working/OZ-Chat_Prod/20251125_OZ-Chat_Android_App/OZ-Chat_Android_Dev/vector/build/kotlin/kaptGenerateStubsGplayModernDebugKotlin/classpath-snapshot has been removed.
  Output property 'classpathSnapshotProperties.classpathSnapshotDir' file /home/codenia/Videos/OZ-Chat_Prod_23_Mar_bgNoti_working/OZ-Chat_Prod/20251125_OZ-Chat_Android_App/OZ-Chat_Android_Dev/vector/build/kotlin/kaptGenerateStubsGplayModernDebugKotlin/classpath-snapshot/shrunk-classpath-snapshot.bin has been removed.
  Output property 'destinationDirectory' file /home/codenia/Videos/OZ-Chat_Prod_23_Mar_bgNoti_working/OZ-Chat_Prod/20251125_OZ-Chat_Android_App/OZ-Chat_Android_Dev/vector/build/tmp/kapt3/incrementalData/gplayModernDebug has been removed.
  and more...
The input changes require a full rebuild for incremental task ':vector:kaptGenerateStubsGplayModernDebugKotlin'.
file or directory '/home/codenia/Videos/OZ-Chat_Prod_23_Mar_bgNoti_working/OZ-Chat_Prod/20251125_OZ-Chat_Android_App/OZ-Chat_Android_Dev/vector/src/gplayModernDebug/kotlin', not found
file or directory '/home/codenia/Videos/OZ-Chat_Prod_23_Mar_bgNoti_working/OZ-Chat_Prod/20251125_OZ-Chat_Android_App/OZ-Chat_Android_Dev/vector/src/gplayModernDebug/java', not found
file or directory '/home/codenia/Videos/OZ-Chat_Prod_23_Mar_bgNoti_working/OZ-Chat_Prod/20251125_OZ-Chat_Android_App/OZ-Chat_Android_Dev/vector/src/gplayModernDebug/kotlin', not found
file or directory '/home/codenia/Videos/OZ-Chat_Prod_23_Mar_bgNoti_working/OZ-Chat_Prod/20251125_OZ-Chat_Android_App/OZ-Chat_Android_Dev/vector/src/gplayModernDebug/java', not found
file or directory '/home/codenia/Videos/OZ-Chat_Prod_23_Mar_bgNoti_working/OZ-Chat_Prod/20251125_OZ-Chat_Android_App/OZ-Chat_Android_Dev/vector/src/gplayModernDebug/kotlin', not found
file or directory '/home/codenia/Videos/OZ-Chat_Prod_23_Mar_bgNoti_working/OZ-Chat_Prod/20251125_OZ-Chat_Android_App/OZ-Chat_Android_Dev/vector/src/gplayModernDebug/java', not found
file or directory '/home/codenia/Videos/OZ-Chat_Prod_23_Mar_bgNoti_working/OZ-Chat_Prod/20251125_OZ-Chat_Android_App/OZ-Chat_Android_Dev/vector/build/generated/ksp/gplayModernDebug/java', not found
file or directory '/home/codenia/Videos/OZ-Chat_Prod_23_Mar_bgNoti_working/OZ-Chat_Prod/20251125_OZ-Chat_Android_App/OZ-Chat_Android_Dev/vector/src/main/kotlin', not found
file or directory '/home/codenia/Videos/OZ-Chat_Prod_23_Mar_bgNoti_working/OZ-Chat_Prod/20251125_OZ-Chat_Android_App/OZ-Chat_Android_Dev/vector/src/main/kotlin', not found
file or directory '/home/codenia/Videos/OZ-Chat_Prod_23_Mar_bgNoti_working/OZ-Chat_Prod/20251125_OZ-Chat_Android_App/OZ-Chat_Android_Dev/vector/src/main/kotlin', not found
file or directory '/home/codenia/Videos/OZ-Chat_Prod_23_Mar_bgNoti_working/OZ-Chat_Prod/20251125_OZ-Chat_Android_App/OZ-Chat_Android_Dev/vector/src/modern/kotlin', not found
file or directory '/home/codenia/Videos/OZ-Chat_Prod_23_Mar_bgNoti_working/OZ-Chat_Prod/20251125_OZ-Chat_Android_App/OZ-Chat_Android_Dev/vector/src/modern/java', not found
file or directory '/home/codenia/Videos/OZ-Chat_Prod_23_Mar_bgNoti_working/OZ-Chat_Prod/20251125_OZ-Chat_Android_App/OZ-Chat_Android_Dev/vector/src/modern/kotlin', not found
file or directory '/home/codenia/Videos/OZ-Chat_Prod_23_Mar_bgNoti_working/OZ-Chat_Prod/20251125_OZ-Chat_Android_App/OZ-Chat_Android_Dev/vector/src/modern/java', not found
file or directory '/home/codenia/Videos/OZ-Chat_Prod_23_Mar_bgNoti_working/OZ-Chat_Prod/20251125_OZ-Chat_Android_App/OZ-Chat_Android_Dev/vector/src/modern/kotlin', not found
file or directory '/home/codenia/Videos/OZ-Chat_Prod_23_Mar_bgNoti_working/OZ-Chat_Prod/20251125_OZ-Chat_Android_App/OZ-Chat_Android_Dev/vector/src/modern/java', not found
file or directory '/home/codenia/Videos/OZ-Chat_Prod_23_Mar_bgNoti_working/OZ-Chat_Prod/20251125_OZ-Chat_Android_App/OZ-Chat_Android_Dev/vector/src/gplay/kotlin', not found
file or directory '/home/codenia/Videos/OZ-Chat_Prod_23_Mar_bgNoti_working/OZ-Chat_Prod/20251125_OZ-Chat_Android_App/OZ-Chat_Android_Dev/vector/src/gplay/java', not found
file or directory '/home/codenia/Videos/OZ-Chat_Prod_23_Mar_bgNoti_working/OZ-Chat_Prod/20251125_OZ-Chat_Android_App/OZ-Chat_Android_Dev/vector/src/gplay/kotlin', not found
file or directory '/home/codenia/Videos/OZ-Chat_Prod_23_Mar_bgNoti_working/OZ-Chat_Prod/20251125_OZ-Chat_Android_App/OZ-Chat_Android_Dev/vector/src/gplay/java', not found
file or directory '/home/codenia/Videos/OZ-Chat_Prod_23_Mar_bgNoti_working/OZ-Chat_Prod/20251125_OZ-Chat_Android_App/OZ-Chat_Android_Dev/vector/src/gplay/kotlin', not found
file or directory '/home/codenia/Videos/OZ-Chat_Prod_23_Mar_bgNoti_working/OZ-Chat_Prod/20251125_OZ-Chat_Android_App/OZ-Chat_Android_Dev/vector/src/gplay/java', not found
file or directory '/home/codenia/Videos/OZ-Chat_Prod_23_Mar_bgNoti_working/OZ-Chat_Prod/20251125_OZ-Chat_Android_App/OZ-Chat_Android_Dev/vector/src/gplayModern/kotlin', not found
file or directory '/home/codenia/Videos/OZ-Chat_Prod_23_Mar_bgNoti_working/OZ-Chat_Prod/20251125_OZ-Chat_Android_App/OZ-Chat_Android_Dev/vector/src/gplayModern/java', not found
file or directory '/home/codenia/Videos/OZ-Chat_Prod_23_Mar_bgNoti_working/OZ-Chat_Prod/20251125_OZ-Chat_Android_App/OZ-Chat_Android_Dev/vector/src/gplayModern/kotlin', not found
file or directory '/home/codenia/Videos/OZ-Chat_Prod_23_Mar_bgNoti_working/OZ-Chat_Prod/20251125_OZ-Chat_Android_App/OZ-Chat_Android_Dev/vector/src/gplayModern/java', not found
file or directory '/home/codenia/Videos/OZ-Chat_Prod_23_Mar_bgNoti_working/OZ-Chat_Prod/20251125_OZ-Chat_Android_App/OZ-Chat_Android_Dev/vector/src/gplayModern/kotlin', not found
file or directory '/home/codenia/Videos/OZ-Chat_Prod_23_Mar_bgNoti_working/OZ-Chat_Prod/20251125_OZ-Chat_Android_App/OZ-Chat_Android_Dev/vector/src/gplayModern/java', not found
file or directory '/home/codenia/Videos/OZ-Chat_Prod_23_Mar_bgNoti_working/OZ-Chat_Prod/20251125_OZ-Chat_Android_App/OZ-Chat_Android_Dev/vector/src/debug/kotlin', not found
file or directory '/home/codenia/Videos/OZ-Chat_Prod_23_Mar_bgNoti_working/OZ-Chat_Prod/20251125_OZ-Chat_Android_App/OZ-Chat_Android_Dev/vector/src/debug/java', not found
file or directory '/home/codenia/Videos/OZ-Chat_Prod_23_Mar_bgNoti_working/OZ-Chat_Prod/20251125_OZ-Chat_Android_App/OZ-Chat_Android_Dev/vector/src/debug/kotlin', not found
file or directory '/home/codenia/Videos/OZ-Chat_Prod_23_Mar_bgNoti_working/OZ-Chat_Prod/20251125_OZ-Chat_Android_App/OZ-Chat_Android_Dev/vector/src/debug/java', not found
file or directory '/home/codenia/Videos/OZ-Chat_Prod_23_Mar_bgNoti_working/OZ-Chat_Prod/20251125_OZ-Chat_Android_App/OZ-Chat_Android_Dev/vector/src/debug/kotlin', not found
file or directory '/home/codenia/Videos/OZ-Chat_Prod_23_Mar_bgNoti_working/OZ-Chat_Prod/20251125_OZ-Chat_Android_App/OZ-Chat_Android_Dev/vector/src/debug/java', not found
file or directory '/home/codenia/Videos/OZ-Chat_Prod_23_Mar_bgNoti_working/OZ-Chat_Prod/20251125_OZ-Chat_Android_App/OZ-Chat_Android_Dev/vector/src/main/kotlin', not found
file or directory '/home/codenia/Videos/OZ-Chat_Prod_23_Mar_bgNoti_working/OZ-Chat_Prod/20251125_OZ-Chat_Android_App/OZ-Chat_Android_Dev/vector/src/main/kotlin', not found
file or directory '/home/codenia/Videos/OZ-Chat_Prod_23_Mar_bgNoti_working/OZ-Chat_Prod/20251125_OZ-Chat_Android_App/OZ-Chat_Android_Dev/vector/src/main/kotlin', not found
file or directory '/home/codenia/Videos/OZ-Chat_Prod_23_Mar_bgNoti_working/OZ-Chat_Prod/20251125_OZ-Chat_Android_App/OZ-Chat_Android_Dev/vector/src/modern/kotlin', not found
file or directory '/home/codenia/Videos/OZ-Chat_Prod_23_Mar_bgNoti_working/OZ-Chat_Prod/20251125_OZ-Chat_Android_App/OZ-Chat_Android_Dev/vector/src/modern/java', not found
file or directory '/home/codenia/Videos/OZ-Chat_Prod_23_Mar_bgNoti_working/OZ-Chat_Prod/20251125_OZ-Chat_Android_App/OZ-Chat_Android_Dev/vector/src/modern/kotlin', not found
file or directory '/home/codenia/Videos/OZ-Chat_Prod_23_Mar_bgNoti_working/OZ-Chat_Prod/20251125_OZ-Chat_Android_App/OZ-Chat_Android_Dev/vector/src/modern/java', not found
file or directory '/home/codenia/Videos/OZ-Chat_Prod_23_Mar_bgNoti_working/OZ-Chat_Prod/20251125_OZ-Chat_Android_App/OZ-Chat_Android_Dev/vector/src/modern/kotlin', not found
file or directory '/home/codenia/Videos/OZ-Chat_Prod_23_Mar_bgNoti_working/OZ-Chat_Prod/20251125_OZ-Chat_Android_App/OZ-Chat_Android_Dev/vector/src/modern/java', not found
file or directory '/home/codenia/Videos/OZ-Chat_Prod_23_Mar_bgNoti_working/OZ-Chat_Prod/20251125_OZ-Chat_Android_App/OZ-Chat_Android_Dev/vector/src/gplay/kotlin', not found
file or directory '/home/codenia/Videos/OZ-Chat_Prod_23_Mar_bgNoti_working/OZ-Chat_Prod/20251125_OZ-Chat_Android_App/OZ-Chat_Android_Dev/vector/src/gplay/java', not found
file or directory '/home/codenia/Videos/OZ-Chat_Prod_23_Mar_bgNoti_working/OZ-Chat_Prod/20251125_OZ-Chat_Android_App/OZ-Chat_Android_Dev/vector/src/gplay/kotlin', not found
file or directory '/home/codenia/Videos/OZ-Chat_Prod_23_Mar_bgNoti_working/OZ-Chat_Prod/20251125_OZ-Chat_Android_App/OZ-Chat_Android_Dev/vector/src/gplay/java', not found
file or directory '/home/codenia/Videos/OZ-Chat_Prod_23_Mar_bgNoti_working/OZ-Chat_Prod/20251125_OZ-Chat_Android_App/OZ-Chat_Android_Dev/vector/src/gplay/kotlin', not found
file or directory '/home/codenia/Videos/OZ-Chat_Prod_23_Mar_bgNoti_working/OZ-Chat_Prod/20251125_OZ-Chat_Android_App/OZ-Chat_Android_Dev/vector/src/gplay/java', not found
file or directory '/home/codenia/Videos/OZ-Chat_Prod_23_Mar_bgNoti_working/OZ-Chat_Prod/20251125_OZ-Chat_Android_App/OZ-Chat_Android_Dev/vector/src/gplayModern/kotlin', not found
file or directory '/home/codenia/Videos/OZ-Chat_Prod_23_Mar_bgNoti_working/OZ-Chat_Prod/20251125_OZ-Chat_Android_App/OZ-Chat_Android_Dev/vector/src/gplayModern/java', not found
file or directory '/home/codenia/Videos/OZ-Chat_Prod_23_Mar_bgNoti_working/OZ-Chat_Prod/20251125_OZ-Chat_Android_App/OZ-Chat_Android_Dev/vector/src/gplayModern/kotlin', not found
file or directory '/home/codenia/Videos/OZ-Chat_Prod_23_Mar_bgNoti_working/OZ-Chat_Prod/20251125_OZ-Chat_Android_App/OZ-Chat_Android_Dev/vector/src/gplayModern/java', not found
file or directory '/home/codenia/Videos/OZ-Chat_Prod_23_Mar_bgNoti_working/OZ-Chat_Prod/20251125_OZ-Chat_Android_App/OZ-Chat_Android_Dev/vector/src/gplayModern/kotlin', not found
file or directory '/home/codenia/Videos/OZ-Chat_Prod_23_Mar_bgNoti_working/OZ-Chat_Prod/20251125_OZ-Chat_Android_App/OZ-Chat_Android_Dev/vector/src/gplayModern/java', not found
file or directory '/home/codenia/Videos/OZ-Chat_Prod_23_Mar_bgNoti_working/OZ-Chat_Prod/20251125_OZ-Chat_Android_App/OZ-Chat_Android_Dev/vector/src/debug/kotlin', not found
file or directory '/home/codenia/Videos/OZ-Chat_Prod_23_Mar_bgNoti_working/OZ-Chat_Prod/20251125_OZ-Chat_Android_App/OZ-Chat_Android_Dev/vector/src/debug/java', not found
file or directory '/home/codenia/Videos/OZ-Chat_Prod_23_Mar_bgNoti_working/OZ-Chat_Prod/20251125_OZ-Chat_Android_App/OZ-Chat_Android_Dev/vector/src/debug/kotlin', not found
file or directory '/home/codenia/Videos/OZ-Chat_Prod_23_Mar_bgNoti_working/OZ-Chat_Prod/20251125_OZ-Chat_Android_App/OZ-Chat_Android_Dev/vector/src/debug/java', not found
file or directory '/home/codenia/Videos/OZ-Chat_Prod_23_Mar_bgNoti_working/OZ-Chat_Prod/20251125_OZ-Chat_Android_App/OZ-Chat_Android_Dev/vector/src/debug/kotlin', not found
file or directory '/home/codenia/Videos/OZ-Chat_Prod_23_Mar_bgNoti_working/OZ-Chat_Prod/20251125_OZ-Chat_Android_App/OZ-Chat_Android_Dev/vector/src/debug/java', not found
file or directory '/home/codenia/Videos/OZ-Chat_Prod_23_Mar_bgNoti_working/OZ-Chat_Prod/20251125_OZ-Chat_Android_App/OZ-Chat_Android_Dev/vector/src/gplayModernDebug/kotlin', not found
file or directory '/home/codenia/Videos/OZ-Chat_Prod_23_Mar_bgNoti_working/OZ-Chat_Prod/20251125_OZ-Chat_Android_App/OZ-Chat_Android_Dev/vector/src/gplayModernDebug/java', not found
file or directory '/home/codenia/Videos/OZ-Chat_Prod_23_Mar_bgNoti_working/OZ-Chat_Prod/20251125_OZ-Chat_Android_App/OZ-Chat_Android_Dev/vector/src/gplayModernDebug/kotlin', not found
file or directory '/home/codenia/Videos/OZ-Chat_Prod_23_Mar_bgNoti_working/OZ-Chat_Prod/20251125_OZ-Chat_Android_App/OZ-Chat_Android_Dev/vector/src/gplayModernDebug/java', not found
file or directory '/home/codenia/Videos/OZ-Chat_Prod_23_Mar_bgNoti_working/OZ-Chat_Prod/20251125_OZ-Chat_Android_App/OZ-Chat_Android_Dev/vector/src/gplayModernDebug/kotlin', not found
file or directory '/home/codenia/Videos/OZ-Chat_Prod_23_Mar_bgNoti_working/OZ-Chat_Prod/20251125_OZ-Chat_Android_App/OZ-Chat_Android_Dev/vector/src/gplayModernDebug/java', not found
file or directory '/home/codenia/Videos/OZ-Chat_Prod_23_Mar_bgNoti_working/OZ-Chat_Prod/20251125_OZ-Chat_Android_App/OZ-Chat_Android_Dev/vector/build/generated/ksp/gplayModernDebug/java', not found
file or directory '/home/codenia/Videos/OZ-Chat_Prod_23_Mar_bgNoti_working/OZ-Chat_Prod/20251125_OZ-Chat_Android_App/OZ-Chat_Android_Dev/vector/src/modern/java', not found
file or directory '/home/codenia/Videos/OZ-Chat_Prod_23_Mar_bgNoti_working/OZ-Chat_Prod/20251125_OZ-Chat_Android_App/OZ-Chat_Android_Dev/vector/src/gplay/java', not found
file or directory '/home/codenia/Videos/OZ-Chat_Prod_23_Mar_bgNoti_working/OZ-Chat_Prod/20251125_OZ-Chat_Android_App/OZ-Chat_Android_Dev/vector/src/gplayModern/java', not found
file or directory '/home/codenia/Videos/OZ-Chat_Prod_23_Mar_bgNoti_working/OZ-Chat_Prod/20251125_OZ-Chat_Android_App/OZ-Chat_Android_Dev/vector/src/debug/java', not found
file or directory '/home/codenia/Videos/OZ-Chat_Prod_23_Mar_bgNoti_working/OZ-Chat_Prod/20251125_OZ-Chat_Android_App/OZ-Chat_Android_Dev/vector/src/gplayModernDebug/java', not found
file or directory '/home/codenia/Videos/OZ-Chat_Prod_23_Mar_bgNoti_working/OZ-Chat_Prod/20251125_OZ-Chat_Android_App/OZ-Chat_Android_Dev/vector/src/gplayModernDebug/kotlin', not found
file or directory '/home/codenia/Videos/OZ-Chat_Prod_23_Mar_bgNoti_working/OZ-Chat_Prod/20251125_OZ-Chat_Android_App/OZ-Chat_Android_Dev/vector/src/gplayModernDebug/java', not found
file or directory '/home/codenia/Videos/OZ-Chat_Prod_23_Mar_bgNoti_working/OZ-Chat_Prod/20251125_OZ-Chat_Android_App/OZ-Chat_Android_Dev/vector/src/gplayModernDebug/kotlin', not found
file or directory '/home/codenia/Videos/OZ-Chat_Prod_23_Mar_bgNoti_working/OZ-Chat_Prod/20251125_OZ-Chat_Android_App/OZ-Chat_Android_Dev/vector/src/gplayModernDebug/java', not found
file or directory '/home/codenia/Videos/OZ-Chat_Prod_23_Mar_bgNoti_working/OZ-Chat_Prod/20251125_OZ-Chat_Android_App/OZ-Chat_Android_Dev/vector/src/gplayModernDebug/kotlin', not found
file or directory '/home/codenia/Videos/OZ-Chat_Prod_23_Mar_bgNoti_working/OZ-Chat_Prod/20251125_OZ-Chat_Android_App/OZ-Chat_Android_Dev/vector/src/gplayModernDebug/java', not found
file or directory '/home/codenia/Videos/OZ-Chat_Prod_23_Mar_bgNoti_working/OZ-Chat_Prod/20251125_OZ-Chat_Android_App/OZ-Chat_Android_Dev/vector/src/gplayModernDebug/kotlin', not found
file or directory '/home/codenia/Videos/OZ-Chat_Prod_23_Mar_bgNoti_working/OZ-Chat_Prod/20251125_OZ-Chat_Android_App/OZ-Chat_Android_Dev/vector/src/gplayModernDebug/java', not found
file or directory '/home/codenia/Videos/OZ-Chat_Prod_23_Mar_bgNoti_working/OZ-Chat_Prod/20251125_OZ-Chat_Android_App/OZ-Chat_Android_Dev/vector/src/gplayModernDebug/kotlin', not found
file or directory '/home/codenia/Videos/OZ-Chat_Prod_23_Mar_bgNoti_working/OZ-Chat_Prod/20251125_OZ-Chat_Android_App/OZ-Chat_Android_Dev/vector/src/gplayModernDebug/java', not found
file or directory '/home/codenia/Videos/OZ-Chat_Prod_23_Mar_bgNoti_working/OZ-Chat_Prod/20251125_OZ-Chat_Android_App/OZ-Chat_Android_Dev/vector/src/gplayModernDebug/kotlin', not found
file or directory '/home/codenia/Videos/OZ-Chat_Prod_23_Mar_bgNoti_working/OZ-Chat_Prod/20251125_OZ-Chat_Android_App/OZ-Chat_Android_Dev/vector/src/gplayModernDebug/java', not found
file or directory '/home/codenia/Videos/OZ-Chat_Prod_23_Mar_bgNoti_working/OZ-Chat_Prod/20251125_OZ-Chat_Android_App/OZ-Chat_Android_Dev/vector/build/generated/ksp/gplayModernDebug/java', not found
file or directory '/home/codenia/Videos/OZ-Chat_Prod_23_Mar_bgNoti_working/OZ-Chat_Prod/20251125_OZ-Chat_Android_App/OZ-Chat_Android_Dev/vector/src/main/kotlin', not found
file or directory '/home/codenia/Videos/OZ-Chat_Prod_23_Mar_bgNoti_working/OZ-Chat_Prod/20251125_OZ-Chat_Android_App/OZ-Chat_Android_Dev/vector/src/main/kotlin', not found
file or directory '/home/codenia/Videos/OZ-Chat_Prod_23_Mar_bgNoti_working/OZ-Chat_Prod/20251125_OZ-Chat_Android_App/OZ-Chat_Android_Dev/vector/src/main/kotlin', not found
file or directory '/home/codenia/Videos/OZ-Chat_Prod_23_Mar_bgNoti_working/OZ-Chat_Prod/20251125_OZ-Chat_Android_App/OZ-Chat_Android_Dev/vector/src/modern/kotlin', not found
file or directory '/home/codenia/Videos/OZ-Chat_Prod_23_Mar_bgNoti_working/OZ-Chat_Prod/20251125_OZ-Chat_Android_App/OZ-Chat_Android_Dev/vector/src/modern/java', not found
file or directory '/home/codenia/Videos/OZ-Chat_Prod_23_Mar_bgNoti_working/OZ-Chat_Prod/20251125_OZ-Chat_Android_App/OZ-Chat_Android_Dev/vector/src/modern/kotlin', not found
file or directory '/home/codenia/Videos/OZ-Chat_Prod_23_Mar_bgNoti_working/OZ-Chat_Prod/20251125_OZ-Chat_Android_App/OZ-Chat_Android_Dev/vector/src/modern/java', not found
file or directory '/home/codenia/Videos/OZ-Chat_Prod_23_Mar_bgNoti_working/OZ-Chat_Prod/20251125_OZ-Chat_Android_App/OZ-Chat_Android_Dev/vector/src/modern/kotlin', not found
file or directory '/home/codenia/Videos/OZ-Chat_Prod_23_Mar_bgNoti_working/OZ-Chat_Prod/20251125_OZ-Chat_Android_App/OZ-Chat_Android_Dev/vector/src/modern/java', not found
file or directory '/home/codenia/Videos/OZ-Chat_Prod_23_Mar_bgNoti_working/OZ-Chat_Prod/20251125_OZ-Chat_Android_App/OZ-Chat_Android_Dev/vector/src/gplay/kotlin', not found
file or directory '/home/codenia/Videos/OZ-Chat_Prod_23_Mar_bgNoti_working/OZ-Chat_Prod/20251125_OZ-Chat_Android_App/OZ-Chat_Android_Dev/vector/src/gplay/java', not found
file or directory '/home/codenia/Videos/OZ-Chat_Prod_23_Mar_bgNoti_working/OZ-Chat_Prod/20251125_OZ-Chat_Android_App/OZ-Chat_Android_Dev/vector/src/gplay/kotlin', not found
file or directory '/home/codenia/Videos/OZ-Chat_Prod_23_Mar_bgNoti_working/OZ-Chat_Prod/20251125_OZ-Chat_Android_App/OZ-Chat_Android_Dev/vector/src/gplay/java', not found
file or directory '/home/codenia/Videos/OZ-Chat_Prod_23_Mar_bgNoti_working/OZ-Chat_Prod/20251125_OZ-Chat_Android_App/OZ-Chat_Android_Dev/vector/src/gplay/kotlin', not found
file or directory '/home/codenia/Videos/OZ-Chat_Prod_23_Mar_bgNoti_working/OZ-Chat_Prod/20251125_OZ-Chat_Android_App/OZ-Chat_Android_Dev/vector/src/gplay/java', not found
file or directory '/home/codenia/Videos/OZ-Chat_Prod_23_Mar_bgNoti_working/OZ-Chat_Prod/20251125_OZ-Chat_Android_App/OZ-Chat_Android_Dev/vector/src/gplayModern/kotlin', not found
file or directory '/home/codenia/Videos/OZ-Chat_Prod_23_Mar_bgNoti_working/OZ-Chat_Prod/20251125_OZ-Chat_Android_App/OZ-Chat_Android_Dev/vector/src/gplayModern/java', not found
file or directory '/home/codenia/Videos/OZ-Chat_Prod_23_Mar_bgNoti_working/OZ-Chat_Prod/20251125_OZ-Chat_Android_App/OZ-Chat_Android_Dev/vector/src/gplayModern/kotlin', not found
file or directory '/home/codenia/Videos/OZ-Chat_Prod_23_Mar_bgNoti_working/OZ-Chat_Prod/20251125_OZ-Chat_Android_App/OZ-Chat_Android_Dev/vector/src/gplayModern/java', not found
file or directory '/home/codenia/Videos/OZ-Chat_Prod_23_Mar_bgNoti_working/OZ-Chat_Prod/20251125_OZ-Chat_Android_App/OZ-Chat_Android_Dev/vector/src/gplayModern/kotlin', not found
file or directory '/home/codenia/Videos/OZ-Chat_Prod_23_Mar_bgNoti_working/OZ-Chat_Prod/20251125_OZ-Chat_Android_App/OZ-Chat_Android_Dev/vector/src/gplayModern/java', not found
file or directory '/home/codenia/Videos/OZ-Chat_Prod_23_Mar_bgNoti_working/OZ-Chat_Prod/20251125_OZ-Chat_Android_App/OZ-Chat_Android_Dev/vector/src/debug/kotlin', not found
file or directory '/home/codenia/Videos/OZ-Chat_Prod_23_Mar_bgNoti_working/OZ-Chat_Prod/20251125_OZ-Chat_Android_App/OZ-Chat_Android_Dev/vector/src/debug/java', not found
file or directory '/home/codenia/Videos/OZ-Chat_Prod_23_Mar_bgNoti_working/OZ-Chat_Prod/20251125_OZ-Chat_Android_App/OZ-Chat_Android_Dev/vector/src/debug/kotlin', not found
file or directory '/home/codenia/Videos/OZ-Chat_Prod_23_Mar_bgNoti_working/OZ-Chat_Prod/20251125_OZ-Chat_Android_App/OZ-Chat_Android_Dev/vector/src/debug/java', not found
file or directory '/home/codenia/Videos/OZ-Chat_Prod_23_Mar_bgNoti_working/OZ-Chat_Prod/20251125_OZ-Chat_Android_App/OZ-Chat_Android_Dev/vector/src/debug/kotlin', not found
file or directory '/home/codenia/Videos/OZ-Chat_Prod_23_Mar_bgNoti_working/OZ-Chat_Prod/20251125_OZ-Chat_Android_App/OZ-Chat_Android_Dev/vector/src/debug/java', not found
file or directory '/home/codenia/Videos/OZ-Chat_Prod_23_Mar_bgNoti_working/OZ-Chat_Prod/20251125_OZ-Chat_Android_App/OZ-Chat_Android_Dev/vector/src/main/kotlin', not found
file or directory '/home/codenia/Videos/OZ-Chat_Prod_23_Mar_bgNoti_working/OZ-Chat_Prod/20251125_OZ-Chat_Android_App/OZ-Chat_Android_Dev/vector/src/main/kotlin', not found
file or directory '/home/codenia/Videos/OZ-Chat_Prod_23_Mar_bgNoti_working/OZ-Chat_Prod/20251125_OZ-Chat_Android_App/OZ-Chat_Android_Dev/vector/src/main/kotlin', not found
file or directory '/home/codenia/Videos/OZ-Chat_Prod_23_Mar_bgNoti_working/OZ-Chat_Prod/20251125_OZ-Chat_Android_App/OZ-Chat_Android_Dev/vector/src/modern/kotlin', not found
file or directory '/home/codenia/Videos/OZ-Chat_Prod_23_Mar_bgNoti_working/OZ-Chat_Prod/20251125_OZ-Chat_Android_App/OZ-Chat_Android_Dev/vector/src/modern/java', not found
file or directory '/home/codenia/Videos/OZ-Chat_Prod_23_Mar_bgNoti_working/OZ-Chat_Prod/20251125_OZ-Chat_Android_App/OZ-Chat_Android_Dev/vector/src/modern/kotlin', not found
file or directory '/home/codenia/Videos/OZ-Chat_Prod_23_Mar_bgNoti_working/OZ-Chat_Prod/20251125_OZ-Chat_Android_App/OZ-Chat_Android_Dev/vector/src/modern/java', not found
file or directory '/home/codenia/Videos/OZ-Chat_Prod_23_Mar_bgNoti_working/OZ-Chat_Prod/20251125_OZ-Chat_Android_App/OZ-Chat_Android_Dev/vector/src/modern/kotlin', not found
file or directory '/home/codenia/Videos/OZ-Chat_Prod_23_Mar_bgNoti_working/OZ-Chat_Prod/20251125_OZ-Chat_Android_App/OZ-Chat_Android_Dev/vector/src/modern/java', not found
file or directory '/home/codenia/Videos/OZ-Chat_Prod_23_Mar_bgNoti_working/OZ-Chat_Prod/20251125_OZ-Chat_Android_App/OZ-Chat_Android_Dev/vector/src/gplay/kotlin', not found
file or directory '/home/codenia/Videos/OZ-Chat_Prod_23_Mar_bgNoti_working/OZ-Chat_Prod/20251125_OZ-Chat_Android_App/OZ-Chat_Android_Dev/vector/src/gplay/java', not found
file or directory '/home/codenia/Videos/OZ-Chat_Prod_23_Mar_bgNoti_working/OZ-Chat_Prod/20251125_OZ-Chat_Android_App/OZ-Chat_Android_Dev/vector/src/gplay/kotlin', not found
file or directory '/home/codenia/Videos/OZ-Chat_Prod_23_Mar_bgNoti_working/OZ-Chat_Prod/20251125_OZ-Chat_Android_App/OZ-Chat_Android_Dev/vector/src/gplay/java', not found
file or directory '/home/codenia/Videos/OZ-Chat_Prod_23_Mar_bgNoti_working/OZ-Chat_Prod/20251125_OZ-Chat_Android_App/OZ-Chat_Android_Dev/vector/src/gplay/kotlin', not found
file or directory '/home/codenia/Videos/OZ-Chat_Prod_23_Mar_bgNoti_working/OZ-Chat_Prod/20251125_OZ-Chat_Android_App/OZ-Chat_Android_Dev/vector/src/gplay/java', not found
file or directory '/home/codenia/Videos/OZ-Chat_Prod_23_Mar_bgNoti_working/OZ-Chat_Prod/20251125_OZ-Chat_Android_App/OZ-Chat_Android_Dev/vector/src/gplayModern/kotlin', not found
file or directory '/home/codenia/Videos/OZ-Chat_Prod_23_Mar_bgNoti_working/OZ-Chat_Prod/20251125_OZ-Chat_Android_App/OZ-Chat_Android_Dev/vector/src/gplayModern/java', not found
file or directory '/home/codenia/Videos/OZ-Chat_Prod_23_Mar_bgNoti_working/OZ-Chat_Prod/20251125_OZ-Chat_Android_App/OZ-Chat_Android_Dev/vector/src/gplayModern/kotlin', not found
file or directory '/home/codenia/Videos/OZ-Chat_Prod_23_Mar_bgNoti_working/OZ-Chat_Prod/20251125_OZ-Chat_Android_App/OZ-Chat_Android_Dev/vector/src/gplayModern/java', not found
file or directory '/home/codenia/Videos/OZ-Chat_Prod_23_Mar_bgNoti_working/OZ-Chat_Prod/20251125_OZ-Chat_Android_App/OZ-Chat_Android_Dev/vector/src/gplayModern/kotlin', not found
file or directory '/home/codenia/Videos/OZ-Chat_Prod_23_Mar_bgNoti_working/OZ-Chat_Prod/20251125_OZ-Chat_Android_App/OZ-Chat_Android_Dev/vector/src/gplayModern/java', not found
file or directory '/home/codenia/Videos/OZ-Chat_Prod_23_Mar_bgNoti_working/OZ-Chat_Prod/20251125_OZ-Chat_Android_App/OZ-Chat_Android_Dev/vector/src/debug/kotlin', not found
file or directory '/home/codenia/Videos/OZ-Chat_Prod_23_Mar_bgNoti_working/OZ-Chat_Prod/20251125_OZ-Chat_Android_App/OZ-Chat_Android_Dev/vector/src/debug/java', not found
file or directory '/home/codenia/Videos/OZ-Chat_Prod_23_Mar_bgNoti_working/OZ-Chat_Prod/20251125_OZ-Chat_Android_App/OZ-Chat_Android_Dev/vector/src/debug/kotlin', not found
file or directory '/home/codenia/Videos/OZ-Chat_Prod_23_Mar_bgNoti_working/OZ-Chat_Prod/20251125_OZ-Chat_Android_App/OZ-Chat_Android_Dev/vector/src/debug/java', not found
file or directory '/home/codenia/Videos/OZ-Chat_Prod_23_Mar_bgNoti_working/OZ-Chat_Prod/20251125_OZ-Chat_Android_App/OZ-Chat_Android_Dev/vector/src/debug/kotlin', not found
file or directory '/home/codenia/Videos/OZ-Chat_Prod_23_Mar_bgNoti_working/OZ-Chat_Prod/20251125_OZ-Chat_Android_App/OZ-Chat_Android_Dev/vector/src/debug/java', not found
file or directory '/home/codenia/Videos/OZ-Chat_Prod_23_Mar_bgNoti_working/OZ-Chat_Prod/20251125_OZ-Chat_Android_App/OZ-Chat_Android_Dev/vector/src/gplayModernDebug/kotlin', not found
file or directory '/home/codenia/Videos/OZ-Chat_Prod_23_Mar_bgNoti_working/OZ-Chat_Prod/20251125_OZ-Chat_Android_App/OZ-Chat_Android_Dev/vector/src/gplayModernDebug/java', not found
file or directory '/home/codenia/Videos/OZ-Chat_Prod_23_Mar_bgNoti_working/OZ-Chat_Prod/20251125_OZ-Chat_Android_App/OZ-Chat_Android_Dev/vector/src/gplayModernDebug/kotlin', not found
file or directory '/home/codenia/Videos/OZ-Chat_Prod_23_Mar_bgNoti_working/OZ-Chat_Prod/20251125_OZ-Chat_Android_App/OZ-Chat_Android_Dev/vector/src/gplayModernDebug/java', not found
file or directory '/home/codenia/Videos/OZ-Chat_Prod_23_Mar_bgNoti_working/OZ-Chat_Prod/20251125_OZ-Chat_Android_App/OZ-Chat_Android_Dev/vector/src/gplayModernDebug/kotlin', not found
file or directory '/home/codenia/Videos/OZ-Chat_Prod_23_Mar_bgNoti_working/OZ-Chat_Prod/20251125_OZ-Chat_Android_App/OZ-Chat_Android_Dev/vector/src/gplayModernDebug/java', not found
file or directory '/home/codenia/Videos/OZ-Chat_Prod_23_Mar_bgNoti_working/OZ-Chat_Prod/20251125_OZ-Chat_Android_App/OZ-Chat_Android_Dev/vector/build/generated/ksp/gplayModernDebug/java', not found
file or directory '/home/codenia/Videos/OZ-Chat_Prod_23_Mar_bgNoti_working/OZ-Chat_Prod/20251125_OZ-Chat_Android_App/OZ-Chat_Android_Dev/vector/src/modern/java', not found
file or directory '/home/codenia/Videos/OZ-Chat_Prod_23_Mar_bgNoti_working/OZ-Chat_Prod/20251125_OZ-Chat_Android_App/OZ-Chat_Android_Dev/vector/src/gplay/java', not found
file or directory '/home/codenia/Videos/OZ-Chat_Prod_23_Mar_bgNoti_working/OZ-Chat_Prod/20251125_OZ-Chat_Android_App/OZ-Chat_Android_Dev/vector/src/gplayModern/java', not found
file or directory '/home/codenia/Videos/OZ-Chat_Prod_23_Mar_bgNoti_working/OZ-Chat_Prod/20251125_OZ-Chat_Android_App/OZ-Chat_Android_Dev/vector/src/debug/java', not found
file or directory '/home/codenia/Videos/OZ-Chat_Prod_23_Mar_bgNoti_working/OZ-Chat_Prod/20251125_OZ-Chat_Android_App/OZ-Chat_Android_Dev/vector/src/gplayModernDebug/java', not found
file or directory '/home/codenia/Videos/OZ-Chat_Prod_23_Mar_bgNoti_working/OZ-Chat_Prod/20251125_OZ-Chat_Android_App/OZ-Chat_Android_Dev/vector/src/gplayModernDebug/kotlin', not found
file or directory '/home/codenia/Videos/OZ-Chat_Prod_23_Mar_bgNoti_working/OZ-Chat_Prod/20251125_OZ-Chat_Android_App/OZ-Chat_Android_Dev/vector/src/gplayModernDebug/java', not found
file or directory '/home/codenia/Videos/OZ-Chat_Prod_23_Mar_bgNoti_working/OZ-Chat_Prod/20251125_OZ-Chat_Android_App/OZ-Chat_Android_Dev/vector/src/gplayModernDebug/kotlin', not found
file or directory '/home/codenia/Videos/OZ-Chat_Prod_23_Mar_bgNoti_working/OZ-Chat_Prod/20251125_OZ-Chat_Android_App/OZ-Chat_Android_Dev/vector/src/gplayModernDebug/java', not found
file or directory '/home/codenia/Videos/OZ-Chat_Prod_23_Mar_bgNoti_working/OZ-Chat_Prod/20251125_OZ-Chat_Android_App/OZ-Chat_Android_Dev/vector/src/gplayModernDebug/kotlin', not found
file or directory '/home/codenia/Videos/OZ-Chat_Prod_23_Mar_bgNoti_working/OZ-Chat_Prod/20251125_OZ-Chat_Android_App/OZ-Chat_Android_Dev/vector/src/gplayModernDebug/java', not found
file or directory '/home/codenia/Videos/OZ-Chat_Prod_23_Mar_bgNoti_working/OZ-Chat_Prod/20251125_OZ-Chat_Android_App/OZ-Chat_Android_Dev/vector/build/generated/ksp/gplayModernDebug/java', not found
file or directory '/home/codenia/Videos/OZ-Chat_Prod_23_Mar_bgNoti_working/OZ-Chat_Prod/20251125_OZ-Chat_Android_App/OZ-Chat_Android_Dev/vector/src/main/kotlin', not found
file or directory '/home/codenia/Videos/OZ-Chat_Prod_23_Mar_bgNoti_working/OZ-Chat_Prod/20251125_OZ-Chat_Android_App/OZ-Chat_Android_Dev/vector/src/main/kotlin', not found
file or directory '/home/codenia/Videos/OZ-Chat_Prod_23_Mar_bgNoti_working/OZ-Chat_Prod/20251125_OZ-Chat_Android_App/OZ-Chat_Android_Dev/vector/src/main/kotlin', not found
file or directory '/home/codenia/Videos/OZ-Chat_Prod_23_Mar_bgNoti_working/OZ-Chat_Prod/20251125_OZ-Chat_Android_App/OZ-Chat_Android_Dev/vector/src/modern/kotlin', not found
file or directory '/home/codenia/Videos/OZ-Chat_Prod_23_Mar_bgNoti_working/OZ-Chat_Prod/20251125_OZ-Chat_Android_App/OZ-Chat_Android_Dev/vector/src/modern/java', not found
file or directory '/home/codenia/Videos/OZ-Chat_Prod_23_Mar_bgNoti_working/OZ-Chat_Prod/20251125_OZ-Chat_Android_App/OZ-Chat_Android_Dev/vector/src/modern/kotlin', not found
file or directory '/home/codenia/Videos/OZ-Chat_Prod_23_Mar_bgNoti_working/OZ-Chat_Prod/20251125_OZ-Chat_Android_App/OZ-Chat_Android_Dev/vector/src/modern/java', not found
file or directory '/home/codenia/Videos/OZ-Chat_Prod_23_Mar_bgNoti_working/OZ-Chat_Prod/20251125_OZ-Chat_Android_App/OZ-Chat_Android_Dev/vector/src/modern/kotlin', not found
file or directory '/home/codenia/Videos/OZ-Chat_Prod_23_Mar_bgNoti_working/OZ-Chat_Prod/20251125_OZ-Chat_Android_App/OZ-Chat_Android_Dev/vector/src/modern/java', not found
file or directory '/home/codenia/Videos/OZ-Chat_Prod_23_Mar_bgNoti_working/OZ-Chat_Prod/20251125_OZ-Chat_Android_App/OZ-Chat_Android_Dev/vector/src/gplay/kotlin', not found
file or directory '/home/codenia/Videos/OZ-Chat_Prod_23_Mar_bgNoti_working/OZ-Chat_Prod/20251125_OZ-Chat_Android_App/OZ-Chat_Android_Dev/vector/src/gplay/java', not found
file or directory '/home/codenia/Videos/OZ-Chat_Prod_23_Mar_bgNoti_working/OZ-Chat_Prod/20251125_OZ-Chat_Android_App/OZ-Chat_Android_Dev/vector/src/gplay/kotlin', not found
file or directory '/home/codenia/Videos/OZ-Chat_Prod_23_Mar_bgNoti_working/OZ-Chat_Prod/20251125_OZ-Chat_Android_App/OZ-Chat_Android_Dev/vector/src/gplay/java', not found
file or directory '/home/codenia/Videos/OZ-Chat_Prod_23_Mar_bgNoti_working/OZ-Chat_Prod/20251125_OZ-Chat_Android_App/OZ-Chat_Android_Dev/vector/src/gplay/kotlin', not found
file or directory '/home/codenia/Videos/OZ-Chat_Prod_23_Mar_bgNoti_working/OZ-Chat_Prod/20251125_OZ-Chat_Android_App/OZ-Chat_Android_Dev/vector/src/gplay/java', not found
file or directory '/home/codenia/Videos/OZ-Chat_Prod_23_Mar_bgNoti_working/OZ-Chat_Prod/20251125_OZ-Chat_Android_App/OZ-Chat_Android_Dev/vector/src/gplayModern/kotlin', not found
file or directory '/home/codenia/Videos/OZ-Chat_Prod_23_Mar_bgNoti_working/OZ-Chat_Prod/20251125_OZ-Chat_Android_App/OZ-Chat_Android_Dev/vector/src/gplayModern/java', not found
file or directory '/home/codenia/Videos/OZ-Chat_Prod_23_Mar_bgNoti_working/OZ-Chat_Prod/20251125_OZ-Chat_Android_App/OZ-Chat_Android_Dev/vector/src/gplayModern/kotlin', not found
file or directory '/home/codenia/Videos/OZ-Chat_Prod_23_Mar_bgNoti_working/OZ-Chat_Prod/20251125_OZ-Chat_Android_App/OZ-Chat_Android_Dev/vector/src/gplayModern/java', not found
file or directory '/home/codenia/Videos/OZ-Chat_Prod_23_Mar_bgNoti_working/OZ-Chat_Prod/20251125_OZ-Chat_Android_App/OZ-Chat_Android_Dev/vector/src/gplayModern/kotlin', not found
file or directory '/home/codenia/Videos/OZ-Chat_Prod_23_Mar_bgNoti_working/OZ-Chat_Prod/20251125_OZ-Chat_Android_App/OZ-Chat_Android_Dev/vector/src/gplayModern/java', not found
file or directory '/home/codenia/Videos/OZ-Chat_Prod_23_Mar_bgNoti_working/OZ-Chat_Prod/20251125_OZ-Chat_Android_App/OZ-Chat_Android_Dev/vector/src/debug/kotlin', not found
file or directory '/home/codenia/Videos/OZ-Chat_Prod_23_Mar_bgNoti_working/OZ-Chat_Prod/20251125_OZ-Chat_Android_App/OZ-Chat_Android_Dev/vector/src/debug/java', not found
file or directory '/home/codenia/Videos/OZ-Chat_Prod_23_Mar_bgNoti_working/OZ-Chat_Prod/20251125_OZ-Chat_Android_App/OZ-Chat_Android_Dev/vector/src/debug/kotlin', not found
file or directory '/home/codenia/Videos/OZ-Chat_Prod_23_Mar_bgNoti_working/OZ-Chat_Prod/20251125_OZ-Chat_Android_App/OZ-Chat_Android_Dev/vector/src/debug/java', not found
file or directory '/home/codenia/Videos/OZ-Chat_Prod_23_Mar_bgNoti_working/OZ-Chat_Prod/20251125_OZ-Chat_Android_App/OZ-Chat_Android_Dev/vector/src/debug/kotlin', not found
file or directory '/home/codenia/Videos/OZ-Chat_Prod_23_Mar_bgNoti_working/OZ-Chat_Prod/20251125_OZ-Chat_Android_App/OZ-Chat_Android_Dev/vector/src/debug/java', not found
file or directory '/home/codenia/Videos/OZ-Chat_Prod_23_Mar_bgNoti_working/OZ-Chat_Prod/20251125_OZ-Chat_Android_App/OZ-Chat_Android_Dev/vector/src/main/kotlin', not found
file or directory '/home/codenia/Videos/OZ-Chat_Prod_23_Mar_bgNoti_working/OZ-Chat_Prod/20251125_OZ-Chat_Android_App/OZ-Chat_Android_Dev/vector/src/main/kotlin', not found
file or directory '/home/codenia/Videos/OZ-Chat_Prod_23_Mar_bgNoti_working/OZ-Chat_Prod/20251125_OZ-Chat_Android_App/OZ-Chat_Android_Dev/vector/src/main/kotlin', not found
file or directory '/home/codenia/Videos/OZ-Chat_Prod_23_Mar_bgNoti_working/OZ-Chat_Prod/20251125_OZ-Chat_Android_App/OZ-Chat_Android_Dev/vector/src/modern/kotlin', not found
file or directory '/home/codenia/Videos/OZ-Chat_Prod_23_Mar_bgNoti_working/OZ-Chat_Prod/20251125_OZ-Chat_Android_App/OZ-Chat_Android_Dev/vector/src/modern/java', not found
file or directory '/home/codenia/Videos/OZ-Chat_Prod_23_Mar_bgNoti_working/OZ-Chat_Prod/20251125_OZ-Chat_Android_App/OZ-Chat_Android_Dev/vector/src/modern/kotlin', not found
file or directory '/home/codenia/Videos/OZ-Chat_Prod_23_Mar_bgNoti_working/OZ-Chat_Prod/20251125_OZ-Chat_Android_App/OZ-Chat_Android_Dev/vector/src/modern/java', not found
file or directory '/home/codenia/Videos/OZ-Chat_Prod_23_Mar_bgNoti_working/OZ-Chat_Prod/20251125_OZ-Chat_Android_App/OZ-Chat_Android_Dev/vector/src/modern/kotlin', not found
file or directory '/home/codenia/Videos/OZ-Chat_Prod_23_Mar_bgNoti_working/OZ-Chat_Prod/20251125_OZ-Chat_Android_App/OZ-Chat_Android_Dev/vector/src/modern/java', not found
file or directory '/home/codenia/Videos/OZ-Chat_Prod_23_Mar_bgNoti_working/OZ-Chat_Prod/20251125_OZ-Chat_Android_App/OZ-Chat_Android_Dev/vector/src/gplay/kotlin', not found
file or directory '/home/codenia/Videos/OZ-Chat_Prod_23_Mar_bgNoti_working/OZ-Chat_Prod/20251125_OZ-Chat_Android_App/OZ-Chat_Android_Dev/vector/src/gplay/java', not found
file or directory '/home/codenia/Videos/OZ-Chat_Prod_23_Mar_bgNoti_working/OZ-Chat_Prod/20251125_OZ-Chat_Android_App/OZ-Chat_Android_Dev/vector/src/gplay/kotlin', not found
file or directory '/home/codenia/Videos/OZ-Chat_Prod_23_Mar_bgNoti_working/OZ-Chat_Prod/20251125_OZ-Chat_Android_App/OZ-Chat_Android_Dev/vector/src/gplay/java', not found
file or directory '/home/codenia/Videos/OZ-Chat_Prod_23_Mar_bgNoti_working/OZ-Chat_Prod/20251125_OZ-Chat_Android_App/OZ-Chat_Android_Dev/vector/src/gplay/kotlin', not found
file or directory '/home/codenia/Videos/OZ-Chat_Prod_23_Mar_bgNoti_working/OZ-Chat_Prod/20251125_OZ-Chat_Android_App/OZ-Chat_Android_Dev/vector/src/gplay/java', not found
file or directory '/home/codenia/Videos/OZ-Chat_Prod_23_Mar_bgNoti_working/OZ-Chat_Prod/20251125_OZ-Chat_Android_App/OZ-Chat_Android_Dev/vector/src/gplayModern/kotlin', not found
file or directory '/home/codenia/Videos/OZ-Chat_Prod_23_Mar_bgNoti_working/OZ-Chat_Prod/20251125_OZ-Chat_Android_App/OZ-Chat_Android_Dev/vector/src/gplayModern/java', not found
file or directory '/home/codenia/Videos/OZ-Chat_Prod_23_Mar_bgNoti_working/OZ-Chat_Prod/20251125_OZ-Chat_Android_App/OZ-Chat_Android_Dev/vector/src/gplayModern/kotlin', not found
file or directory '/home/codenia/Videos/OZ-Chat_Prod_23_Mar_bgNoti_working/OZ-Chat_Prod/20251125_OZ-Chat_Android_App/OZ-Chat_Android_Dev/vector/src/gplayModern/java', not found
file or directory '/home/codenia/Videos/OZ-Chat_Prod_23_Mar_bgNoti_working/OZ-Chat_Prod/20251125_OZ-Chat_Android_App/OZ-Chat_Android_Dev/vector/src/gplayModern/kotlin', not found
file or directory '/home/codenia/Videos/OZ-Chat_Prod_23_Mar_bgNoti_working/OZ-Chat_Prod/20251125_OZ-Chat_Android_App/OZ-Chat_Android_Dev/vector/src/gplayModern/java', not found
file or directory '/home/codenia/Videos/OZ-Chat_Prod_23_Mar_bgNoti_working/OZ-Chat_Prod/20251125_OZ-Chat_Android_App/OZ-Chat_Android_Dev/vector/src/debug/kotlin', not found
file or directory '/home/codenia/Videos/OZ-Chat_Prod_23_Mar_bgNoti_working/OZ-Chat_Prod/20251125_OZ-Chat_Android_App/OZ-Chat_Android_Dev/vector/src/debug/java', not found
file or directory '/home/codenia/Videos/OZ-Chat_Prod_23_Mar_bgNoti_working/OZ-Chat_Prod/20251125_OZ-Chat_Android_App/OZ-Chat_Android_Dev/vector/src/debug/kotlin', not found
file or directory '/home/codenia/Videos/OZ-Chat_Prod_23_Mar_bgNoti_working/OZ-Chat_Prod/20251125_OZ-Chat_Android_App/OZ-Chat_Android_Dev/vector/src/debug/java', not found
file or directory '/home/codenia/Videos/OZ-Chat_Prod_23_Mar_bgNoti_working/OZ-Chat_Prod/20251125_OZ-Chat_Android_App/OZ-Chat_Android_Dev/vector/src/debug/kotlin', not found
file or directory '/home/codenia/Videos/OZ-Chat_Prod_23_Mar_bgNoti_working/OZ-Chat_Prod/20251125_OZ-Chat_Android_App/OZ-Chat_Android_Dev/vector/src/debug/java', not found
file or directory '/home/codenia/Videos/OZ-Chat_Prod_23_Mar_bgNoti_working/OZ-Chat_Prod/20251125_OZ-Chat_Android_App/OZ-Chat_Android_Dev/vector/src/gplayModernDebug/kotlin', not found
file or directory '/home/codenia/Videos/OZ-Chat_Prod_23_Mar_bgNoti_working/OZ-Chat_Prod/20251125_OZ-Chat_Android_App/OZ-Chat_Android_Dev/vector/src/gplayModernDebug/java', not found
file or directory '/home/codenia/Videos/OZ-Chat_Prod_23_Mar_bgNoti_working/OZ-Chat_Prod/20251125_OZ-Chat_Android_App/OZ-Chat_Android_Dev/vector/src/gplayModernDebug/kotlin', not found
file or directory '/home/codenia/Videos/OZ-Chat_Prod_23_Mar_bgNoti_working/OZ-Chat_Prod/20251125_OZ-Chat_Android_App/OZ-Chat_Android_Dev/vector/src/gplayModernDebug/java', not found
file or directory '/home/codenia/Videos/OZ-Chat_Prod_23_Mar_bgNoti_working/OZ-Chat_Prod/20251125_OZ-Chat_Android_App/OZ-Chat_Android_Dev/vector/src/gplayModernDebug/kotlin', not found
file or directory '/home/codenia/Videos/OZ-Chat_Prod_23_Mar_bgNoti_working/OZ-Chat_Prod/20251125_OZ-Chat_Android_App/OZ-Chat_Android_Dev/vector/src/gplayModernDebug/java', not found
file or directory '/home/codenia/Videos/OZ-Chat_Prod_23_Mar_bgNoti_working/OZ-Chat_Prod/20251125_OZ-Chat_Android_App/OZ-Chat_Android_Dev/vector/build/generated/ksp/gplayModernDebug/java', not found
file or directory '/home/codenia/Videos/OZ-Chat_Prod_23_Mar_bgNoti_working/OZ-Chat_Prod/20251125_OZ-Chat_Android_App/OZ-Chat_Android_Dev/vector/src/modern/java', not found
file or directory '/home/codenia/Videos/OZ-Chat_Prod_23_Mar_bgNoti_working/OZ-Chat_Prod/20251125_OZ-Chat_Android_App/OZ-Chat_Android_Dev/vector/src/gplay/java', not found
file or directory '/home/codenia/Videos/OZ-Chat_Prod_23_Mar_bgNoti_working/OZ-Chat_Prod/20251125_OZ-Chat_Android_App/OZ-Chat_Android_Dev/vector/src/gplayModern/java', not found
file or directory '/home/codenia/Videos/OZ-Chat_Prod_23_Mar_bgNoti_working/OZ-Chat_Prod/20251125_OZ-Chat_Android_App/OZ-Chat_Android_Dev/vector/src/debug/java', not found
file or directory '/home/codenia/Videos/OZ-Chat_Prod_23_Mar_bgNoti_working/OZ-Chat_Prod/20251125_OZ-Chat_Android_App/OZ-Chat_Android_Dev/vector/src/gplayModernDebug/java', not found
Using Kotlin/JVM incremental compilation
[KOTLIN] Kotlin compilation 'jdkHome' argument: null
Options for KOTLIN DAEMON: IncrementalCompilationOptions(super=CompilationOptions(compilerMode=INCREMENTAL_COMPILER, targetPlatform=JVM, reportCategories=[0, 3], reportSeverity=2, requestedCompilationResults=[0], kotlinScriptExtensions=[]), sourceChanges=org.jetbrains.kotlin.buildtools.api.SourcesChanges$Unknown@734222af, classpathChanges=NotAvailableForNonIncrementalRun, workingDir=/home/codenia/Videos/OZ-Chat_Prod_23_Mar_bgNoti_working/OZ-Chat_Prod/20251125_OZ-Chat_Android_App/OZ-Chat_Android_Dev/vector/build/kotlin/kaptGenerateStubsGplayModernDebugKotlin/cacheable, multiModuleICSettings=MultiModuleICSettings(buildHistoryFile=/home/codenia/Videos/OZ-Chat_Prod_23_Mar_bgNoti_working/OZ-Chat_Prod/20251125_OZ-Chat_Android_App/OZ-Chat_Android_Dev/vector/build/kotlin/kaptGenerateStubsGplayModernDebugKotlin/local-state/build-history.bin, useModuleDetection=true), usePreciseJavaTracking=true, icFeatures=IncrementalCompilationFeatures(withAbiSnapshot=false, preciseCompilationResultsBackup=true, keepIncrementalCompilationCachesInMemory=true, enableUnsafeIncrementalCompilationForMultiplatform=false, enableMonotonousIncrementalCompileSetExpansion=true), outputFiles=[/home/codenia/Videos/OZ-Chat_Prod_23_Mar_bgNoti_working/OZ-Chat_Prod/20251125_OZ-Chat_Android_App/OZ-Chat_Android_Dev/vector/build/tmp/kapt3/incrementalData/gplayModernDebug, /home/codenia/Videos/OZ-Chat_Prod_23_Mar_bgNoti_working/OZ-Chat_Prod/20251125_OZ-Chat_Android_App/OZ-Chat_Android_Dev/vector/build/tmp/kapt3/stubs/gplayModernDebug, /home/codenia/Videos/OZ-Chat_Prod_23_Mar_bgNoti_working/OZ-Chat_Prod/20251125_OZ-Chat_Android_App/OZ-Chat_Android_Dev/vector/build/kotlin/kaptGenerateStubsGplayModernDebugKotlin/cacheable, /home/codenia/Videos/OZ-Chat_Prod_23_Mar_bgNoti_working/OZ-Chat_Prod/20251125_OZ-Chat_Android_App/OZ-Chat_Android_Dev/vector/build/kotlin/kaptGenerateStubsGplayModernDebugKotlin/local-state])
Finished executing kotlin compiler using DAEMON strategy
Stored cache entry for task ':vector:kaptGenerateStubsGplayModernDebugKotlin' with cache key 7e52e8af9916afeadfbfefe9c81eeed9
Resolve mutations for :vector:kaptGplayModernDebugKotlin (Thread[#500,Execution worker,5,main]) started.
:vector:kaptGplayModernDebugKotlin (Thread[#500,Execution worker,5,main]) started.

> Task :vector:kaptGplayModernDebugKotlin
file or directory '/home/codenia/Videos/OZ-Chat_Prod_23_Mar_bgNoti_working/OZ-Chat_Prod/20251125_OZ-Chat_Android_App/OZ-Chat_Android_Dev/vector/src/gplayModernDebug/kotlin', not found
file or directory '/home/codenia/Videos/OZ-Chat_Prod_23_Mar_bgNoti_working/OZ-Chat_Prod/20251125_OZ-Chat_Android_App/OZ-Chat_Android_Dev/vector/src/gplayModernDebug/java', not found
file or directory '/home/codenia/Videos/OZ-Chat_Prod_23_Mar_bgNoti_working/OZ-Chat_Prod/20251125_OZ-Chat_Android_App/OZ-Chat_Android_Dev/vector/src/gplayModernDebug/kotlin', not found
file or directory '/home/codenia/Videos/OZ-Chat_Prod_23_Mar_bgNoti_working/OZ-Chat_Prod/20251125_OZ-Chat_Android_App/OZ-Chat_Android_Dev/vector/src/gplayModernDebug/java', not found
file or directory '/home/codenia/Videos/OZ-Chat_Prod_23_Mar_bgNoti_working/OZ-Chat_Prod/20251125_OZ-Chat_Android_App/OZ-Chat_Android_Dev/vector/src/gplayModernDebug/kotlin', not found
file or directory '/home/codenia/Videos/OZ-Chat_Prod_23_Mar_bgNoti_working/OZ-Chat_Prod/20251125_OZ-Chat_Android_App/OZ-Chat_Android_Dev/vector/src/gplayModernDebug/java', not found
file or directory '/home/codenia/Videos/OZ-Chat_Prod_23_Mar_bgNoti_working/OZ-Chat_Prod/20251125_OZ-Chat_Android_App/OZ-Chat_Android_Dev/vector/build/generated/ksp/gplayModernDebug/java', not found
file or directory '/home/codenia/Videos/OZ-Chat_Prod_23_Mar_bgNoti_working/OZ-Chat_Prod/20251125_OZ-Chat_Android_App/OZ-Chat_Android_Dev/vector/src/main/kotlin', not found
file or directory '/home/codenia/Videos/OZ-Chat_Prod_23_Mar_bgNoti_working/OZ-Chat_Prod/20251125_OZ-Chat_Android_App/OZ-Chat_Android_Dev/vector/src/main/kotlin', not found
file or directory '/home/codenia/Videos/OZ-Chat_Prod_23_Mar_bgNoti_working/OZ-Chat_Prod/20251125_OZ-Chat_Android_App/OZ-Chat_Android_Dev/vector/src/main/kotlin', not found
file or directory '/home/codenia/Videos/OZ-Chat_Prod_23_Mar_bgNoti_working/OZ-Chat_Prod/20251125_OZ-Chat_Android_App/OZ-Chat_Android_Dev/vector/src/modern/kotlin', not found
file or directory '/home/codenia/Videos/OZ-Chat_Prod_23_Mar_bgNoti_working/OZ-Chat_Prod/20251125_OZ-Chat_Android_App/OZ-Chat_Android_Dev/vector/src/modern/java', not found
file or directory '/home/codenia/Videos/OZ-Chat_Prod_23_Mar_bgNoti_working/OZ-Chat_Prod/20251125_OZ-Chat_Android_App/OZ-Chat_Android_Dev/vector/src/modern/kotlin', not found
file or directory '/home/codenia/Videos/OZ-Chat_Prod_23_Mar_bgNoti_working/OZ-Chat_Prod/20251125_OZ-Chat_Android_App/OZ-Chat_Android_Dev/vector/src/modern/java', not found
file or directory '/home/codenia/Videos/OZ-Chat_Prod_23_Mar_bgNoti_working/OZ-Chat_Prod/20251125_OZ-Chat_Android_App/OZ-Chat_Android_Dev/vector/src/modern/kotlin', not found
file or directory '/home/codenia/Videos/OZ-Chat_Prod_23_Mar_bgNoti_working/OZ-Chat_Prod/20251125_OZ-Chat_Android_App/OZ-Chat_Android_Dev/vector/src/modern/java', not found
file or directory '/home/codenia/Videos/OZ-Chat_Prod_23_Mar_bgNoti_working/OZ-Chat_Prod/20251125_OZ-Chat_Android_App/OZ-Chat_Android_Dev/vector/src/gplay/kotlin', not found
file or directory '/home/codenia/Videos/OZ-Chat_Prod_23_Mar_bgNoti_working/OZ-Chat_Prod/20251125_OZ-Chat_Android_App/OZ-Chat_Android_Dev/vector/src/gplay/java', not found
file or directory '/home/codenia/Videos/OZ-Chat_Prod_23_Mar_bgNoti_working/OZ-Chat_Prod/20251125_OZ-Chat_Android_App/OZ-Chat_Android_Dev/vector/src/gplay/kotlin', not found
file or directory '/home/codenia/Videos/OZ-Chat_Prod_23_Mar_bgNoti_working/OZ-Chat_Prod/20251125_OZ-Chat_Android_App/OZ-Chat_Android_Dev/vector/src/gplay/java', not found
file or directory '/home/codenia/Videos/OZ-Chat_Prod_23_Mar_bgNoti_working/OZ-Chat_Prod/20251125_OZ-Chat_Android_App/OZ-Chat_Android_Dev/vector/src/gplay/kotlin', not found
file or directory '/home/codenia/Videos/OZ-Chat_Prod_23_Mar_bgNoti_working/OZ-Chat_Prod/20251125_OZ-Chat_Android_App/OZ-Chat_Android_Dev/vector/src/gplay/java', not found
file or directory '/home/codenia/Videos/OZ-Chat_Prod_23_Mar_bgNoti_working/OZ-Chat_Prod/20251125_OZ-Chat_Android_App/OZ-Chat_Android_Dev/vector/src/gplayModern/kotlin', not found
file or directory '/home/codenia/Videos/OZ-Chat_Prod_23_Mar_bgNoti_working/OZ-Chat_Prod/20251125_OZ-Chat_Android_App/OZ-Chat_Android_Dev/vector/src/gplayModern/java', not found
file or directory '/home/codenia/Videos/OZ-Chat_Prod_23_Mar_bgNoti_working/OZ-Chat_Prod/20251125_OZ-Chat_Android_App/OZ-Chat_Android_Dev/vector/src/gplayModern/kotlin', not found
file or directory '/home/codenia/Videos/OZ-Chat_Prod_23_Mar_bgNoti_working/OZ-Chat_Prod/20251125_OZ-Chat_Android_App/OZ-Chat_Android_Dev/vector/src/gplayModern/java', not found
file or directory '/home/codenia/Videos/OZ-Chat_Prod_23_Mar_bgNoti_working/OZ-Chat_Prod/20251125_OZ-Chat_Android_App/OZ-Chat_Android_Dev/vector/src/gplayModern/kotlin', not found
file or directory '/home/codenia/Videos/OZ-Chat_Prod_23_Mar_bgNoti_working/OZ-Chat_Prod/20251125_OZ-Chat_Android_App/OZ-Chat_Android_Dev/vector/src/gplayModern/java', not found
file or directory '/home/codenia/Videos/OZ-Chat_Prod_23_Mar_bgNoti_working/OZ-Chat_Prod/20251125_OZ-Chat_Android_App/OZ-Chat_Android_Dev/vector/src/debug/kotlin', not found
file or directory '/home/codenia/Videos/OZ-Chat_Prod_23_Mar_bgNoti_working/OZ-Chat_Prod/20251125_OZ-Chat_Android_App/OZ-Chat_Android_Dev/vector/src/debug/java', not found
file or directory '/home/codenia/Videos/OZ-Chat_Prod_23_Mar_bgNoti_working/OZ-Chat_Prod/20251125_OZ-Chat_Android_App/OZ-Chat_Android_Dev/vector/src/debug/kotlin', not found
file or directory '/home/codenia/Videos/OZ-Chat_Prod_23_Mar_bgNoti_working/OZ-Chat_Prod/20251125_OZ-Chat_Android_App/OZ-Chat_Android_Dev/vector/src/debug/java', not found
file or directory '/home/codenia/Videos/OZ-Chat_Prod_23_Mar_bgNoti_working/OZ-Chat_Prod/20251125_OZ-Chat_Android_App/OZ-Chat_Android_Dev/vector/src/debug/kotlin', not found
file or directory '/home/codenia/Videos/OZ-Chat_Prod_23_Mar_bgNoti_working/OZ-Chat_Prod/20251125_OZ-Chat_Android_App/OZ-Chat_Android_Dev/vector/src/debug/java', not found
file or directory '/home/codenia/Videos/OZ-Chat_Prod_23_Mar_bgNoti_working/OZ-Chat_Prod/20251125_OZ-Chat_Android_App/OZ-Chat_Android_Dev/vector/src/main/kotlin', not found
file or directory '/home/codenia/Videos/OZ-Chat_Prod_23_Mar_bgNoti_working/OZ-Chat_Prod/20251125_OZ-Chat_Android_App/OZ-Chat_Android_Dev/vector/src/main/kotlin', not found
file or directory '/home/codenia/Videos/OZ-Chat_Prod_23_Mar_bgNoti_working/OZ-Chat_Prod/20251125_OZ-Chat_Android_App/OZ-Chat_Android_Dev/vector/src/main/kotlin', not found
file or directory '/home/codenia/Videos/OZ-Chat_Prod_23_Mar_bgNoti_working/OZ-Chat_Prod/20251125_OZ-Chat_Android_App/OZ-Chat_Android_Dev/vector/src/modern/kotlin', not found
file or directory '/home/codenia/Videos/OZ-Chat_Prod_23_Mar_bgNoti_working/OZ-Chat_Prod/20251125_OZ-Chat_Android_App/OZ-Chat_Android_Dev/vector/src/modern/java', not found
file or directory '/home/codenia/Videos/OZ-Chat_Prod_23_Mar_bgNoti_working/OZ-Chat_Prod/20251125_OZ-Chat_Android_App/OZ-Chat_Android_Dev/vector/src/modern/kotlin', not found
file or directory '/home/codenia/Videos/OZ-Chat_Prod_23_Mar_bgNoti_working/OZ-Chat_Prod/20251125_OZ-Chat_Android_App/OZ-Chat_Android_Dev/vector/src/modern/java', not found
file or directory '/home/codenia/Videos/OZ-Chat_Prod_23_Mar_bgNoti_working/OZ-Chat_Prod/20251125_OZ-Chat_Android_App/OZ-Chat_Android_Dev/vector/src/modern/kotlin', not found
file or directory '/home/codenia/Videos/OZ-Chat_Prod_23_Mar_bgNoti_working/OZ-Chat_Prod/20251125_OZ-Chat_Android_App/OZ-Chat_Android_Dev/vector/src/modern/java', not found
file or directory '/home/codenia/Videos/OZ-Chat_Prod_23_Mar_bgNoti_working/OZ-Chat_Prod/20251125_OZ-Chat_Android_App/OZ-Chat_Android_Dev/vector/src/gplay/kotlin', not found
file or directory '/home/codenia/Videos/OZ-Chat_Prod_23_Mar_bgNoti_working/OZ-Chat_Prod/20251125_OZ-Chat_Android_App/OZ-Chat_Android_Dev/vector/src/gplay/java', not found
file or directory '/home/codenia/Videos/OZ-Chat_Prod_23_Mar_bgNoti_working/OZ-Chat_Prod/20251125_OZ-Chat_Android_App/OZ-Chat_Android_Dev/vector/src/gplay/kotlin', not found
file or directory '/home/codenia/Videos/OZ-Chat_Prod_23_Mar_bgNoti_working/OZ-Chat_Prod/20251125_OZ-Chat_Android_App/OZ-Chat_Android_Dev/vector/src/gplay/java', not found
file or directory '/home/codenia/Videos/OZ-Chat_Prod_23_Mar_bgNoti_working/OZ-Chat_Prod/20251125_OZ-Chat_Android_App/OZ-Chat_Android_Dev/vector/src/gplay/kotlin', not found
file or directory '/home/codenia/Videos/OZ-Chat_Prod_23_Mar_bgNoti_working/OZ-Chat_Prod/20251125_OZ-Chat_Android_App/OZ-Chat_Android_Dev/vector/src/gplay/java', not found
file or directory '/home/codenia/Videos/OZ-Chat_Prod_23_Mar_bgNoti_working/OZ-Chat_Prod/20251125_OZ-Chat_Android_App/OZ-Chat_Android_Dev/vector/src/gplayModern/kotlin', not found
file or directory '/home/codenia/Videos/OZ-Chat_Prod_23_Mar_bgNoti_working/OZ-Chat_Prod/20251125_OZ-Chat_Android_App/OZ-Chat_Android_Dev/vector/src/gplayModern/java', not found
file or directory '/home/codenia/Videos/OZ-Chat_Prod_23_Mar_bgNoti_working/OZ-Chat_Prod/20251125_OZ-Chat_Android_App/OZ-Chat_Android_Dev/vector/src/gplayModern/kotlin', not found
file or directory '/home/codenia/Videos/OZ-Chat_Prod_23_Mar_bgNoti_working/OZ-Chat_Prod/20251125_OZ-Chat_Android_App/OZ-Chat_Android_Dev/vector/src/gplayModern/java', not found
file or directory '/home/codenia/Videos/OZ-Chat_Prod_23_Mar_bgNoti_working/OZ-Chat_Prod/20251125_OZ-Chat_Android_App/OZ-Chat_Android_Dev/vector/src/gplayModern/kotlin', not found
file or directory '/home/codenia/Videos/OZ-Chat_Prod_23_Mar_bgNoti_working/OZ-Chat_Prod/20251125_OZ-Chat_Android_App/OZ-Chat_Android_Dev/vector/src/gplayModern/java', not found
file or directory '/home/codenia/Videos/OZ-Chat_Prod_23_Mar_bgNoti_working/OZ-Chat_Prod/20251125_OZ-Chat_Android_App/OZ-Chat_Android_Dev/vector/src/debug/kotlin', not found
file or directory '/home/codenia/Videos/OZ-Chat_Prod_23_Mar_bgNoti_working/OZ-Chat_Prod/20251125_OZ-Chat_Android_App/OZ-Chat_Android_Dev/vector/src/debug/java', not found
file or directory '/home/codenia/Videos/OZ-Chat_Prod_23_Mar_bgNoti_working/OZ-Chat_Prod/20251125_OZ-Chat_Android_App/OZ-Chat_Android_Dev/vector/src/debug/kotlin', not found
file or directory '/home/codenia/Videos/OZ-Chat_Prod_23_Mar_bgNoti_working/OZ-Chat_Prod/20251125_OZ-Chat_Android_App/OZ-Chat_Android_Dev/vector/src/debug/java', not found
file or directory '/home/codenia/Videos/OZ-Chat_Prod_23_Mar_bgNoti_working/OZ-Chat_Prod/20251125_OZ-Chat_Android_App/OZ-Chat_Android_Dev/vector/src/debug/kotlin', not found
file or directory '/home/codenia/Videos/OZ-Chat_Prod_23_Mar_bgNoti_working/OZ-Chat_Prod/20251125_OZ-Chat_Android_App/OZ-Chat_Android_Dev/vector/src/debug/java', not found
file or directory '/home/codenia/Videos/OZ-Chat_Prod_23_Mar_bgNoti_working/OZ-Chat_Prod/20251125_OZ-Chat_Android_App/OZ-Chat_Android_Dev/vector/src/gplayModernDebug/kotlin', not found
file or directory '/home/codenia/Videos/OZ-Chat_Prod_23_Mar_bgNoti_working/OZ-Chat_Prod/20251125_OZ-Chat_Android_App/OZ-Chat_Android_Dev/vector/src/gplayModernDebug/java', not found
file or directory '/home/codenia/Videos/OZ-Chat_Prod_23_Mar_bgNoti_working/OZ-Chat_Prod/20251125_OZ-Chat_Android_App/OZ-Chat_Android_Dev/vector/src/gplayModernDebug/kotlin', not found
file or directory '/home/codenia/Videos/OZ-Chat_Prod_23_Mar_bgNoti_working/OZ-Chat_Prod/20251125_OZ-Chat_Android_App/OZ-Chat_Android_Dev/vector/src/gplayModernDebug/java', not found
file or directory '/home/codenia/Videos/OZ-Chat_Prod_23_Mar_bgNoti_working/OZ-Chat_Prod/20251125_OZ-Chat_Android_App/OZ-Chat_Android_Dev/vector/src/gplayModernDebug/kotlin', not found
file or directory '/home/codenia/Videos/OZ-Chat_Prod_23_Mar_bgNoti_working/OZ-Chat_Prod/20251125_OZ-Chat_Android_App/OZ-Chat_Android_Dev/vector/src/gplayModernDebug/java', not found
file or directory '/home/codenia/Videos/OZ-Chat_Prod_23_Mar_bgNoti_working/OZ-Chat_Prod/20251125_OZ-Chat_Android_App/OZ-Chat_Android_Dev/vector/build/generated/ksp/gplayModernDebug/java', not found
file or directory '/home/codenia/Videos/OZ-Chat_Prod_23_Mar_bgNoti_working/OZ-Chat_Prod/20251125_OZ-Chat_Android_App/OZ-Chat_Android_Dev/vector/src/modern/java', not found
file or directory '/home/codenia/Videos/OZ-Chat_Prod_23_Mar_bgNoti_working/OZ-Chat_Prod/20251125_OZ-Chat_Android_App/OZ-Chat_Android_Dev/vector/src/gplay/java', not found
file or directory '/home/codenia/Videos/OZ-Chat_Prod_23_Mar_bgNoti_working/OZ-Chat_Prod/20251125_OZ-Chat_Android_App/OZ-Chat_Android_Dev/vector/src/gplayModern/java', not found
file or directory '/home/codenia/Videos/OZ-Chat_Prod_23_Mar_bgNoti_working/OZ-Chat_Prod/20251125_OZ-Chat_Android_App/OZ-Chat_Android_Dev/vector/src/debug/java', not found
file or directory '/home/codenia/Videos/OZ-Chat_Prod_23_Mar_bgNoti_working/OZ-Chat_Prod/20251125_OZ-Chat_Android_App/OZ-Chat_Android_Dev/vector/src/gplayModernDebug/java', not found
Build cache key for task ':vector:kaptGplayModernDebugKotlin' is 355b308c27bebb867d2ed69a3d9e0028
Task ':vector:kaptGplayModernDebugKotlin' is not up-to-date because:
  Output property 'classesDir' file /home/codenia/Videos/OZ-Chat_Prod_23_Mar_bgNoti_working/OZ-Chat_Prod/20251125_OZ-Chat_Android_App/OZ-Chat_Android_Dev/vector/build/tmp/kapt3/classes/gplayModernDebug has been removed.
  Output property 'classesDir' file /home/codenia/Videos/OZ-Chat_Prod_23_Mar_bgNoti_working/OZ-Chat_Prod/20251125_OZ-Chat_Android_App/OZ-Chat_Android_Dev/vector/build/tmp/kapt3/classes/gplayModernDebug/META-INF has been removed.
  Output property 'classesDir' file /home/codenia/Videos/OZ-Chat_Prod_23_Mar_bgNoti_working/OZ-Chat_Prod/20251125_OZ-Chat_Android_App/OZ-Chat_Android_Dev/vector/build/tmp/kapt3/classes/gplayModernDebug/META-INF/proguard has been removed.
  and more...
The input changes require a full rebuild for incremental task ':vector:kaptGplayModernDebugKotlin'.
Running kapt annotation processing using the Gradle Worker API
Using workers NONE isolation mode to run kapt
/home/codenia/Videos/OZ-Chat_Prod_23_Mar_bgNoti_working/OZ-Chat_Prod/20251125_OZ-Chat_Android_App/OZ-Chat_Android_Dev/vector/build/tmp/kapt3/stubs/gplayModernDebug/im/vector/app/features/location/live/map/LiveLocationUserItem.java:22: warning: Unable to read Kotlin metadata due to unsupported metadata version.
public abstract class LiveLocationUserItem extends im.vector.app.core.epoxy.VectorEpoxyModel<im.vector.app.features.location.live.map.LiveLocationUserItem.Holder> {
                ^
/home/codenia/Videos/OZ-Chat_Prod_23_Mar_bgNoti_working/OZ-Chat_Prod/20251125_OZ-Chat_Android_App/OZ-Chat_Android_Dev/vector/build/tmp/kapt3/stubs/gplayModernDebug/im/vector/app/features/location/live/map/LiveLocationUserItem.java:22: warning: Unable to read Kotlin metadata due to unsupported metadata kind: null.
public abstract class LiveLocationUserItem extends im.vector.app.core.epoxy.VectorEpoxyModel<im.vector.app.features.location.live.map.LiveLocationUserItem.Holder> {
                ^
/home/codenia/Videos/OZ-Chat_Prod_23_Mar_bgNoti_working/OZ-Chat_Prod/20251125_OZ-Chat_Android_App/OZ-Chat_Android_Dev/vector/build/tmp/kapt3/stubs/gplayModernDebug/im/vector/app/core/epoxy/VectorEpoxyModel.java:13: warning: Unable to read Kotlin metadata due to unsupported metadata version.
public abstract class VectorEpoxyModel<H extends im.vector.app.core.epoxy.VectorEpoxyHolder> extends com.airbnb.epoxy.EpoxyModelWithHolder<H> {
                ^
/home/codenia/Videos/OZ-Chat_Prod_23_Mar_bgNoti_working/OZ-Chat_Prod/20251125_OZ-Chat_Android_App/OZ-Chat_Android_Dev/vector/build/tmp/kapt3/stubs/gplayModernDebug/im/vector/app/core/epoxy/VectorEpoxyModel.java:13: warning: Unable to read Kotlin metadata due to unsupported metadata kind: null.
public abstract class VectorEpoxyModel<H extends im.vector.app.core.epoxy.VectorEpoxyHolder> extends com.airbnb.epoxy.EpoxyModelWithHolder<H> {
                ^
warning: Unable to read Kotlin metadata due to unsupported metadata version.
warning: Unable to read Kotlin metadata due to unsupported metadata kind: null.
/home/codenia/Videos/OZ-Chat_Prod_23_Mar_bgNoti_working/OZ-Chat_Prod/20251125_OZ-Chat_Android_App/OZ-Chat_Android_Dev/vector/build/tmp/kapt3/stubs/gplayModernDebug/im/vector/app/features/attachments/preview/AttachmentBigPreviewItem.java:18: warning: Unable to read Kotlin metadata due to unsupported metadata version.
public abstract class AttachmentBigPreviewItem extends im.vector.app.features.attachments.preview.AttachmentPreviewItem<im.vector.app.features.attachments.preview.AttachmentBigPreviewItem.Holder> {
                ^
/home/codenia/Videos/OZ-Chat_Prod_23_Mar_bgNoti_working/OZ-Chat_Prod/20251125_OZ-Chat_Android_App/OZ-Chat_Android_Dev/vector/build/tmp/kapt3/stubs/gplayModernDebug/im/vector/app/features/attachments/preview/AttachmentBigPreviewItem.java:18: warning: Unable to read Kotlin metadata due to unsupported metadata kind: null.
public abstract class AttachmentBigPreviewItem extends im.vector.app.features.attachments.preview.AttachmentPreviewItem<im.vector.app.features.attachments.preview.AttachmentBigPreviewItem.Holder> {
                ^
/home/codenia/Videos/OZ-Chat_Prod_23_Mar_bgNoti_working/OZ-Chat_Prod/20251125_OZ-Chat_Android_App/OZ-Chat_Android_Dev/vector/build/tmp/kapt3/stubs/gplayModernDebug/im/vector/app/features/attachments/preview/AttachmentPreviewItem.java:17: warning: Unable to read Kotlin metadata due to unsupported metadata version.
public abstract class AttachmentPreviewItem<H extends im.vector.app.features.attachments.preview.AttachmentPreviewItem.Holder> extends im.vector.app.core.epoxy.VectorEpoxyModel<H> {
                ^
/home/codenia/Videos/OZ-Chat_Prod_23_Mar_bgNoti_working/OZ-Chat_Prod/20251125_OZ-Chat_Android_App/OZ-Chat_Android_Dev/vector/build/tmp/kapt3/stubs/gplayModernDebug/im/vector/app/features/attachments/preview/AttachmentPreviewItem.java:17: warning: Unable to read Kotlin metadata due to unsupported metadata kind: null.
public abstract class AttachmentPreviewItem<H extends im.vector.app.features.attachments.preview.AttachmentPreviewItem.Holder> extends im.vector.app.core.epoxy.VectorEpoxyModel<H> {
                ^
/home/codenia/Videos/OZ-Chat_Prod_23_Mar_bgNoti_working/OZ-Chat_Prod/20251125_OZ-Chat_Android_App/OZ-Chat_Android_Dev/vector/build/tmp/kapt3/stubs/gplayModernDebug/im/vector/app/features/attachments/preview/AttachmentMiniaturePreviewItem.java:18: warning: Unable to read Kotlin metadata due to unsupported metadata version.
public abstract class AttachmentMiniaturePreviewItem extends im.vector.app.features.attachments.preview.AttachmentPreviewItem<im.vector.app.features.attachments.preview.AttachmentMiniaturePreviewItem.Holder> {
                ^
/home/codenia/Videos/OZ-Chat_Prod_23_Mar_bgNoti_working/OZ-Chat_Prod/20251125_OZ-Chat_Android_App/OZ-Chat_Android_Dev/vector/build/tmp/kapt3/stubs/gplayModernDebug/im/vector/app/features/attachments/preview/AttachmentMiniaturePreviewItem.java:18: warning: Unable to read Kotlin metadata due to unsupported metadata kind: null.
public abstract class AttachmentMiniaturePreviewItem extends im.vector.app.features.attachments.preview.AttachmentPreviewItem<im.vector.app.features.attachments.preview.AttachmentMiniaturePreviewItem.Holder> {
                ^
/home/codenia/Videos/OZ-Chat_Prod_23_Mar_bgNoti_working/OZ-Chat_Prod/20251125_OZ-Chat_Android_App/OZ-Chat_Android_Dev/vector/build/tmp/kapt3/stubs/gplayModernDebug/im/vector/app/features/settings/ignored/UserItem.java:20: warning: Unable to read Kotlin metadata due to unsupported metadata version.
public abstract class UserItem extends im.vector.app.core.epoxy.VectorEpoxyModel<im.vector.app.features.settings.ignored.UserItem.Holder> {
                ^
/home/codenia/Videos/OZ-Chat_Prod_23_Mar_bgNoti_working/OZ-Chat_Prod/20251125_OZ-Chat_Android_App/OZ-Chat_Android_Dev/vector/build/tmp/kapt3/stubs/gplayModernDebug/im/vector/app/features/settings/ignored/UserItem.java:20: warning: Unable to read Kotlin metadata due to unsupported metadata kind: null.
public abstract class UserItem extends im.vector.app.core.epoxy.VectorEpoxyModel<im.vector.app.features.settings.ignored.UserItem.Holder> {
                ^
/home/codenia/Videos/OZ-Chat_Prod_23_Mar_bgNoti_working/OZ-Chat_Prod/20251125_OZ-Chat_Android_App/OZ-Chat_Android_Dev/vector/build/tmp/kapt3/stubs/gplayModernDebug/im/vector/app/features/settings/devices/DeviceItem.java:24: warning: Unable to read Kotlin metadata due to unsupported metadata version.
public abstract class DeviceItem extends im.vector.app.core.epoxy.VectorEpoxyModel<im.vector.app.features.settings.devices.DeviceItem.Holder> {
                ^
/home/codenia/Videos/OZ-Chat_Prod_23_Mar_bgNoti_working/OZ-Chat_Prod/20251125_OZ-Chat_Android_App/OZ-Chat_Android_Dev/vector/build/tmp/kapt3/stubs/gplayModernDebug/im/vector/app/features/settings/devices/DeviceItem.java:24: warning: Unable to read Kotlin metadata due to unsupported metadata kind: null.
public abstract class DeviceItem extends im.vector.app.core.epoxy.VectorEpoxyModel<im.vector.app.features.settings.devices.DeviceItem.Holder> {
                ^
/home/codenia/Videos/OZ-Chat_Prod_23_Mar_bgNoti_working/OZ-Chat_Prod/20251125_OZ-Chat_Android_App/OZ-Chat_Android_Dev/vector/build/tmp/kapt3/stubs/gplayModernDebug/im/vector/app/features/settings/devices/v2/details/SessionDetailsHeaderItem.java:14: warning: Unable to read Kotlin metadata due to unsupported metadata version.
public abstract class SessionDetailsHeaderItem extends im.vector.app.core.epoxy.VectorEpoxyModel<im.vector.app.features.settings.devices.v2.details.SessionDetailsHeaderItem.Holder> {
                ^
/home/codenia/Videos/OZ-Chat_Prod_23_Mar_bgNoti_working/OZ-Chat_Prod/20251125_OZ-Chat_Android_App/OZ-Chat_Android_Dev/vector/build/tmp/kapt3/stubs/gplayModernDebug/im/vector/app/features/settings/devices/v2/details/SessionDetailsHeaderItem.java:14: warning: Unable to read Kotlin metadata due to unsupported metadata kind: null.
public abstract class SessionDetailsHeaderItem extends im.vector.app.core.epoxy.VectorEpoxyModel<im.vector.app.features.settings.devices.v2.details.SessionDetailsHeaderItem.Holder> {
                ^
/home/codenia/Videos/OZ-Chat_Prod_23_Mar_bgNoti_working/OZ-Chat_Prod/20251125_OZ-Chat_Android_App/OZ-Chat_Android_Dev/vector/build/tmp/kapt3/stubs/gplayModernDebug/im/vector/app/features/settings/devices/v2/details/SessionDetailsContentItem.java:13: warning: Unable to read Kotlin metadata due to unsupported metadata version.
public abstract class SessionDetailsContentItem extends im.vector.app.core.epoxy.VectorEpoxyModel<im.vector.app.features.settings.devices.v2.details.SessionDetailsContentItem.Holder> {
                ^
/home/codenia/Videos/OZ-Chat_Prod_23_Mar_bgNoti_working/OZ-Chat_Prod/20251125_OZ-Chat_Android_App/OZ-Chat_Android_Dev/vector/build/tmp/kapt3/stubs/gplayModernDebug/im/vector/app/features/settings/devices/v2/details/SessionDetailsContentItem.java:13: warning: Unable to read Kotlin metadata due to unsupported metadata kind: null.
public abstract class SessionDetailsContentItem extends im.vector.app.core.epoxy.VectorEpoxyModel<im.vector.app.features.settings.devices.v2.details.SessionDetailsContentItem.Holder> {
                ^
/home/codenia/Videos/OZ-Chat_Prod_23_Mar_bgNoti_working/OZ-Chat_Prod/20251125_OZ-Chat_Android_App/OZ-Chat_Android_Dev/vector/build/tmp/kapt3/stubs/gplayModernDebug/im/vector/app/features/settings/devices/v2/list/OtherSessionItem.java:23: warning: Unable to read Kotlin metadata due to unsupported metadata version.
public abstract class OtherSessionItem extends im.vector.app.core.epoxy.VectorEpoxyModel<im.vector.app.features.settings.devices.v2.list.OtherSessionItem.Holder> {
                ^
/home/codenia/Videos/OZ-Chat_Prod_23_Mar_bgNoti_working/OZ-Chat_Prod/20251125_OZ-Chat_Android_App/OZ-Chat_Android_Dev/vector/build/tmp/kapt3/stubs/gplayModernDebug/im/vector/app/features/settings/devices/v2/list/OtherSessionItem.java:23: warning: Unable to read Kotlin metadata due to unsupported metadata kind: null.
public abstract class OtherSessionItem extends im.vector.app.core.epoxy.VectorEpoxyModel<im.vector.app.features.settings.devices.v2.list.OtherSessionItem.Holder> {
                ^
/home/codenia/Videos/OZ-Chat_Prod_23_Mar_bgNoti_working/OZ-Chat_Prod/20251125_OZ-Chat_Android_App/OZ-Chat_Android_Dev/vector/build/tmp/kapt3/stubs/gplayModernDebug/im/vector/app/features/settings/push/PushRuleItem.java:19: warning: Unable to read Kotlin metadata due to unsupported metadata version.
public abstract class PushRuleItem extends im.vector.app.core.epoxy.VectorEpoxyModel<im.vector.app.features.settings.push.PushRuleItem.Holder> {
                ^
/home/codenia/Videos/OZ-Chat_Prod_23_Mar_bgNoti_working/OZ-Chat_Prod/20251125_OZ-Chat_Android_App/OZ-Chat_Android_Dev/vector/build/tmp/kapt3/stubs/gplayModernDebug/im/vector/app/features/settings/push/PushRuleItem.java:19: warning: Unable to read Kotlin metadata due to unsupported metadata kind: null.
public abstract class PushRuleItem extends im.vector.app.core.epoxy.VectorEpoxyModel<im.vector.app.features.settings.push.PushRuleItem.Holder> {
                ^
/home/codenia/Videos/OZ-Chat_Prod_23_Mar_bgNoti_working/OZ-Chat_Prod/20251125_OZ-Chat_Android_App/OZ-Chat_Android_Dev/vector/build/tmp/kapt3/stubs/gplayModernDebug/im/vector/app/features/settings/push/PushGatewayItem.java:14: warning: Unable to read Kotlin metadata due to unsupported metadata version.
public abstract class PushGatewayItem extends im.vector.app.core.epoxy.VectorEpoxyModel<im.vector.app.features.settings.push.PushGatewayItem.Holder> {
                ^
/home/codenia/Videos/OZ-Chat_Prod_23_Mar_bgNoti_working/OZ-Chat_Prod/20251125_OZ-Chat_Android_App/OZ-Chat_Android_Dev/vector/build/tmp/kapt3/stubs/gplayModernDebug/im/vector/app/features/settings/push/PushGatewayItem.java:14: warning: Unable to read Kotlin metadata due to unsupported metadata kind: null.
public abstract class PushGatewayItem extends im.vector.app.core.epoxy.VectorEpoxyModel<im.vector.app.features.settings.push.PushGatewayItem.Holder> {
                ^
/home/codenia/Videos/OZ-Chat_Prod_23_Mar_bgNoti_working/OZ-Chat_Prod/20251125_OZ-Chat_Android_App/OZ-Chat_Android_Dev/vector/build/tmp/kapt3/stubs/gplayModernDebug/im/vector/app/features/settings/threepids/ThreePidItem.java:16: warning: Unable to read Kotlin metadata due to unsupported metadata version.
public abstract class ThreePidItem extends im.vector.app.core.epoxy.VectorEpoxyModel<im.vector.app.features.settings.threepids.ThreePidItem.Holder> {
                ^
/home/codenia/Videos/OZ-Chat_Prod_23_Mar_bgNoti_working/OZ-Chat_Prod/20251125_OZ-Chat_Android_App/OZ-Chat_Android_Dev/vector/build/tmp/kapt3/stubs/gplayModernDebug/im/vector/app/features/settings/threepids/ThreePidItem.java:16: warning: Unable to read Kotlin metadata due to unsupported metadata kind: null.
public abstract class ThreePidItem extends im.vector.app.core.epoxy.VectorEpoxyModel<im.vector.app.features.settings.threepids.ThreePidItem.Holder> {
                ^
/home/codenia/Videos/OZ-Chat_Prod_23_Mar_bgNoti_working/OZ-Chat_Prod/20251125_OZ-Chat_Android_App/OZ-Chat_Android_Dev/vector/build/tmp/kapt3/stubs/gplayModernDebug/im/vector/app/features/settings/locale/LocaleItem.java:13: warning: Unable to read Kotlin metadata due to unsupported metadata version.
public abstract class LocaleItem extends im.vector.app.core.epoxy.VectorEpoxyModel<im.vector.app.features.settings.locale.LocaleItem.Holder> {
                ^
/home/codenia/Videos/OZ-Chat_Prod_23_Mar_bgNoti_working/OZ-Chat_Prod/20251125_OZ-Chat_Android_App/OZ-Chat_Android_Dev/vector/build/tmp/kapt3/stubs/gplayModernDebug/im/vector/app/features/settings/locale/LocaleItem.java:13: warning: Unable to read Kotlin metadata due to unsupported metadata kind: null.
public abstract class LocaleItem extends im.vector.app.core.epoxy.VectorEpoxyModel<im.vector.app.features.settings.locale.LocaleItem.Holder> {
                ^
/home/codenia/Videos/OZ-Chat_Prod_23_Mar_bgNoti_working/OZ-Chat_Prod/20251125_OZ-Chat_Android_App/OZ-Chat_Android_Dev/vector/build/tmp/kapt3/stubs/gplayModernDebug/im/vector/app/features/spaces/NewSpaceAddItem.java:15: warning: Unable to read Kotlin metadata due to unsupported metadata version.
public abstract class NewSpaceAddItem extends im.vector.app.core.epoxy.VectorEpoxyModel<im.vector.app.features.spaces.NewSpaceAddItem.Holder> {
                ^
/home/codenia/Videos/OZ-Chat_Prod_23_Mar_bgNoti_working/OZ-Chat_Prod/20251125_OZ-Chat_Android_App/OZ-Chat_Android_Dev/vector/build/tmp/kapt3/stubs/gplayModernDebug/im/vector/app/features/spaces/NewSpaceAddItem.java:15: warning: Unable to read Kotlin metadata due to unsupported metadata kind: null.
public abstract class NewSpaceAddItem extends im.vector.app.core.epoxy.VectorEpoxyModel<im.vector.app.features.spaces.NewSpaceAddItem.Holder> {
                ^
/home/codenia/Videos/OZ-Chat_Prod_23_Mar_bgNoti_working/OZ-Chat_Prod/20251125_OZ-Chat_Android_App/OZ-Chat_Android_Dev/vector/build/tmp/kapt3/stubs/gplayModernDebug/im/vector/app/features/spaces/preview/SubSpaceItem.java:15: warning: Unable to read Kotlin metadata due to unsupported metadata version.
public abstract class SubSpaceItem extends im.vector.app.core.epoxy.VectorEpoxyModel<im.vector.app.features.spaces.preview.SubSpaceItem.Holder> {
                ^
/home/codenia/Videos/OZ-Chat_Prod_23_Mar_bgNoti_working/OZ-Chat_Prod/20251125_OZ-Chat_Android_App/OZ-Chat_Android_Dev/vector/build/tmp/kapt3/stubs/gplayModernDebug/im/vector/app/features/spaces/preview/SubSpaceItem.java:15: warning: Unable to read Kotlin metadata due to unsupported metadata kind: null.
public abstract class SubSpaceItem extends im.vector.app.core.epoxy.VectorEpoxyModel<im.vector.app.features.spaces.preview.SubSpaceItem.Holder> {
                ^
/home/codenia/Videos/OZ-Chat_Prod_23_Mar_bgNoti_working/OZ-Chat_Prod/20251125_OZ-Chat_Android_App/OZ-Chat_Android_Dev/vector/build/tmp/kapt3/stubs/gplayModernDebug/im/vector/app/features/spaces/preview/SpaceTopSummaryItem.java:12: warning: Unable to read Kotlin metadata due to unsupported metadata version.
public abstract class SpaceTopSummaryItem extends im.vector.app.core.epoxy.VectorEpoxyModel<im.vector.app.features.spaces.preview.SpaceTopSummaryItem.Holder> {
                ^
/home/codenia/Videos/OZ-Chat_Prod_23_Mar_bgNoti_working/OZ-Chat_Prod/20251125_OZ-Chat_Android_App/OZ-Chat_Android_Dev/vector/build/tmp/kapt3/stubs/gplayModernDebug/im/vector/app/features/spaces/preview/SpaceTopSummaryItem.java:12: warning: Unable to read Kotlin metadata due to unsupported metadata kind: null.
public abstract class SpaceTopSummaryItem extends im.vector.app.core.epoxy.VectorEpoxyModel<im.vector.app.features.spaces.preview.SpaceTopSummaryItem.Holder> {
                ^
/home/codenia/Videos/OZ-Chat_Prod_23_Mar_bgNoti_working/OZ-Chat_Prod/20251125_OZ-Chat_Android_App/OZ-Chat_Android_Dev/vector/build/tmp/kapt3/stubs/gplayModernDebug/im/vector/app/features/spaces/preview/RoomChildItem.java:15: warning: Unable to read Kotlin metadata due to unsupported metadata version.
public abstract class RoomChildItem extends im.vector.app.core.epoxy.VectorEpoxyModel<im.vector.app.features.spaces.preview.RoomChildItem.Holder> {
                ^
/home/codenia/Videos/OZ-Chat_Prod_23_Mar_bgNoti_working/OZ-Chat_Prod/20251125_OZ-Chat_Android_App/OZ-Chat_Android_Dev/vector/build/tmp/kapt3/stubs/gplayModernDebug/im/vector/app/features/spaces/preview/RoomChildItem.java:15: warning: Unable to read Kotlin metadata due to unsupported metadata kind: null.
public abstract class RoomChildItem extends im.vector.app.core.epoxy.VectorEpoxyModel<im.vector.app.features.spaces.preview.RoomChildItem.Holder> {
                ^
/home/codenia/Videos/OZ-Chat_Prod_23_Mar_bgNoti_working/OZ-Chat_Prod/20251125_OZ-Chat_Android_App/OZ-Chat_Android_Dev/vector/build/tmp/kapt3/stubs/gplayModernDebug/im/vector/app/features/spaces/SpaceSummaryItem.java:21: warning: Unable to read Kotlin metadata due to unsupported metadata version.
public abstract class SpaceSummaryItem extends im.vector.app.core.epoxy.VectorEpoxyModel<im.vector.app.features.spaces.SpaceSummaryItem.Holder> {
                ^
/home/codenia/Videos/OZ-Chat_Prod_23_Mar_bgNoti_working/OZ-Chat_Prod/20251125_OZ-Chat_Android_App/OZ-Chat_Android_Dev/vector/build/tmp/kapt3/stubs/gplayModernDebug/im/vector/app/features/spaces/SpaceSummaryItem.java:21: warning: Unable to read Kotlin metadata due to unsupported metadata kind: null.
public abstract class SpaceSummaryItem extends im.vector.app.core.epoxy.VectorEpoxyModel<im.vector.app.features.spaces.SpaceSummaryItem.Holder> {
                ^
/home/codenia/Videos/OZ-Chat_Prod_23_Mar_bgNoti_working/OZ-Chat_Prod/20251125_OZ-Chat_Android_App/OZ-Chat_Android_Dev/vector/build/tmp/kapt3/stubs/gplayModernDebug/im/vector/app/features/spaces/SpaceInviteItem.java:19: warning: Unable to read Kotlin metadata due to unsupported metadata version.
public abstract class SpaceInviteItem extends im.vector.app.core.epoxy.VectorEpoxyModel<im.vector.app.features.spaces.SpaceInviteItem.Holder> {
                ^
/home/codenia/Videos/OZ-Chat_Prod_23_Mar_bgNoti_working/OZ-Chat_Prod/20251125_OZ-Chat_Android_App/OZ-Chat_Android_Dev/vector/build/tmp/kapt3/stubs/gplayModernDebug/im/vector/app/features/spaces/SpaceInviteItem.java:19: warning: Unable to read Kotlin metadata due to unsupported metadata kind: null.
public abstract class SpaceInviteItem extends im.vector.app.core.epoxy.VectorEpoxyModel<im.vector.app.features.spaces.SpaceInviteItem.Holder> {
                ^
/home/codenia/Videos/OZ-Chat_Prod_23_Mar_bgNoti_working/OZ-Chat_Prod/20251125_OZ-Chat_Android_App/OZ-Chat_Android_Dev/vector/build/tmp/kapt3/stubs/gplayModernDebug/im/vector/app/features/spaces/SpaceAddItem.java:12: warning: Unable to read Kotlin metadata due to unsupported metadata version.
public abstract class SpaceAddItem extends im.vector.app.core.epoxy.VectorEpoxyModel<im.vector.app.features.spaces.SpaceAddItem.Holder> {
                ^
/home/codenia/Videos/OZ-Chat_Prod_23_Mar_bgNoti_working/OZ-Chat_Prod/20251125_OZ-Chat_Android_App/OZ-Chat_Android_Dev/vector/build/tmp/kapt3/stubs/gplayModernDebug/im/vector/app/features/spaces/SpaceAddItem.java:12: warning: Unable to read Kotlin metadata due to unsupported metadata kind: null.
public abstract class SpaceAddItem extends im.vector.app.core.epoxy.VectorEpoxyModel<im.vector.app.features.spaces.SpaceAddItem.Holder> {
                ^
/home/codenia/Videos/OZ-Chat_Prod_23_Mar_bgNoti_working/OZ-Chat_Prod/20251125_OZ-Chat_Android_App/OZ-Chat_Android_Dev/vector/build/tmp/kapt3/stubs/gplayModernDebug/im/vector/app/features/spaces/manage/RoomSelectionItem.java:18: warning: Unable to read Kotlin metadata due to unsupported metadata version.
public abstract class RoomSelectionItem extends im.vector.app.core.epoxy.VectorEpoxyModel<im.vector.app.features.spaces.manage.RoomSelectionItem.Holder> {
                ^
/home/codenia/Videos/OZ-Chat_Prod_23_Mar_bgNoti_working/OZ-Chat_Prod/20251125_OZ-Chat_Android_App/OZ-Chat_Android_Dev/vector/build/tmp/kapt3/stubs/gplayModernDebug/im/vector/app/features/spaces/manage/RoomSelectionItem.java:18: warning: Unable to read Kotlin metadata due to unsupported metadata kind: null.
public abstract class RoomSelectionItem extends im.vector.app.core.epoxy.VectorEpoxyModel<im.vector.app.features.spaces.manage.RoomSelectionItem.Holder> {
                ^
/home/codenia/Videos/OZ-Chat_Prod_23_Mar_bgNoti_working/OZ-Chat_Prod/20251125_OZ-Chat_Android_App/OZ-Chat_Android_Dev/vector/build/tmp/kapt3/stubs/gplayModernDebug/im/vector/app/features/spaces/manage/RoomManageSelectionItem.java:18: warning: Unable to read Kotlin metadata due to unsupported metadata version.
public abstract class RoomManageSelectionItem extends im.vector.app.core.epoxy.VectorEpoxyModel<im.vector.app.features.spaces.manage.RoomManageSelectionItem.Holder> {
                ^
/home/codenia/Videos/OZ-Chat_Prod_23_Mar_bgNoti_working/OZ-Chat_Prod/20251125_OZ-Chat_Android_App/OZ-Chat_Android_Dev/vector/build/tmp/kapt3/stubs/gplayModernDebug/im/vector/app/features/spaces/manage/RoomManageSelectionItem.java:18: warning: Unable to read Kotlin metadata due to unsupported metadata kind: null.
public abstract class RoomManageSelectionItem extends im.vector.app.core.epoxy.VectorEpoxyModel<im.vector.app.features.spaces.manage.RoomManageSelectionItem.Holder> {
                ^
/home/codenia/Videos/OZ-Chat_Prod_23_Mar_bgNoti_working/OZ-Chat_Prod/20251125_OZ-Chat_Android_App/OZ-Chat_Android_Dev/vector/build/tmp/kapt3/stubs/gplayModernDebug/im/vector/app/features/spaces/NewSubSpaceSummaryItem.java:21: warning: Unable to read Kotlin metadata due to unsupported metadata version.
public abstract class NewSubSpaceSummaryItem extends im.vector.app.core.epoxy.VectorEpoxyModel<im.vector.app.features.spaces.NewSubSpaceSummaryItem.Holder> {
                ^
/home/codenia/Videos/OZ-Chat_Prod_23_Mar_bgNoti_working/OZ-Chat_Prod/20251125_OZ-Chat_Android_App/OZ-Chat_Android_Dev/vector/build/tmp/kapt3/stubs/gplayModernDebug/im/vector/app/features/spaces/NewSubSpaceSummaryItem.java:21: warning: Unable to read Kotlin metadata due to unsupported metadata kind: null.
public abstract class NewSubSpaceSummaryItem extends im.vector.app.core.epoxy.VectorEpoxyModel<im.vector.app.features.spaces.NewSubSpaceSummaryItem.Holder> {
                ^
/home/codenia/Videos/OZ-Chat_Prod_23_Mar_bgNoti_working/OZ-Chat_Prod/20251125_OZ-Chat_Android_App/OZ-Chat_Android_Dev/vector/build/tmp/kapt3/stubs/gplayModernDebug/im/vector/app/features/spaces/NewSpaceSummaryItem.java:19: warning: Unable to read Kotlin metadata due to unsupported metadata version.
public abstract class NewSpaceSummaryItem extends im.vector.app.core.epoxy.VectorEpoxyModel<im.vector.app.features.spaces.NewSpaceSummaryItem.Holder> {
                ^
/home/codenia/Videos/OZ-Chat_Prod_23_Mar_bgNoti_working/OZ-Chat_Prod/20251125_OZ-Chat_Android_App/OZ-Chat_Android_Dev/vector/build/tmp/kapt3/stubs/gplayModernDebug/im/vector/app/features/spaces/NewSpaceSummaryItem.java:19: warning: Unable to read Kotlin metadata due to unsupported metadata kind: null.
public abstract class NewSpaceSummaryItem extends im.vector.app.core.epoxy.VectorEpoxyModel<im.vector.app.features.spaces.NewSpaceSummaryItem.Holder> {
                ^
/home/codenia/Videos/OZ-Chat_Prod_23_Mar_bgNoti_working/OZ-Chat_Prod/20251125_OZ-Chat_Android_App/OZ-Chat_Android_Dev/vector/build/tmp/kapt3/stubs/gplayModernDebug/im/vector/app/features/spaces/SubSpaceSummaryItem.java:20: warning: Unable to read Kotlin metadata due to unsupported metadata version.
public abstract class SubSpaceSummaryItem extends im.vector.app.core.epoxy.VectorEpoxyModel<im.vector.app.features.spaces.SubSpaceSummaryItem.Holder> {
                ^
/home/codenia/Videos/OZ-Chat_Prod_23_Mar_bgNoti_working/OZ-Chat_Prod/20251125_OZ-Chat_Android_App/OZ-Chat_Android_Dev/vector/build/tmp/kapt3/stubs/gplayModernDebug/im/vector/app/features/spaces/SubSpaceSummaryItem.java:20: warning: Unable to read Kotlin metadata due to unsupported metadata kind: null.
public abstract class SubSpaceSummaryItem extends im.vector.app.core.epoxy.VectorEpoxyModel<im.vector.app.features.spaces.SubSpaceSummaryItem.Holder> {
                ^
/home/codenia/Videos/OZ-Chat_Prod_23_Mar_bgNoti_working/OZ-Chat_Prod/20251125_OZ-Chat_Android_App/OZ-Chat_Android_Dev/vector/build/tmp/kapt3/stubs/gplayModernDebug/im/vector/app/features/login/terms/PolicyItem.java:15: warning: Unable to read Kotlin metadata due to unsupported metadata version.
public abstract class PolicyItem extends im.vector.app.core.epoxy.VectorEpoxyModel<im.vector.app.features.login.terms.PolicyItem.Holder> {
                ^
/home/codenia/Videos/OZ-Chat_Prod_23_Mar_bgNoti_working/OZ-Chat_Prod/20251125_OZ-Chat_Android_App/OZ-Chat_Android_Dev/vector/build/tmp/kapt3/stubs/gplayModernDebug/im/vector/app/features/login/terms/PolicyItem.java:15: warning: Unable to read Kotlin metadata due to unsupported metadata kind: null.
public abstract class PolicyItem extends im.vector.app.core.epoxy.VectorEpoxyModel<im.vector.app.features.login.terms.PolicyItem.Holder> {
                ^
/home/codenia/Videos/OZ-Chat_Prod_23_Mar_bgNoti_working/OZ-Chat_Prod/20251125_OZ-Chat_Android_App/OZ-Chat_Android_Dev/vector/build/tmp/kapt3/stubs/gplayModernDebug/im/vector/app/features/crypto/verification/epoxy/BottomSheetVerificationActionItem.java:20: warning: Unable to read Kotlin metadata due to unsupported metadata version.
public abstract class BottomSheetVerificationActionItem extends im.vector.app.core.epoxy.VectorEpoxyModel<im.vector.app.features.crypto.verification.epoxy.BottomSheetVerificationActionItem.Holder> {
                ^
/home/codenia/Videos/OZ-Chat_Prod_23_Mar_bgNoti_working/OZ-Chat_Prod/20251125_OZ-Chat_Android_App/OZ-Chat_Android_Dev/vector/build/tmp/kapt3/stubs/gplayModernDebug/im/vector/app/features/crypto/verification/epoxy/BottomSheetVerificationActionItem.java:20: warning: Unable to read Kotlin metadata due to unsupported metadata kind: null.
public abstract class BottomSheetVerificationActionItem extends im.vector.app.core.epoxy.VectorEpoxyModel<im.vector.app.features.crypto.verification.epoxy.BottomSheetVerificationActionItem.Holder> {
                ^
/home/codenia/Videos/OZ-Chat_Prod_23_Mar_bgNoti_working/OZ-Chat_Prod/20251125_OZ-Chat_Android_App/OZ-Chat_Android_Dev/vector/build/tmp/kapt3/stubs/gplayModernDebug/im/vector/app/features/crypto/verification/epoxy/BottomSheetVerificationDecimalCodeItem.java:15: warning: Unable to read Kotlin metadata due to unsupported metadata version.
public abstract class BottomSheetVerificationDecimalCodeItem extends im.vector.app.core.epoxy.VectorEpoxyModel<im.vector.app.features.crypto.verification.epoxy.BottomSheetVerificationDecimalCodeItem.Holder> {
                ^
/home/codenia/Videos/OZ-Chat_Prod_23_Mar_bgNoti_working/OZ-Chat_Prod/20251125_OZ-Chat_Android_App/OZ-Chat_Android_Dev/vector/build/tmp/kapt3/stubs/gplayModernDebug/im/vector/app/features/crypto/verification/epoxy/BottomSheetVerificationDecimalCodeItem.java:15: warning: Unable to read Kotlin metadata due to unsupported metadata kind: null.
public abstract class BottomSheetVerificationDecimalCodeItem extends im.vector.app.core.epoxy.VectorEpoxyModel<im.vector.app.features.crypto.verification.epoxy.BottomSheetVerificationDecimalCodeItem.Holder> {
                ^
/home/codenia/Videos/OZ-Chat_Prod_23_Mar_bgNoti_working/OZ-Chat_Prod/20251125_OZ-Chat_Android_App/OZ-Chat_Android_Dev/vector/build/tmp/kapt3/stubs/gplayModernDebug/im/vector/app/features/crypto/verification/epoxy/BottomSheetVerificationWaitingItem.java:15: warning: Unable to read Kotlin metadata due to unsupported metadata version.
public abstract class BottomSheetVerificationWaitingItem extends im.vector.app.core.epoxy.VectorEpoxyModel<im.vector.app.features.crypto.verification.epoxy.BottomSheetVerificationWaitingItem.Holder> {
                ^
/home/codenia/Videos/OZ-Chat_Prod_23_Mar_bgNoti_working/OZ-Chat_Prod/20251125_OZ-Chat_Android_App/OZ-Chat_Android_Dev/vector/build/tmp/kapt3/stubs/gplayModernDebug/im/vector/app/features/crypto/verification/epoxy/BottomSheetVerificationWaitingItem.java:15: warning: Unable to read Kotlin metadata due to unsupported metadata kind: null.
public abstract class BottomSheetVerificationWaitingItem extends im.vector.app.core.epoxy.VectorEpoxyModel<im.vector.app.features.crypto.verification.epoxy.BottomSheetVerificationWaitingItem.Holder> {
                ^
/home/codenia/Videos/OZ-Chat_Prod_23_Mar_bgNoti_working/OZ-Chat_Prod/20251125_OZ-Chat_Android_App/OZ-Chat_Android_Dev/vector/build/tmp/kapt3/stubs/gplayModernDebug/im/vector/app/features/crypto/verification/epoxy/BottomSheetVerificationNoticeItem.java:16: warning: Unable to read Kotlin metadata due to unsupported metadata version.
public abstract class BottomSheetVerificationNoticeItem extends im.vector.app.core.epoxy.VectorEpoxyModel<im.vector.app.features.crypto.verification.epoxy.BottomSheetVerificationNoticeItem.Holder> {
                ^
/home/codenia/Videos/OZ-Chat_Prod_23_Mar_bgNoti_working/OZ-Chat_Prod/20251125_OZ-Chat_Android_App/OZ-Chat_Android_Dev/vector/build/tmp/kapt3/stubs/gplayModernDebug/im/vector/app/features/crypto/verification/epoxy/BottomSheetVerificationNoticeItem.java:16: warning: Unable to read Kotlin metadata due to unsupported metadata kind: null.
public abstract class BottomSheetVerificationNoticeItem extends im.vector.app.core.epoxy.VectorEpoxyModel<im.vector.app.features.crypto.verification.epoxy.BottomSheetVerificationNoticeItem.Holder> {
                ^
/home/codenia/Videos/OZ-Chat_Prod_23_Mar_bgNoti_working/OZ-Chat_Prod/20251125_OZ-Chat_Android_App/OZ-Chat_Android_Dev/vector/build/tmp/kapt3/stubs/gplayModernDebug/im/vector/app/features/crypto/verification/epoxy/BottomSheetVerificationQrCodeItem.java:15: warning: Unable to read Kotlin metadata due to unsupported metadata version.
public abstract class BottomSheetVerificationQrCodeItem extends im.vector.app.core.epoxy.VectorEpoxyModel<im.vector.app.features.crypto.verification.epoxy.BottomSheetVerificationQrCodeItem.Holder> {
                ^
/home/codenia/Videos/OZ-Chat_Prod_23_Mar_bgNoti_working/OZ-Chat_Prod/20251125_OZ-Chat_Android_App/OZ-Chat_Android_Dev/vector/build/tmp/kapt3/stubs/gplayModernDebug/im/vector/app/features/crypto/verification/epoxy/BottomSheetVerificationQrCodeItem.java:15: warning: Unable to read Kotlin metadata due to unsupported metadata kind: null.
public abstract class BottomSheetVerificationQrCodeItem extends im.vector.app.core.epoxy.VectorEpoxyModel<im.vector.app.features.crypto.verification.epoxy.BottomSheetVerificationQrCodeItem.Holder> {
                ^
/home/codenia/Videos/OZ-Chat_Prod_23_Mar_bgNoti_working/OZ-Chat_Prod/20251125_OZ-Chat_Android_App/OZ-Chat_Android_Dev/vector/build/tmp/kapt3/stubs/gplayModernDebug/im/vector/app/features/crypto/verification/epoxy/BottomSheetVerificationEmojisItem.java:20: warning: Unable to read Kotlin metadata due to unsupported metadata version.
public abstract class BottomSheetVerificationEmojisItem extends im.vector.app.core.epoxy.VectorEpoxyModel<im.vector.app.features.crypto.verification.epoxy.BottomSheetVerificationEmojisItem.Holder> {
                ^
/home/codenia/Videos/OZ-Chat_Prod_23_Mar_bgNoti_working/OZ-Chat_Prod/20251125_OZ-Chat_Android_App/OZ-Chat_Android_Dev/vector/build/tmp/kapt3/stubs/gplayModernDebug/im/vector/app/features/crypto/verification/epoxy/BottomSheetVerificationEmojisItem.java:20: warning: Unable to read Kotlin metadata due to unsupported metadata kind: null.
public abstract class BottomSheetVerificationEmojisItem extends im.vector.app.core.epoxy.VectorEpoxyModel<im.vector.app.features.crypto.verification.epoxy.BottomSheetVerificationEmojisItem.Holder> {
                ^
/home/codenia/Videos/OZ-Chat_Prod_23_Mar_bgNoti_working/OZ-Chat_Prod/20251125_OZ-Chat_Android_App/OZ-Chat_Android_Dev/vector/build/tmp/kapt3/stubs/gplayModernDebug/im/vector/app/features/crypto/verification/epoxy/BottomSheetVerificationBigImageItem.java:16: warning: Unable to read Kotlin metadata due to unsupported metadata version.
public abstract class BottomSheetVerificationBigImageItem extends im.vector.app.core.epoxy.VectorEpoxyModel<im.vector.app.features.crypto.verification.epoxy.BottomSheetVerificationBigImageItem.Holder> {
                ^
/home/codenia/Videos/OZ-Chat_Prod_23_Mar_bgNoti_working/OZ-Chat_Prod/20251125_OZ-Chat_Android_App/OZ-Chat_Android_Dev/vector/build/tmp/kapt3/stubs/gplayModernDebug/im/vector/app/features/crypto/verification/epoxy/BottomSheetVerificationBigImageItem.java:16: warning: Unable to read Kotlin metadata due to unsupported metadata kind: null.
public abstract class BottomSheetVerificationBigImageItem extends im.vector.app.core.epoxy.VectorEpoxyModel<im.vector.app.features.crypto.verification.epoxy.BottomSheetVerificationBigImageItem.Holder> {
                ^
/home/codenia/Videos/OZ-Chat_Prod_23_Mar_bgNoti_working/OZ-Chat_Prod/20251125_OZ-Chat_Android_App/OZ-Chat_Android_Dev/vector/build/tmp/kapt3/stubs/gplayModernDebug/im/vector/app/features/crypto/keysbackup/settings/KeysBackupSettingFooterItem.java:14: warning: Unable to read Kotlin metadata due to unsupported metadata version.
public abstract class KeysBackupSettingFooterItem extends im.vector.app.core.epoxy.VectorEpoxyModel<im.vector.app.features.crypto.keysbackup.settings.KeysBackupSettingFooterItem.Holder> {
                ^
/home/codenia/Videos/OZ-Chat_Prod_23_Mar_bgNoti_working/OZ-Chat_Prod/20251125_OZ-Chat_Android_App/OZ-Chat_Android_Dev/vector/build/tmp/kapt3/stubs/gplayModernDebug/im/vector/app/features/crypto/keysbackup/settings/KeysBackupSettingFooterItem.java:14: warning: Unable to read Kotlin metadata due to unsupported metadata kind: null.
public abstract class KeysBackupSettingFooterItem extends im.vector.app.core.epoxy.VectorEpoxyModel<im.vector.app.features.crypto.keysbackup.settings.KeysBackupSettingFooterItem.Holder> {
                ^
/home/codenia/Videos/OZ-Chat_Prod_23_Mar_bgNoti_working/OZ-Chat_Prod/20251125_OZ-Chat_Android_App/OZ-Chat_Android_Dev/vector/build/tmp/kapt3/stubs/gplayModernDebug/im/vector/app/features/discovery/SettingsInfoItem.java:15: warning: Unable to read Kotlin metadata due to unsupported metadata version.
public abstract class SettingsInfoItem extends im.vector.app.core.epoxy.VectorEpoxyModel<im.vector.app.features.discovery.SettingsInfoItem.Holder> {
                ^
/home/codenia/Videos/OZ-Chat_Prod_23_Mar_bgNoti_working/OZ-Chat_Prod/20251125_OZ-Chat_Android_App/OZ-Chat_Android_Dev/vector/build/tmp/kapt3/stubs/gplayModernDebug/im/vector/app/features/discovery/SettingsInfoItem.java:15: warning: Unable to read Kotlin metadata due to unsupported metadata kind: null.
public abstract class SettingsInfoItem extends im.vector.app.core.epoxy.VectorEpoxyModel<im.vector.app.features.discovery.SettingsInfoItem.Holder> {
                ^
/home/codenia/Videos/OZ-Chat_Prod_23_Mar_bgNoti_working/OZ-Chat_Prod/20251125_OZ-Chat_Android_App/OZ-Chat_Android_Dev/vector/build/tmp/kapt3/stubs/gplayModernDebug/im/vector/app/features/discovery/SettingsCenteredImageItem.java:13: warning: Unable to read Kotlin metadata due to unsupported metadata version.
public abstract class SettingsCenteredImageItem extends im.vector.app.core.epoxy.VectorEpoxyModel<im.vector.app.features.discovery.SettingsCenteredImageItem.Holder> {
                ^
/home/codenia/Videos/OZ-Chat_Prod_23_Mar_bgNoti_working/OZ-Chat_Prod/20251125_OZ-Chat_Android_App/OZ-Chat_Android_Dev/vector/build/tmp/kapt3/stubs/gplayModernDebug/im/vector/app/features/discovery/SettingsCenteredImageItem.java:13: warning: Unable to read Kotlin metadata due to unsupported metadata kind: null.
public abstract class SettingsCenteredImageItem extends im.vector.app.core.epoxy.VectorEpoxyModel<im.vector.app.features.discovery.SettingsCenteredImageItem.Holder> {
                ^
/home/codenia/Videos/OZ-Chat_Prod_23_Mar_bgNoti_working/OZ-Chat_Prod/20251125_OZ-Chat_Android_App/OZ-Chat_Android_Dev/vector/build/tmp/kapt3/stubs/gplayModernDebug/im/vector/app/features/discovery/SettingsButtonItem.java:16: warning: Unable to read Kotlin metadata due to unsupported metadata version.
public abstract class SettingsButtonItem extends im.vector.app.core.epoxy.VectorEpoxyModel<im.vector.app.features.discovery.SettingsButtonItem.Holder> {
                ^
/home/codenia/Videos/OZ-Chat_Prod_23_Mar_bgNoti_working/OZ-Chat_Prod/20251125_OZ-Chat_Android_App/OZ-Chat_Android_Dev/vector/build/tmp/kapt3/stubs/gplayModernDebug/im/vector/app/features/discovery/SettingsButtonItem.java:16: warning: Unable to read Kotlin metadata due to unsupported metadata kind: null.
public abstract class SettingsButtonItem extends im.vector.app.core.epoxy.VectorEpoxyModel<im.vector.app.features.discovery.SettingsButtonItem.Holder> {
                ^
/home/codenia/Videos/OZ-Chat_Prod_23_Mar_bgNoti_working/OZ-Chat_Prod/20251125_OZ-Chat_Android_App/OZ-Chat_Android_Dev/vector/build/tmp/kapt3/stubs/gplayModernDebug/im/vector/app/features/discovery/SettingsEditTextItem.java:16: warning: Unable to read Kotlin metadata due to unsupported metadata version.
public abstract class SettingsEditTextItem extends im.vector.app.core.epoxy.VectorEpoxyModel<im.vector.app.features.discovery.SettingsEditTextItem.Holder> {
                ^
/home/codenia/Videos/OZ-Chat_Prod_23_Mar_bgNoti_working/OZ-Chat_Prod/20251125_OZ-Chat_Android_App/OZ-Chat_Android_Dev/vector/build/tmp/kapt3/stubs/gplayModernDebug/im/vector/app/features/discovery/SettingsEditTextItem.java:16: warning: Unable to read Kotlin metadata due to unsupported metadata kind: null.
public abstract class SettingsEditTextItem extends im.vector.app.core.epoxy.VectorEpoxyModel<im.vector.app.features.discovery.SettingsEditTextItem.Holder> {
                ^
/home/codenia/Videos/OZ-Chat_Prod_23_Mar_bgNoti_working/OZ-Chat_Prod/20251125_OZ-Chat_Android_App/OZ-Chat_Android_Dev/vector/build/tmp/kapt3/stubs/gplayModernDebug/im/vector/app/features/discovery/SettingsTextButtonSingleLineItem.java:25: warning: Unable to read Kotlin metadata due to unsupported metadata version.
public abstract class SettingsTextButtonSingleLineItem extends im.vector.app.core.epoxy.VectorEpoxyModel<im.vector.app.features.discovery.SettingsTextButtonSingleLineItem.Holder> {
                ^
/home/codenia/Videos/OZ-Chat_Prod_23_Mar_bgNoti_working/OZ-Chat_Prod/20251125_OZ-Chat_Android_App/OZ-Chat_Android_Dev/vector/build/tmp/kapt3/stubs/gplayModernDebug/im/vector/app/features/discovery/SettingsTextButtonSingleLineItem.java:25: warning: Unable to read Kotlin metadata due to unsupported metadata kind: null.
public abstract class SettingsTextButtonSingleLineItem extends im.vector.app.core.epoxy.VectorEpoxyModel<im.vector.app.features.discovery.SettingsTextButtonSingleLineItem.Holder> {
                ^
/home/codenia/Videos/OZ-Chat_Prod_23_Mar_bgNoti_working/OZ-Chat_Prod/20251125_OZ-Chat_Android_App/OZ-Chat_Android_Dev/vector/build/tmp/kapt3/stubs/gplayModernDebug/im/vector/app/features/discovery/SettingsInformationItem.java:13: warning: Unable to read Kotlin metadata due to unsupported metadata version.
public abstract class SettingsInformationItem extends im.vector.app.core.epoxy.VectorEpoxyModel<im.vector.app.features.discovery.SettingsInformationItem.Holder> {
                ^
/home/codenia/Videos/OZ-Chat_Prod_23_Mar_bgNoti_working/OZ-Chat_Prod/20251125_OZ-Chat_Android_App/OZ-Chat_Android_Dev/vector/build/tmp/kapt3/stubs/gplayModernDebug/im/vector/app/features/discovery/SettingsInformationItem.java:13: warning: Unable to read Kotlin metadata due to unsupported metadata kind: null.
public abstract class SettingsInformationItem extends im.vector.app.core.epoxy.VectorEpoxyModel<im.vector.app.features.discovery.SettingsInformationItem.Holder> {
                ^
/home/codenia/Videos/OZ-Chat_Prod_23_Mar_bgNoti_working/OZ-Chat_Prod/20251125_OZ-Chat_Android_App/OZ-Chat_Android_Dev/vector/build/tmp/kapt3/stubs/gplayModernDebug/im/vector/app/features/discovery/SettingsItem.java:15: warning: Unable to read Kotlin metadata due to unsupported metadata version.
public abstract class SettingsItem extends im.vector.app.core.epoxy.VectorEpoxyModel<im.vector.app.features.discovery.SettingsItem.Holder> {
                ^
/home/codenia/Videos/OZ-Chat_Prod_23_Mar_bgNoti_working/OZ-Chat_Prod/20251125_OZ-Chat_Android_App/OZ-Chat_Android_Dev/vector/build/tmp/kapt3/stubs/gplayModernDebug/im/vector/app/features/discovery/SettingsItem.java:15: warning: Unable to read Kotlin metadata due to unsupported metadata kind: null.
public abstract class SettingsItem extends im.vector.app.core.epoxy.VectorEpoxyModel<im.vector.app.features.discovery.SettingsItem.Holder> {
                ^
/home/codenia/Videos/OZ-Chat_Prod_23_Mar_bgNoti_working/OZ-Chat_Prod/20251125_OZ-Chat_Android_App/OZ-Chat_Android_Dev/vector/build/tmp/kapt3/stubs/gplayModernDebug/im/vector/app/features/discovery/SettingsSectionTitleItem.java:13: warning: Unable to read Kotlin metadata due to unsupported metadata version.
public abstract class SettingsSectionTitleItem extends im.vector.app.core.epoxy.VectorEpoxyModel<im.vector.app.features.discovery.SettingsSectionTitleItem.Holder> {
                ^
/home/codenia/Videos/OZ-Chat_Prod_23_Mar_bgNoti_working/OZ-Chat_Prod/20251125_OZ-Chat_Android_App/OZ-Chat_Android_Dev/vector/build/tmp/kapt3/stubs/gplayModernDebug/im/vector/app/features/discovery/SettingsSectionTitleItem.java:13: warning: Unable to read Kotlin metadata due to unsupported metadata kind: null.
public abstract class SettingsSectionTitleItem extends im.vector.app.core.epoxy.VectorEpoxyModel<im.vector.app.features.discovery.SettingsSectionTitleItem.Holder> {
                ^
/home/codenia/Videos/OZ-Chat_Prod_23_Mar_bgNoti_working/OZ-Chat_Prod/20251125_OZ-Chat_Android_App/OZ-Chat_Android_Dev/vector/build/tmp/kapt3/stubs/gplayModernDebug/im/vector/app/features/discovery/SettingsContinueCancelItem.java:13: warning: Unable to read Kotlin metadata due to unsupported metadata version.
public abstract class SettingsContinueCancelItem extends im.vector.app.core.epoxy.VectorEpoxyModel<im.vector.app.features.discovery.SettingsContinueCancelItem.Holder> {
                ^
/home/codenia/Videos/OZ-Chat_Prod_23_Mar_bgNoti_working/OZ-Chat_Prod/20251125_OZ-Chat_Android_App/OZ-Chat_Android_Dev/vector/build/tmp/kapt3/stubs/gplayModernDebug/im/vector/app/features/discovery/SettingsContinueCancelItem.java:13: warning: Unable to read Kotlin metadata due to unsupported metadata kind: null.
public abstract class SettingsContinueCancelItem extends im.vector.app.core.epoxy.VectorEpoxyModel<im.vector.app.features.discovery.SettingsContinueCancelItem.Holder> {
                ^
/home/codenia/Videos/OZ-Chat_Prod_23_Mar_bgNoti_working/OZ-Chat_Prod/20251125_OZ-Chat_Android_App/OZ-Chat_Android_Dev/vector/build/tmp/kapt3/stubs/gplayModernDebug/im/vector/app/features/discovery/DiscoveryPolicyItem.java:13: warning: Unable to read Kotlin metadata due to unsupported metadata version.
public abstract class DiscoveryPolicyItem extends im.vector.app.core.epoxy.VectorEpoxyModel<im.vector.app.features.discovery.DiscoveryPolicyItem.Holder> {
                ^
/home/codenia/Videos/OZ-Chat_Prod_23_Mar_bgNoti_working/OZ-Chat_Prod/20251125_OZ-Chat_Android_App/OZ-Chat_Android_Dev/vector/build/tmp/kapt3/stubs/gplayModernDebug/im/vector/app/features/discovery/DiscoveryPolicyItem.java:13: warning: Unable to read Kotlin metadata due to unsupported metadata kind: null.
public abstract class DiscoveryPolicyItem extends im.vector.app.core.epoxy.VectorEpoxyModel<im.vector.app.features.discovery.DiscoveryPolicyItem.Holder> {
                ^
/home/codenia/Videos/OZ-Chat_Prod_23_Mar_bgNoti_working/OZ-Chat_Prod/20251125_OZ-Chat_Android_App/OZ-Chat_Android_Dev/vector/build/tmp/kapt3/stubs/gplayModernDebug/im/vector/app/features/terms/TermItem.java:15: warning: Unable to read Kotlin metadata due to unsupported metadata version.
public abstract class TermItem extends im.vector.app.core.epoxy.VectorEpoxyModel<im.vector.app.features.terms.TermItem.Holder> {
                ^
/home/codenia/Videos/OZ-Chat_Prod_23_Mar_bgNoti_working/OZ-Chat_Prod/20251125_OZ-Chat_Android_App/OZ-Chat_Android_Dev/vector/build/tmp/kapt3/stubs/gplayModernDebug/im/vector/app/features/terms/TermItem.java:15: warning: Unable to read Kotlin metadata due to unsupported metadata kind: null.
public abstract class TermItem extends im.vector.app.core.epoxy.VectorEpoxyModel<im.vector.app.features.terms.TermItem.Holder> {
                ^
/home/codenia/Videos/OZ-Chat_Prod_23_Mar_bgNoti_working/OZ-Chat_Prod/20251125_OZ-Chat_Android_App/OZ-Chat_Android_Dev/vector/build/tmp/kapt3/stubs/gplayModernDebug/im/vector/app/features/roomdirectory/PublicRoomItem.java:19: warning: Unable to read Kotlin metadata due to unsupported metadata version.
public abstract class PublicRoomItem extends im.vector.app.core.epoxy.VectorEpoxyModel<im.vector.app.features.roomdirectory.PublicRoomItem.Holder> {
                ^
/home/codenia/Videos/OZ-Chat_Prod_23_Mar_bgNoti_working/OZ-Chat_Prod/20251125_OZ-Chat_Android_App/OZ-Chat_Android_Dev/vector/build/tmp/kapt3/stubs/gplayModernDebug/im/vector/app/features/roomdirectory/PublicRoomItem.java:19: warning: Unable to read Kotlin metadata due to unsupported metadata kind: null.
public abstract class PublicRoomItem extends im.vector.app.core.epoxy.VectorEpoxyModel<im.vector.app.features.roomdirectory.PublicRoomItem.Holder> {
                ^
/home/codenia/Videos/OZ-Chat_Prod_23_Mar_bgNoti_working/OZ-Chat_Prod/20251125_OZ-Chat_Android_App/OZ-Chat_Android_Dev/vector/build/tmp/kapt3/stubs/gplayModernDebug/im/vector/app/features/roomdirectory/picker/RoomDirectoryItem.java:17: warning: Unable to read Kotlin metadata due to unsupported metadata version.
public abstract class RoomDirectoryItem extends im.vector.app.core.epoxy.VectorEpoxyModel<im.vector.app.features.roomdirectory.picker.RoomDirectoryItem.Holder> {
                ^
/home/codenia/Videos/OZ-Chat_Prod_23_Mar_bgNoti_working/OZ-Chat_Prod/20251125_OZ-Chat_Android_App/OZ-Chat_Android_Dev/vector/build/tmp/kapt3/stubs/gplayModernDebug/im/vector/app/features/roomdirectory/picker/RoomDirectoryItem.java:17: warning: Unable to read Kotlin metadata due to unsupported metadata kind: null.
public abstract class RoomDirectoryItem extends im.vector.app.core.epoxy.VectorEpoxyModel<im.vector.app.features.roomdirectory.picker.RoomDirectoryItem.Holder> {
                ^
/home/codenia/Videos/OZ-Chat_Prod_23_Mar_bgNoti_working/OZ-Chat_Prod/20251125_OZ-Chat_Android_App/OZ-Chat_Android_Dev/vector/build/tmp/kapt3/stubs/gplayModernDebug/im/vector/app/features/roomdirectory/picker/RoomDirectoryServerItem.java:14: warning: Unable to read Kotlin metadata due to unsupported metadata version.
public abstract class RoomDirectoryServerItem extends im.vector.app.core.epoxy.VectorEpoxyModel<im.vector.app.features.roomdirectory.picker.RoomDirectoryServerItem.Holder> {
                ^
/home/codenia/Videos/OZ-Chat_Prod_23_Mar_bgNoti_working/OZ-Chat_Prod/20251125_OZ-Chat_Android_App/OZ-Chat_Android_Dev/vector/build/tmp/kapt3/stubs/gplayModernDebug/im/vector/app/features/roomdirectory/picker/RoomDirectoryServerItem.java:14: warning: Unable to read Kotlin metadata due to unsupported metadata kind: null.
public abstract class RoomDirectoryServerItem extends im.vector.app.core.epoxy.VectorEpoxyModel<im.vector.app.features.roomdirectory.picker.RoomDirectoryServerItem.Holder> {
                ^
Note: [1] Wrote GeneratedAppGlideModule with: [com.bumptech.glide.integration.okhttp3.OkHttpLibraryGlideModule]
Invalidating in-memory cache of /home/codenia/Videos/OZ-Chat_Prod_23_Mar_bgNoti_working/OZ-Chat_Prod/20251125_OZ-Chat_Android_App/OZ-Chat_Android_Dev/.gradle/8.14.3/fileHashes/fileHashes.bin
Invalidating in-memory cache of /home/codenia/Videos/OZ-Chat_Prod_23_Mar_bgNoti_working/OZ-Chat_Prod/20251125_OZ-Chat_Android_App/OZ-Chat_Android_Dev/.gradle/8.14.3/fileHashes/resourceHashesCache.bin
Invalidating in-memory cache of /home/codenia/.gradle/caches/journal-1/file-access.bin
Stored cache entry for task ':vector:kaptGplayModernDebugKotlin' with cache key 355b308c27bebb867d2ed69a3d9e0028
Invalidating in-memory cache of /home/codenia/Videos/OZ-Chat_Prod_23_Mar_bgNoti_working/OZ-Chat_Prod/20251125_OZ-Chat_Android_App/OZ-Chat_Android_Dev/.gradle/8.14.3/executionHistory/executionHistory.bin
Invalidating in-memory cache of /home/codenia/Videos/OZ-Chat_Prod_23_Mar_bgNoti_working/OZ-Chat_Prod/20251125_OZ-Chat_Android_App/OZ-Chat_Android_Dev/.gradle/buildOutputCleanup/outputFiles.bin
=============================== Gradle Doctor Prescriptions ============================================
| JAVA_HOME is not set.                                                                                |
| Please set JAVA_HOME so that switching between Android Studio and the terminal does not trigger a fu |
| ll rebuild.                                                                                          |
| To set JAVA_HOME: (using bash)                                                                       |
| echo "export JAVA_HOME=$(/usr/libexec/java_home)" >> ~/.bash_profile                                 |
| or `~/.zshrc` if using zsh.                                                                          |
|                                                                                                      |
| Here's an extra message to show.                                                                     |
|                                                                                                      |
========================================================================================================
| Gradle is not using JAVA_HOME.                                                                       |
| JAVA_HOME is null                                                                                    |
| Gradle is using /usr/lib/jvm/java-21-openjdk-amd64                                                   |
| This can slow down your build significantly when switching from Android Studio to the terminal.      |
| To fix: Project Structure -> JDK Location.                                                           |
| Set this to your JAVA_HOME.                                                                          |
|                                                                                                      |
| Here's an extra message to show.                                                                     |
|                                                                                                      |
========================================================================================================
Build 53baf8bb-2628-432a-8d53-c2b9bcc02632 is closed

[Incubating] Problems report is available at: file:///home/codenia/Videos/OZ-Chat_Prod_23_Mar_bgNoti_working/OZ-Chat_Prod/20251125_OZ-Chat_Android_App/OZ-Chat_Android_Dev/build/reports/problems/problems-report.html

Deprecated Gradle features were used in this build, making it incompatible with Gradle 9.0.

You can use '--warning-mode all' to show the individual deprecation warnings and determine if they come from your own scripts or plugins.

For more on this, please refer to https://docs.gradle.org/8.14.3/userguide/command_line_interface.html#sec:command_line_warnings in the Gradle documentation.

BUILD SUCCESSFUL in 2m 46s
170 actionable tasks: 27 executed, 143 from cache
